ISO-10303-21;
HEADER;
/* Generated by software containing ST-Developer
 * from STEP Tools, Inc. (www.steptools.com) 
 */

FILE_DESCRIPTION(
/* description */ ('www.sandalj.si'),
/* implementation_level */ '2;1');

FILE_NAME(
/* name */ 'E:\\Documents\\Inventor\\Laser\\DSUB7W2S-F\\DSUB7W2SF.stp',

/* time_stamp */ '2021-04-24T07:23:21+02:00',
/* author */ ('mag. Sa\X2\0161\X0\o Sandalj'),
/* organization */ ('EM d.o.o.'),
/* preprocessor_version */ 'ST-DEVELOPER v18.1',
/* originating_system */ 'Autodesk Inventor 2021',
/* authorisation */ '');

FILE_SCHEMA (('AUTOMOTIVE_DESIGN { 1 0 10303 214 3 1 1 }'));
ENDSEC;

DATA;
#10=MECHANICAL_DESIGN_GEOMETRIC_PRESENTATION_REPRESENTATION('',(#103,#104,
#105,#106,#107,#108,#109,#110,#111),#13769);
#11=ITEM_DEFINED_TRANSFORMATION($,$,#7642,#8518);
#12=ITEM_DEFINED_TRANSFORMATION($,$,#7998,#8519);
#13=ITEM_DEFINED_TRANSFORMATION($,$,#7998,#8520);
#14=ITEM_DEFINED_TRANSFORMATION($,$,#8034,#8521);
#15=ITEM_DEFINED_TRANSFORMATION($,$,#8296,#8522);
#16=ITEM_DEFINED_TRANSFORMATION($,$,#8296,#8523);
#17=ITEM_DEFINED_TRANSFORMATION($,$,#8374,#8524);
#18=ITEM_DEFINED_TRANSFORMATION($,$,#8374,#8525);
#19=ITEM_DEFINED_TRANSFORMATION($,$,#8446,#8526);
#20=ITEM_DEFINED_TRANSFORMATION($,$,#8446,#8527);
#21=ITEM_DEFINED_TRANSFORMATION($,$,#8446,#8528);
#22=(
REPRESENTATION_RELATIONSHIP($,$,#13800,#13799)
REPRESENTATION_RELATIONSHIP_WITH_TRANSFORMATION(#11)
SHAPE_REPRESENTATION_RELATIONSHIP()
);
#23=(
REPRESENTATION_RELATIONSHIP($,$,#13801,#13799)
REPRESENTATION_RELATIONSHIP_WITH_TRANSFORMATION(#12)
SHAPE_REPRESENTATION_RELATIONSHIP()
);
#24=(
REPRESENTATION_RELATIONSHIP($,$,#13801,#13799)
REPRESENTATION_RELATIONSHIP_WITH_TRANSFORMATION(#13)
SHAPE_REPRESENTATION_RELATIONSHIP()
);
#25=(
REPRESENTATION_RELATIONSHIP($,$,#13802,#13799)
REPRESENTATION_RELATIONSHIP_WITH_TRANSFORMATION(#14)
SHAPE_REPRESENTATION_RELATIONSHIP()
);
#26=(
REPRESENTATION_RELATIONSHIP($,$,#13803,#13799)
REPRESENTATION_RELATIONSHIP_WITH_TRANSFORMATION(#15)
SHAPE_REPRESENTATION_RELATIONSHIP()
);
#27=(
REPRESENTATION_RELATIONSHIP($,$,#13803,#13799)
REPRESENTATION_RELATIONSHIP_WITH_TRANSFORMATION(#16)
SHAPE_REPRESENTATION_RELATIONSHIP()
);
#28=(
REPRESENTATION_RELATIONSHIP($,$,#13804,#13799)
REPRESENTATION_RELATIONSHIP_WITH_TRANSFORMATION(#17)
SHAPE_REPRESENTATION_RELATIONSHIP()
);
#29=(
REPRESENTATION_RELATIONSHIP($,$,#13804,#13799)
REPRESENTATION_RELATIONSHIP_WITH_TRANSFORMATION(#18)
SHAPE_REPRESENTATION_RELATIONSHIP()
);
#30=(
REPRESENTATION_RELATIONSHIP($,$,#13805,#13799)
REPRESENTATION_RELATIONSHIP_WITH_TRANSFORMATION(#19)
SHAPE_REPRESENTATION_RELATIONSHIP()
);
#31=(
REPRESENTATION_RELATIONSHIP($,$,#13805,#13799)
REPRESENTATION_RELATIONSHIP_WITH_TRANSFORMATION(#20)
SHAPE_REPRESENTATION_RELATIONSHIP()
);
#32=(
REPRESENTATION_RELATIONSHIP($,$,#13805,#13799)
REPRESENTATION_RELATIONSHIP_WITH_TRANSFORMATION(#21)
SHAPE_REPRESENTATION_RELATIONSHIP()
);
#33=CONTEXT_DEPENDENT_SHAPE_REPRESENTATION(#22,#13788);
#34=CONTEXT_DEPENDENT_SHAPE_REPRESENTATION(#23,#13789);
#35=CONTEXT_DEPENDENT_SHAPE_REPRESENTATION(#24,#13790);
#36=CONTEXT_DEPENDENT_SHAPE_REPRESENTATION(#25,#13791);
#37=CONTEXT_DEPENDENT_SHAPE_REPRESENTATION(#26,#13792);
#38=CONTEXT_DEPENDENT_SHAPE_REPRESENTATION(#27,#13793);
#39=CONTEXT_DEPENDENT_SHAPE_REPRESENTATION(#28,#13794);
#40=CONTEXT_DEPENDENT_SHAPE_REPRESENTATION(#29,#13795);
#41=CONTEXT_DEPENDENT_SHAPE_REPRESENTATION(#30,#13796);
#42=CONTEXT_DEPENDENT_SHAPE_REPRESENTATION(#31,#13797);
#43=CONTEXT_DEPENDENT_SHAPE_REPRESENTATION(#32,#13798);
#44=NEXT_ASSEMBLY_USAGE_OCCURRENCE('DSUB7W2SF.0001:1',
'DSUB7W2SF.0001:1','DSUB7W2SF.0001:1',#13807,#13808,'DSUB7W2SF.0001:1');
#45=NEXT_ASSEMBLY_USAGE_OCCURRENCE('DSUB7W2SF.4-40:1',
'DSUB7W2SF.4-40:1','DSUB7W2SF.4-40:1',#13807,#13809,'DSUB7W2SF.4-40:1');
#46=NEXT_ASSEMBLY_USAGE_OCCURRENCE('DSUB7W2SF.4-40:2',
'DSUB7W2SF.4-40:2','DSUB7W2SF.4-40:2',#13807,#13809,'DSUB7W2SF.4-40:2');
#47=NEXT_ASSEMBLY_USAGE_OCCURRENCE('DSUB7W2SF.0002:1',
'DSUB7W2SF.0002:1','DSUB7W2SF.0002:1',#13807,#13810,'DSUB7W2SF.0002:1');
#48=NEXT_ASSEMBLY_USAGE_OCCURRENCE('DSUB7W2SF.CN-B:1',
'DSUB7W2SF.CN-B:1','DSUB7W2SF.CN-B:1',#13807,#13811,'DSUB7W2SF.CN-B:1');
#49=NEXT_ASSEMBLY_USAGE_OCCURRENCE('DSUB7W2SF.CN-B:2',
'DSUB7W2SF.CN-B:2','DSUB7W2SF.CN-B:2',#13807,#13811,'DSUB7W2SF.CN-B:2');
#50=NEXT_ASSEMBLY_USAGE_OCCURRENCE('DSUB7W2SF.CN-H:1',
'DSUB7W2SF.CN-H:1','DSUB7W2SF.CN-H:1',#13807,#13812,'DSUB7W2SF.CN-H:1');
#51=NEXT_ASSEMBLY_USAGE_OCCURRENCE('DSUB7W2SF.CN-H:2',
'DSUB7W2SF.CN-H:2','DSUB7W2SF.CN-H:2',#13807,#13812,'DSUB7W2SF.CN-H:2');
#52=NEXT_ASSEMBLY_USAGE_OCCURRENCE('DSUB7W2SF.CN-L:1',
'DSUB7W2SF.CN-L:1','DSUB7W2SF.CN-L:1',#13807,#13813,'DSUB7W2SF.CN-L:1');
#53=NEXT_ASSEMBLY_USAGE_OCCURRENCE('DSUB7W2SF.CN-L:2',
'DSUB7W2SF.CN-L:2','DSUB7W2SF.CN-L:2',#13807,#13813,'DSUB7W2SF.CN-L:2');
#54=NEXT_ASSEMBLY_USAGE_OCCURRENCE('DSUB7W2SF.CN-L:3',
'DSUB7W2SF.CN-L:3','DSUB7W2SF.CN-L:3',#13807,#13813,'DSUB7W2SF.CN-L:3');
#55=(
BOUNDED_CURVE()
B_SPLINE_CURVE(2,(#11922,#11923,#11924),.UNSPECIFIED.,.F.,.F.)
B_SPLINE_CURVE_WITH_KNOTS((3,3),(0.244841552693958,0.613257120730804),
 .UNSPECIFIED.)
CURVE()
GEOMETRIC_REPRESENTATION_ITEM()
RATIONAL_B_SPLINE_CURVE((1.40783384058041,1.59216615941959,1.40783384058041))
REPRESENTATION_ITEM('')
);
#56=(
BOUNDED_CURVE()
B_SPLINE_CURVE(2,(#11943,#11944,#11945),.UNSPECIFIED.,.F.,.F.)
B_SPLINE_CURVE_WITH_KNOTS((3,3),(0.244841552693959,0.613257120730805),
 .UNSPECIFIED.)
CURVE()
GEOMETRIC_REPRESENTATION_ITEM()
RATIONAL_B_SPLINE_CURVE((1.40783384058042,1.59216615941959,1.40783384058041))
REPRESENTATION_ITEM('')
);
#57=(
BOUNDED_CURVE()
B_SPLINE_CURVE(2,(#11958,#11959,#11960),.UNSPECIFIED.,.F.,.F.)
B_SPLINE_CURVE_WITH_KNOTS((3,3),(0.244841552693958,0.613257120730805),
 .UNSPECIFIED.)
CURVE()
GEOMETRIC_REPRESENTATION_ITEM()
RATIONAL_B_SPLINE_CURVE((1.40783384058042,1.59216615941959,1.40783384058042))
REPRESENTATION_ITEM('')
);
#58=(
BOUNDED_CURVE()
B_SPLINE_CURVE(2,(#11973,#11974,#11975),.UNSPECIFIED.,.F.,.F.)
B_SPLINE_CURVE_WITH_KNOTS((3,3),(0.244841552693956,0.613257120730803),
 .UNSPECIFIED.)
CURVE()
GEOMETRIC_REPRESENTATION_ITEM()
RATIONAL_B_SPLINE_CURVE((1.40783384058041,1.59216615941959,1.40783384058042))
REPRESENTATION_ITEM('')
);
#59=(
BOUNDED_CURVE()
B_SPLINE_CURVE(2,(#11988,#11989,#11990),.UNSPECIFIED.,.F.,.F.)
B_SPLINE_CURVE_WITH_KNOTS((3,3),(0.244841552693956,0.613257120730801),
 .UNSPECIFIED.)
CURVE()
GEOMETRIC_REPRESENTATION_ITEM()
RATIONAL_B_SPLINE_CURVE((1.40783384058041,1.59216615941958,1.40783384058041))
REPRESENTATION_ITEM('')
);
#60=(
BOUNDED_CURVE()
B_SPLINE_CURVE(2,(#12002,#12003,#12004),.UNSPECIFIED.,.F.,.F.)
B_SPLINE_CURVE_WITH_KNOTS((3,3),(0.244841552693957,0.613257120730802),
 .UNSPECIFIED.)
CURVE()
GEOMETRIC_REPRESENTATION_ITEM()
RATIONAL_B_SPLINE_CURVE((1.40783384058041,1.59216615941958,1.40783384058041))
REPRESENTATION_ITEM('')
);
#61=(
BOUNDED_CURVE()
B_SPLINE_CURVE(2,(#12018,#12019,#12020),.UNSPECIFIED.,.F.,.F.)
B_SPLINE_CURVE_WITH_KNOTS((3,3),(0.244841552693956,0.613257120730801),
 .UNSPECIFIED.)
CURVE()
GEOMETRIC_REPRESENTATION_ITEM()
RATIONAL_B_SPLINE_CURVE((1.40783384058041,1.59216615941959,1.40783384058041))
REPRESENTATION_ITEM('')
);
#62=(
BOUNDED_CURVE()
B_SPLINE_CURVE(2,(#12033,#12034,#12035),.UNSPECIFIED.,.F.,.F.)
B_SPLINE_CURVE_WITH_KNOTS((3,3),(0.244841552693957,0.613257120730801),
 .UNSPECIFIED.)
CURVE()
GEOMETRIC_REPRESENTATION_ITEM()
RATIONAL_B_SPLINE_CURVE((1.40783384058041,1.59216615941958,1.40783384058041))
REPRESENTATION_ITEM('')
);
#63=(
BOUNDED_CURVE()
B_SPLINE_CURVE(2,(#12048,#12049,#12050),.UNSPECIFIED.,.F.,.F.)
B_SPLINE_CURVE_WITH_KNOTS((3,3),(0.244841552693959,0.613257120730804),
 .UNSPECIFIED.)
CURVE()
GEOMETRIC_REPRESENTATION_ITEM()
RATIONAL_B_SPLINE_CURVE((1.40783384058041,1.59216615941958,1.40783384058041))
REPRESENTATION_ITEM('')
);
#64=(
BOUNDED_CURVE()
B_SPLINE_CURVE(2,(#12063,#12064,#12065),.UNSPECIFIED.,.F.,.F.)
B_SPLINE_CURVE_WITH_KNOTS((3,3),(0.244841552693958,0.613257120730805),
 .UNSPECIFIED.)
CURVE()
GEOMETRIC_REPRESENTATION_ITEM()
RATIONAL_B_SPLINE_CURVE((1.40783384058042,1.59216615941959,1.40783384058041))
REPRESENTATION_ITEM('')
);
#65=(
BOUNDED_CURVE()
B_SPLINE_CURVE(2,(#12078,#12079,#12080),.UNSPECIFIED.,.F.,.F.)
B_SPLINE_CURVE_WITH_KNOTS((3,3),(0.244841552693958,0.613257120730804),
 .UNSPECIFIED.)
CURVE()
GEOMETRIC_REPRESENTATION_ITEM()
RATIONAL_B_SPLINE_CURVE((1.40783384058042,1.59216615941959,1.40783384058042))
REPRESENTATION_ITEM('')
);
#66=(
BOUNDED_CURVE()
B_SPLINE_CURVE(2,(#12093,#12094,#12095),.UNSPECIFIED.,.F.,.F.)
B_SPLINE_CURVE_WITH_KNOTS((3,3),(0.244841552693956,0.613257120730802),
 .UNSPECIFIED.)
CURVE()
GEOMETRIC_REPRESENTATION_ITEM()
RATIONAL_B_SPLINE_CURVE((1.40783384058041,1.59216615941959,1.40783384058042))
REPRESENTATION_ITEM('')
);
#67=(
BOUNDED_CURVE()
B_SPLINE_CURVE(2,(#13172,#13173,#13174),.UNSPECIFIED.,.F.,.F.)
B_SPLINE_CURVE_WITH_KNOTS((3,3),(0.,0.115180246604522),.UNSPECIFIED.)
CURVE()
GEOMETRIC_REPRESENTATION_ITEM()
RATIONAL_B_SPLINE_CURVE((1.,1.00139179878495,1.))
REPRESENTATION_ITEM('')
);
#68=(
BOUNDED_CURVE()
B_SPLINE_CURVE(2,(#13185,#13186,#13187),.UNSPECIFIED.,.F.,.F.)
B_SPLINE_CURVE_WITH_KNOTS((3,3),(0.,0.115180246604522),.UNSPECIFIED.)
CURVE()
GEOMETRIC_REPRESENTATION_ITEM()
RATIONAL_B_SPLINE_CURVE((1.,1.00139179878673,1.))
REPRESENTATION_ITEM('')
);
#69=(
BOUNDED_CURVE()
B_SPLINE_CURVE(2,(#13198,#13199,#13200),.UNSPECIFIED.,.F.,.F.)
B_SPLINE_CURVE_WITH_KNOTS((3,3),(0.,0.115180246604522),.UNSPECIFIED.)
CURVE()
GEOMETRIC_REPRESENTATION_ITEM()
RATIONAL_B_SPLINE_CURVE((1.,1.00139179878287,1.))
REPRESENTATION_ITEM('')
);
#70=(
BOUNDED_CURVE()
B_SPLINE_CURVE(2,(#13211,#13212,#13213),.UNSPECIFIED.,.F.,.F.)
B_SPLINE_CURVE_WITH_KNOTS((3,3),(0.,0.115180246604522),.UNSPECIFIED.)
CURVE()
GEOMETRIC_REPRESENTATION_ITEM()
RATIONAL_B_SPLINE_CURVE((1.,1.00139179878109,1.))
REPRESENTATION_ITEM('')
);
#71=(
BOUNDED_CURVE()
B_SPLINE_CURVE(2,(#13244,#13245,#13246),.UNSPECIFIED.,.F.,.F.)
B_SPLINE_CURVE_WITH_KNOTS((3,3),(0.,0.115180246604522),.UNSPECIFIED.)
CURVE()
GEOMETRIC_REPRESENTATION_ITEM()
RATIONAL_B_SPLINE_CURVE((1.,1.00139179878495,1.))
REPRESENTATION_ITEM('')
);
#72=(
BOUNDED_CURVE()
B_SPLINE_CURVE(2,(#13256,#13257,#13258),.UNSPECIFIED.,.F.,.F.)
B_SPLINE_CURVE_WITH_KNOTS((3,3),(0.,0.115180246604522),.UNSPECIFIED.)
CURVE()
GEOMETRIC_REPRESENTATION_ITEM()
RATIONAL_B_SPLINE_CURVE((1.,1.00139179878258,1.))
REPRESENTATION_ITEM('')
);
#73=(
BOUNDED_CURVE()
B_SPLINE_CURVE(2,(#13266,#13267,#13268),.UNSPECIFIED.,.F.,.F.)
B_SPLINE_CURVE_WITH_KNOTS((3,3),(0.,0.115180246604522),.UNSPECIFIED.)
CURVE()
GEOMETRIC_REPRESENTATION_ITEM()
RATIONAL_B_SPLINE_CURVE((1.,1.00139179878495,1.))
REPRESENTATION_ITEM('')
);
#74=(
BOUNDED_CURVE()
B_SPLINE_CURVE(2,(#13276,#13277,#13278),.UNSPECIFIED.,.F.,.F.)
B_SPLINE_CURVE_WITH_KNOTS((3,3),(0.,0.115180246604522),.UNSPECIFIED.)
CURVE()
GEOMETRIC_REPRESENTATION_ITEM()
RATIONAL_B_SPLINE_CURVE((1.,1.00139179878525,1.))
REPRESENTATION_ITEM('')
);
#75=(
BOUNDED_CURVE()
B_SPLINE_CURVE(2,(#13369,#13370,#13371),.UNSPECIFIED.,.F.,.F.)
B_SPLINE_CURVE_WITH_KNOTS((3,3),(0.,0.040035963890488),.UNSPECIFIED.)
CURVE()
GEOMETRIC_REPRESENTATION_ITEM()
RATIONAL_B_SPLINE_CURVE((1.,1.01428937614325,1.))
REPRESENTATION_ITEM('')
);
#76=(
BOUNDED_CURVE()
B_SPLINE_CURVE(2,(#13382,#13383,#13384),.UNSPECIFIED.,.F.,.F.)
B_SPLINE_CURVE_WITH_KNOTS((3,3),(0.,0.040035963890488),.UNSPECIFIED.)
CURVE()
GEOMETRIC_REPRESENTATION_ITEM()
RATIONAL_B_SPLINE_CURVE((1.,1.01428937614325,1.))
REPRESENTATION_ITEM('')
);
#77=(
BOUNDED_CURVE()
B_SPLINE_CURVE(2,(#13395,#13396,#13397),.UNSPECIFIED.,.F.,.F.)
B_SPLINE_CURVE_WITH_KNOTS((3,3),(0.,0.040035963890488),.UNSPECIFIED.)
CURVE()
GEOMETRIC_REPRESENTATION_ITEM()
RATIONAL_B_SPLINE_CURVE((1.,1.01428937614325,1.))
REPRESENTATION_ITEM('')
);
#78=(
BOUNDED_CURVE()
B_SPLINE_CURVE(2,(#13408,#13409,#13410),.UNSPECIFIED.,.F.,.F.)
B_SPLINE_CURVE_WITH_KNOTS((3,3),(0.,0.040035963890488),.UNSPECIFIED.)
CURVE()
GEOMETRIC_REPRESENTATION_ITEM()
RATIONAL_B_SPLINE_CURVE((1.,1.01428937614325,1.))
REPRESENTATION_ITEM('')
);
#79=(
BOUNDED_CURVE()
B_SPLINE_CURVE(2,(#13419,#13420,#13421),.UNSPECIFIED.,.F.,.F.)
B_SPLINE_CURVE_WITH_KNOTS((3,3),(0.,0.040035963890488),.UNSPECIFIED.)
CURVE()
GEOMETRIC_REPRESENTATION_ITEM()
RATIONAL_B_SPLINE_CURVE((1.,1.01428937614325,1.))
REPRESENTATION_ITEM('')
);
#80=(
BOUNDED_CURVE()
B_SPLINE_CURVE(2,(#13432,#13433,#13434),.UNSPECIFIED.,.F.,.F.)
B_SPLINE_CURVE_WITH_KNOTS((3,3),(0.,0.040035963890488),.UNSPECIFIED.)
CURVE()
GEOMETRIC_REPRESENTATION_ITEM()
RATIONAL_B_SPLINE_CURVE((1.,1.01428937614325,1.))
REPRESENTATION_ITEM('')
);
#81=(
BOUNDED_CURVE()
B_SPLINE_CURVE(2,(#13445,#13446,#13447),.UNSPECIFIED.,.F.,.F.)
B_SPLINE_CURVE_WITH_KNOTS((3,3),(0.,0.040035963890488),.UNSPECIFIED.)
CURVE()
GEOMETRIC_REPRESENTATION_ITEM()
RATIONAL_B_SPLINE_CURVE((1.,1.01428937614325,1.))
REPRESENTATION_ITEM('')
);
#82=(
BOUNDED_CURVE()
B_SPLINE_CURVE(2,(#13458,#13459,#13460),.UNSPECIFIED.,.F.,.F.)
B_SPLINE_CURVE_WITH_KNOTS((3,3),(0.,0.040035963890488),.UNSPECIFIED.)
CURVE()
GEOMETRIC_REPRESENTATION_ITEM()
RATIONAL_B_SPLINE_CURVE((1.,1.01428937614325,1.))
REPRESENTATION_ITEM('')
);
#83=(
BOUNDED_CURVE()
B_SPLINE_CURVE(2,(#13561,#13562,#13563),.UNSPECIFIED.,.F.,.F.)
B_SPLINE_CURVE_WITH_KNOTS((3,3),(0.,0.040035963890488),.UNSPECIFIED.)
CURVE()
GEOMETRIC_REPRESENTATION_ITEM()
RATIONAL_B_SPLINE_CURVE((1.,1.01428937614325,1.))
REPRESENTATION_ITEM('')
);
#84=(
BOUNDED_CURVE()
B_SPLINE_CURVE(2,(#13574,#13575,#13576),.UNSPECIFIED.,.F.,.F.)
B_SPLINE_CURVE_WITH_KNOTS((3,3),(0.,0.040035963890488),.UNSPECIFIED.)
CURVE()
GEOMETRIC_REPRESENTATION_ITEM()
RATIONAL_B_SPLINE_CURVE((1.,1.01428937614325,1.))
REPRESENTATION_ITEM('')
);
#85=(
BOUNDED_CURVE()
B_SPLINE_CURVE(2,(#13587,#13588,#13589),.UNSPECIFIED.,.F.,.F.)
B_SPLINE_CURVE_WITH_KNOTS((3,3),(0.,0.040035963890488),.UNSPECIFIED.)
CURVE()
GEOMETRIC_REPRESENTATION_ITEM()
RATIONAL_B_SPLINE_CURVE((1.,1.01428937614325,1.))
REPRESENTATION_ITEM('')
);
#86=(
BOUNDED_CURVE()
B_SPLINE_CURVE(2,(#13600,#13601,#13602),.UNSPECIFIED.,.F.,.F.)
B_SPLINE_CURVE_WITH_KNOTS((3,3),(0.,0.040035963890488),.UNSPECIFIED.)
CURVE()
GEOMETRIC_REPRESENTATION_ITEM()
RATIONAL_B_SPLINE_CURVE((1.,1.01428937614325,1.))
REPRESENTATION_ITEM('')
);
#87=(
BOUNDED_CURVE()
B_SPLINE_CURVE(2,(#13611,#13612,#13613),.UNSPECIFIED.,.F.,.F.)
B_SPLINE_CURVE_WITH_KNOTS((3,3),(0.,0.040035963890488),.UNSPECIFIED.)
CURVE()
GEOMETRIC_REPRESENTATION_ITEM()
RATIONAL_B_SPLINE_CURVE((1.,1.01428937614325,1.))
REPRESENTATION_ITEM('')
);
#88=(
BOUNDED_CURVE()
B_SPLINE_CURVE(2,(#13624,#13625,#13626),.UNSPECIFIED.,.F.,.F.)
B_SPLINE_CURVE_WITH_KNOTS((3,3),(0.,0.040035963890488),.UNSPECIFIED.)
CURVE()
GEOMETRIC_REPRESENTATION_ITEM()
RATIONAL_B_SPLINE_CURVE((1.,1.01428937614325,1.))
REPRESENTATION_ITEM('')
);
#89=(
BOUNDED_CURVE()
B_SPLINE_CURVE(2,(#13637,#13638,#13639),.UNSPECIFIED.,.F.,.F.)
B_SPLINE_CURVE_WITH_KNOTS((3,3),(0.,0.040035963890488),.UNSPECIFIED.)
CURVE()
GEOMETRIC_REPRESENTATION_ITEM()
RATIONAL_B_SPLINE_CURVE((1.,1.01428937614325,1.))
REPRESENTATION_ITEM('')
);
#90=(
BOUNDED_CURVE()
B_SPLINE_CURVE(2,(#13650,#13651,#13652),.UNSPECIFIED.,.F.,.F.)
B_SPLINE_CURVE_WITH_KNOTS((3,3),(0.,0.040035963890488),.UNSPECIFIED.)
CURVE()
GEOMETRIC_REPRESENTATION_ITEM()
RATIONAL_B_SPLINE_CURVE((1.,1.01428937614325,1.))
REPRESENTATION_ITEM('')
);
#91=SHAPE_REPRESENTATION_RELATIONSHIP('SRR','None',#13800,#97);
#92=SHAPE_REPRESENTATION_RELATIONSHIP('SRR','None',#13801,#98);
#93=SHAPE_REPRESENTATION_RELATIONSHIP('SRR','None',#13802,#99);
#94=SHAPE_REPRESENTATION_RELATIONSHIP('SRR','None',#13803,#100);
#95=SHAPE_REPRESENTATION_RELATIONSHIP('SRR','None',#13804,#101);
#96=SHAPE_REPRESENTATION_RELATIONSHIP('SRR','None',#13805,#102);
#97=ADVANCED_BREP_SHAPE_REPRESENTATION('',(#112),#13763);
#98=ADVANCED_BREP_SHAPE_REPRESENTATION('',(#113),#13764);
#99=ADVANCED_BREP_SHAPE_REPRESENTATION('',(#114),#13765);
#100=ADVANCED_BREP_SHAPE_REPRESENTATION('',(#115,#116),#13766);
#101=ADVANCED_BREP_SHAPE_REPRESENTATION('',(#117,#118),#13767);
#102=ADVANCED_BREP_SHAPE_REPRESENTATION('',(#119,#120),#13768);
#103=STYLED_ITEM('',(#7572),#112);
#104=STYLED_ITEM('',(#7572),#113);
#105=STYLED_ITEM('',(#7573),#114);
#106=STYLED_ITEM('',(#7574),#115);
#107=STYLED_ITEM('',(#7574),#116);
#108=STYLED_ITEM('',(#7574),#117);
#109=STYLED_ITEM('',(#7574),#118);
#110=STYLED_ITEM('',(#7574),#119);
#111=STYLED_ITEM('',(#7574),#120);
#112=MANIFOLD_SOLID_BREP('Solid1',#7496);
#113=MANIFOLD_SOLID_BREP('Solid1',#7497);
#114=MANIFOLD_SOLID_BREP('Solid1',#7498);
#115=MANIFOLD_SOLID_BREP('Solid1',#7499);
#116=MANIFOLD_SOLID_BREP('Solid2',#7500);
#117=MANIFOLD_SOLID_BREP('Solid1',#7501);
#118=MANIFOLD_SOLID_BREP('Solid2',#7502);
#119=MANIFOLD_SOLID_BREP('Solid1',#7503);
#120=MANIFOLD_SOLID_BREP('Solid2',#7504);
#121=(
BOUNDED_SURFACE()
B_SPLINE_SURFACE(2,2,((#11707,#11708,#11709,#11710,#11711),(#11712,#11713,
#11714,#11715,#11716),(#11717,#11718,#11719,#11720,#11721)),
 .UNSPECIFIED.,.F.,.F.,.F.)
B_SPLINE_SURFACE_WITH_KNOTS((3,3),(3,2,3),(0.,1.5707963267949),(0.,1.5707963267949,
3.14159265358979),.UNSPECIFIED.)
GEOMETRIC_REPRESENTATION_ITEM()
RATIONAL_B_SPLINE_SURFACE(((1.,0.707106781186548,1.,0.707106781186548,1.),
(0.707106781186542,0.499999999999996,0.707106781186542,0.499999999999996,
0.707106781186542),(1.,0.707106781186548,1.,0.707106781186548,1.)))
REPRESENTATION_ITEM('')
SURFACE()
);
#122=(
BOUNDED_SURFACE()
B_SPLINE_SURFACE(2,2,((#11732,#11733,#11734,#11735,#11736),(#11737,#11738,
#11739,#11740,#11741),(#11742,#11743,#11744,#11745,#11746)),
 .UNSPECIFIED.,.F.,.F.,.F.)
B_SPLINE_SURFACE_WITH_KNOTS((3,3),(3,2,3),(0.,1.5707963267949),(-3.14159265358979,
-1.5707963267949,-4.44089209850062E-15),.UNSPECIFIED.)
GEOMETRIC_REPRESENTATION_ITEM()
RATIONAL_B_SPLINE_SURFACE(((1.,0.707106781186548,1.,0.707106781186548,1.),
(0.707106781186542,0.499999999999996,0.707106781186542,0.499999999999996,
0.707106781186542),(1.,0.707106781186548,1.,0.707106781186548,1.)))
REPRESENTATION_ITEM('')
SURFACE()
);
#123=(
BOUNDED_SURFACE()
B_SPLINE_SURFACE(2,2,((#11755,#11756,#11757,#11758,#11759),(#11760,#11761,
#11762,#11763,#11764),(#11765,#11766,#11767,#11768,#11769)),
 .UNSPECIFIED.,.F.,.F.,.F.)
B_SPLINE_SURFACE_WITH_KNOTS((3,3),(3,2,3),(0.,1.5707963267949),(0.,1.5707963267949,
3.14159265358979),.UNSPECIFIED.)
GEOMETRIC_REPRESENTATION_ITEM()
RATIONAL_B_SPLINE_SURFACE(((1.,0.707106781186548,1.,0.707106781186548,1.),
(0.707106781186542,0.499999999999996,0.707106781186542,0.499999999999996,
0.707106781186542),(1.,0.707106781186548,1.,0.707106781186548,1.)))
REPRESENTATION_ITEM('')
SURFACE()
);
#124=(
BOUNDED_SURFACE()
B_SPLINE_SURFACE(2,2,((#11779,#11780,#11781,#11782,#11783),(#11784,#11785,
#11786,#11787,#11788),(#11789,#11790,#11791,#11792,#11793)),
 .UNSPECIFIED.,.F.,.F.,.F.)
B_SPLINE_SURFACE_WITH_KNOTS((3,3),(3,2,3),(0.,1.5707963267949),(-3.14159265358979,
-1.5707963267949,0.),.UNSPECIFIED.)
GEOMETRIC_REPRESENTATION_ITEM()
RATIONAL_B_SPLINE_SURFACE(((1.,0.707106781186548,1.,0.707106781186548,1.),
(0.707106781186543,0.499999999999997,0.707106781186543,0.499999999999997,
0.707106781186543),(1.,0.707106781186548,1.,0.707106781186548,1.)))
REPRESENTATION_ITEM('')
SURFACE()
);
#125=(
BOUNDED_SURFACE()
B_SPLINE_SURFACE(2,2,((#11804,#11805,#11806),(#11807,#11808,#11809),(#11810,
#11811,#11812)),.UNSPECIFIED.,.F.,.F.,.F.)
B_SPLINE_SURFACE_WITH_KNOTS((3,3),(3,3),(0.,1.5707963267949),(-1.5707963267949,
0.),.UNSPECIFIED.)
GEOMETRIC_REPRESENTATION_ITEM()
RATIONAL_B_SPLINE_SURFACE(((1.,0.707106781186548,1.),(0.707106781186542,
0.499999999999996,0.707106781186542),(1.,0.707106781186548,1.)))
REPRESENTATION_ITEM('')
SURFACE()
);
#126=(
BOUNDED_SURFACE()
B_SPLINE_SURFACE(2,2,((#11820,#11821,#11822),(#11823,#11824,#11825),(#11826,
#11827,#11828)),.UNSPECIFIED.,.F.,.F.,.F.)
B_SPLINE_SURFACE_WITH_KNOTS((3,3),(3,3),(0.,1.5707963267949),(0.,1.39626340159547),
 .UNSPECIFIED.)
GEOMETRIC_REPRESENTATION_ITEM()
RATIONAL_B_SPLINE_SURFACE(((1.,0.766044443118977,1.),(0.707106781186543,
0.541675220419698,0.707106781186543),(1.,0.766044443118977,1.)))
REPRESENTATION_ITEM('')
SURFACE()
);
#127=(
BOUNDED_SURFACE()
B_SPLINE_SURFACE(2,2,((#11846,#11847,#11848),(#11849,#11850,#11851),(#11852,
#11853,#11854)),.UNSPECIFIED.,.F.,.F.,.F.)
B_SPLINE_SURFACE_WITH_KNOTS((3,3),(3,3),(0.,1.5707963267949),(-1.39626340159546,
0.),.UNSPECIFIED.)
GEOMETRIC_REPRESENTATION_ITEM()
RATIONAL_B_SPLINE_SURFACE(((1.,0.766044443118978,1.),(0.707106781186545,
0.5416752204197,0.707106781186545),(1.,0.766044443118978,1.)))
REPRESENTATION_ITEM('')
SURFACE()
);
#128=(
BOUNDED_SURFACE()
B_SPLINE_SURFACE(2,2,((#11863,#11864,#11865),(#11866,#11867,#11868),(#11869,
#11870,#11871)),.UNSPECIFIED.,.F.,.F.,.F.)
B_SPLINE_SURFACE_WITH_KNOTS((3,3),(3,3),(0.,1.5707963267949),(0.,1.5707963267949),
 .UNSPECIFIED.)
GEOMETRIC_REPRESENTATION_ITEM()
RATIONAL_B_SPLINE_SURFACE(((1.,0.707106781186548,1.),(0.707106781186545,
0.499999999999998,0.707106781186545),(1.,0.707106781186548,1.)))
REPRESENTATION_ITEM('')
SURFACE()
);
#129=B_SPLINE_CURVE_WITH_KNOTS('',3,(#11237,#11238,#11239,#11240,#11241,
#11242,#11243,#11244),.UNSPECIFIED.,.F.,.F.,(4,1,1,2,4),(-0.212365409032661,
-0.169892327226129,-0.127419245419597,0.,0.000631705672353759),
 .UNSPECIFIED.);
#130=B_SPLINE_CURVE_WITH_KNOTS('',3,(#11245,#11246,#11247,#11248,#11249,
#11250,#11251,#11252),.UNSPECIFIED.,.F.,.F.,(4,2,1,1,4),(-0.000631705672353759,
0.,0.127419245419597,0.169892327226129,0.212365409032661),.UNSPECIFIED.);
#131=B_SPLINE_CURVE_WITH_KNOTS('',3,(#11311,#11312,#11313,#11314,#11315,
#11316,#11317,#11318),.UNSPECIFIED.,.F.,.F.,(4,1,1,2,4),(0.,0.127415409933799,
0.169887213245066,0.212359016556332,0.21299699427735),.UNSPECIFIED.);
#132=B_SPLINE_CURVE_WITH_KNOTS('',3,(#11319,#11320,#11321,#11322,#11323,
#11324,#11325,#11326),.UNSPECIFIED.,.F.,.F.,(4,2,1,1,4),(-0.21299699427735,
-0.212359016556332,-0.169887213245066,-0.127415409933799,0.),
 .UNSPECIFIED.);
#133=B_SPLINE_CURVE_WITH_KNOTS('',3,(#11381,#11382,#11383,#11384,#11385,
#11386,#11387,#11388),.UNSPECIFIED.,.F.,.F.,(4,1,1,2,4),(-0.212359016556485,
-0.169887213245188,-0.127415409933891,0.,0.000637977721021511),
 .UNSPECIFIED.);
#134=B_SPLINE_CURVE_WITH_KNOTS('',3,(#11389,#11390,#11391,#11392,#11393,
#11394,#11395,#11396),.UNSPECIFIED.,.F.,.F.,(4,2,1,1,4),(-0.000637977721021511,
0.,0.127415409933891,0.169887213245188,0.212359016556485),.UNSPECIFIED.);
#135=B_SPLINE_CURVE_WITH_KNOTS('',3,(#11456,#11457,#11458,#11459,#11460,
#11461,#11462,#11463),.UNSPECIFIED.,.F.,.F.,(4,1,1,2,4),(0.,0.0849461636130745,
0.127419245419612,0.212365409032686,0.212997114704858),.UNSPECIFIED.);
#136=B_SPLINE_CURVE_WITH_KNOTS('',3,(#11464,#11465,#11466,#11467,#11468,
#11469,#11470,#11471),.UNSPECIFIED.,.F.,.F.,(4,2,1,1,4),(-0.212997114704858,
-0.212365409032686,-0.127419245419612,-0.0849461636130745,0.),
 .UNSPECIFIED.);
#137=B_SPLINE_CURVE_WITH_KNOTS('',3,(#11911,#11912,#11913,#11914,#11915,
#11916,#11917,#11918,#11919,#11920),.UNSPECIFIED.,.F.,.F.,(4,2,2,2,4),(0.0856290168837228,
0.0876547392254197,0.095853720753506,0.104052702281592,0.106078424623289),
 .UNSPECIFIED.);
#138=B_SPLINE_CURVE_WITH_KNOTS('',3,(#11926,#11927,#11928,#11929,#11930,
#11931),.UNSPECIFIED.,.F.,.F.,(4,2,4),(0.0856290168837228,0.0876547392254197,
0.095853720753506),.UNSPECIFIED.);
#139=B_SPLINE_CURVE_WITH_KNOTS('',3,(#11936,#11937,#11938,#11939,#11940,
#11941),.UNSPECIFIED.,.F.,.F.,(4,2,4),(0.095853720753506,0.104052702281592,
0.106078424623289),.UNSPECIFIED.);
#140=B_SPLINE_CURVE_WITH_KNOTS('',3,(#11947,#11948,#11949,#11950,#11951,
#11952,#11953,#11954,#11955,#11956),.UNSPECIFIED.,.F.,.F.,(4,2,2,2,4),(0.0856290168837228,
0.0876547392254196,0.095853720753506,0.104052702281592,0.106078424623289),
 .UNSPECIFIED.);
#141=B_SPLINE_CURVE_WITH_KNOTS('',3,(#11962,#11963,#11964,#11965,#11966,
#11967,#11968,#11969,#11970,#11971),.UNSPECIFIED.,.F.,.F.,(4,2,2,2,4),(0.0856290168837227,
0.0876547392254196,0.095853720753506,0.104052702281592,0.106078424623289),
 .UNSPECIFIED.);
#142=B_SPLINE_CURVE_WITH_KNOTS('',3,(#11977,#11978,#11979,#11980,#11981,
#11982,#11983,#11984,#11985,#11986),.UNSPECIFIED.,.F.,.F.,(4,2,2,2,4),(0.0856290168837226,
0.0876547392254196,0.095853720753506,0.104052702281592,0.106078424623289),
 .UNSPECIFIED.);
#143=B_SPLINE_CURVE_WITH_KNOTS('',3,(#11992,#11993,#11994,#11995,#11996,
#11997,#11998,#11999,#12000,#12001),.UNSPECIFIED.,.F.,.F.,(4,2,2,2,4),(0.0856290168837226,
0.0876547392254197,0.095853720753506,0.104052702281592,0.106078424623289),
 .UNSPECIFIED.);
#144=B_SPLINE_CURVE_WITH_KNOTS('',3,(#12011,#12012,#12013,#12014,#12015,
#12016),.UNSPECIFIED.,.F.,.F.,(4,2,4),(0.0342161802373768,0.0424151617654631,
0.0444408841071601),.UNSPECIFIED.);
#145=B_SPLINE_CURVE_WITH_KNOTS('',3,(#12022,#12023,#12024,#12025,#12026,
#12027,#12028,#12029,#12030,#12031),.UNSPECIFIED.,.F.,.F.,(4,2,2,2,4),(0.0239914763675936,
0.0260171987092906,0.0342161802373769,0.0424151617654632,0.0444408841071601),
 .UNSPECIFIED.);
#146=B_SPLINE_CURVE_WITH_KNOTS('',3,(#12037,#12038,#12039,#12040,#12041,
#12042,#12043,#12044,#12045,#12046),.UNSPECIFIED.,.F.,.F.,(4,2,2,2,4),(0.0239914763675937,
0.0260171987092905,0.0342161802373768,0.0424151617654631,0.0444408841071602),
 .UNSPECIFIED.);
#147=B_SPLINE_CURVE_WITH_KNOTS('',3,(#12052,#12053,#12054,#12055,#12056,
#12057,#12058,#12059,#12060,#12061),.UNSPECIFIED.,.F.,.F.,(4,2,2,2,4),(0.0239914763675937,
0.0260171987092905,0.0342161802373769,0.0424151617654632,0.0444408841071603),
 .UNSPECIFIED.);
#148=B_SPLINE_CURVE_WITH_KNOTS('',3,(#12067,#12068,#12069,#12070,#12071,
#12072,#12073,#12074,#12075,#12076),.UNSPECIFIED.,.F.,.F.,(4,2,2,2,4),(0.0239914763675937,
0.0260171987092905,0.0342161802373769,0.0424151617654632,0.0444408841071602),
 .UNSPECIFIED.);
#149=B_SPLINE_CURVE_WITH_KNOTS('',3,(#12082,#12083,#12084,#12085,#12086,
#12087,#12088,#12089,#12090,#12091),.UNSPECIFIED.,.F.,.F.,(4,2,2,2,4),(0.0239914763675935,
0.0260171987092905,0.0342161802373768,0.0424151617654632,0.0444408841071601),
 .UNSPECIFIED.);
#150=B_SPLINE_CURVE_WITH_KNOTS('',3,(#12096,#12097,#12098,#12099,#12100,
#12101),.UNSPECIFIED.,.F.,.F.,(4,2,4),(0.0239914763675935,0.0260171987092905,
0.0342161802373768),.UNSPECIFIED.);
#151=B_SPLINE_CURVE_WITH_KNOTS('',2,(#12164,#12165,#12166),
 .UNSPECIFIED.,.F.,.F.,(3,3),(0.,1.),.UNSPECIFIED.);
#152=B_SPLINE_CURVE_WITH_KNOTS('',2,(#12169,#12170,#12171),
 .UNSPECIFIED.,.F.,.F.,(3,3),(0.,1.),.UNSPECIFIED.);
#153=B_SPLINE_CURVE_WITH_KNOTS('',2,(#12179,#12180,#12181),
 .UNSPECIFIED.,.F.,.F.,(3,3),(0.,1.),.UNSPECIFIED.);
#154=B_SPLINE_CURVE_WITH_KNOTS('',2,(#12184,#12185,#12186),
 .UNSPECIFIED.,.F.,.F.,(3,3),(0.,1.),.UNSPECIFIED.);
#155=B_SPLINE_CURVE_WITH_KNOTS('',2,(#12200,#12201,#12202),
 .UNSPECIFIED.,.F.,.F.,(3,3),(0.,1.),.UNSPECIFIED.);
#156=B_SPLINE_CURVE_WITH_KNOTS('',2,(#12205,#12206,#12207),
 .UNSPECIFIED.,.F.,.F.,(3,3),(0.,1.),.UNSPECIFIED.);
#157=B_SPLINE_CURVE_WITH_KNOTS('',2,(#12215,#12216,#12217),
 .UNSPECIFIED.,.F.,.F.,(3,3),(0.,1.),.UNSPECIFIED.);
#158=B_SPLINE_CURVE_WITH_KNOTS('',2,(#12220,#12221,#12222),
 .UNSPECIFIED.,.F.,.F.,(3,3),(0.,1.),.UNSPECIFIED.);
#159=B_SPLINE_CURVE_WITH_KNOTS('',2,(#12236,#12237,#12238),
 .UNSPECIFIED.,.F.,.F.,(3,3),(0.,1.),.UNSPECIFIED.);
#160=B_SPLINE_CURVE_WITH_KNOTS('',2,(#12241,#12242,#12243),
 .UNSPECIFIED.,.F.,.F.,(3,3),(0.,1.),.UNSPECIFIED.);
#161=B_SPLINE_CURVE_WITH_KNOTS('',2,(#12251,#12252,#12253),
 .UNSPECIFIED.,.F.,.F.,(3,3),(0.,1.),.UNSPECIFIED.);
#162=B_SPLINE_CURVE_WITH_KNOTS('',2,(#12256,#12257,#12258),
 .UNSPECIFIED.,.F.,.F.,(3,3),(0.,1.),.UNSPECIFIED.);
#163=B_SPLINE_CURVE_WITH_KNOTS('',2,(#12266,#12267,#12268),
 .UNSPECIFIED.,.F.,.F.,(3,3),(0.,1.),.UNSPECIFIED.);
#164=B_SPLINE_CURVE_WITH_KNOTS('',2,(#12271,#12272,#12273),
 .UNSPECIFIED.,.F.,.F.,(3,3),(0.,1.),.UNSPECIFIED.);
#165=B_SPLINE_CURVE_WITH_KNOTS('',2,(#12304,#12305,#12306),
 .UNSPECIFIED.,.F.,.F.,(3,3),(0.,1.),.UNSPECIFIED.);
#166=B_SPLINE_CURVE_WITH_KNOTS('',2,(#12310,#12311,#12312),
 .UNSPECIFIED.,.F.,.F.,(3,3),(0.,1.),.UNSPECIFIED.);
#167=B_SPLINE_CURVE_WITH_KNOTS('',2,(#12327,#12328,#12329),
 .UNSPECIFIED.,.F.,.F.,(3,3),(0.,1.),.UNSPECIFIED.);
#168=B_SPLINE_CURVE_WITH_KNOTS('',2,(#12332,#12333,#12334),
 .UNSPECIFIED.,.F.,.F.,(3,3),(0.,1.),.UNSPECIFIED.);
#169=B_SPLINE_CURVE_WITH_KNOTS('',2,(#12342,#12343,#12344),
 .UNSPECIFIED.,.F.,.F.,(3,3),(0.,1.),.UNSPECIFIED.);
#170=B_SPLINE_CURVE_WITH_KNOTS('',2,(#12347,#12348,#12349),
 .UNSPECIFIED.,.F.,.F.,(3,3),(0.,1.),.UNSPECIFIED.);
#171=B_SPLINE_CURVE_WITH_KNOTS('',2,(#12363,#12364,#12365),
 .UNSPECIFIED.,.F.,.F.,(3,3),(0.,1.),.UNSPECIFIED.);
#172=B_SPLINE_CURVE_WITH_KNOTS('',2,(#12368,#12369,#12370),
 .UNSPECIFIED.,.F.,.F.,(3,3),(0.,1.),.UNSPECIFIED.);
#173=B_SPLINE_CURVE_WITH_KNOTS('',2,(#12378,#12379,#12380),
 .UNSPECIFIED.,.F.,.F.,(3,3),(0.,1.),.UNSPECIFIED.);
#174=B_SPLINE_CURVE_WITH_KNOTS('',2,(#12383,#12384,#12385),
 .UNSPECIFIED.,.F.,.F.,(3,3),(0.,1.),.UNSPECIFIED.);
#175=B_SPLINE_CURVE_WITH_KNOTS('',2,(#12393,#12394,#12395),
 .UNSPECIFIED.,.F.,.F.,(3,3),(0.,1.),.UNSPECIFIED.);
#176=B_SPLINE_CURVE_WITH_KNOTS('',2,(#12398,#12399,#12400),
 .UNSPECIFIED.,.F.,.F.,(3,3),(0.,1.),.UNSPECIFIED.);
#177=B_SPLINE_CURVE_WITH_KNOTS('',2,(#12426,#12427,#12428),
 .UNSPECIFIED.,.F.,.F.,(3,3),(0.,1.),.UNSPECIFIED.);
#178=B_SPLINE_CURVE_WITH_KNOTS('',2,(#12431,#12432,#12433),
 .UNSPECIFIED.,.F.,.F.,(3,3),(0.,1.),.UNSPECIFIED.);
#179=B_SPLINE_CURVE_WITH_KNOTS('',2,(#12440,#12441,#12442),
 .UNSPECIFIED.,.F.,.F.,(3,3),(0.,1.),.UNSPECIFIED.);
#180=B_SPLINE_CURVE_WITH_KNOTS('',2,(#12443,#12444,#12445),
 .UNSPECIFIED.,.F.,.F.,(3,3),(0.,1.),.UNSPECIFIED.);
#181=B_SPLINE_CURVE_WITH_KNOTS('',2,(#12465,#12466,#12467,#12468),
 .UNSPECIFIED.,.F.,.F.,(3,1,3),(0.,1.,2.),.UNSPECIFIED.);
#182=B_SPLINE_CURVE_WITH_KNOTS('',2,(#12470,#12471,#12472,#12473),
 .UNSPECIFIED.,.F.,.F.,(3,1,3),(0.,1.,2.),.UNSPECIFIED.);
#183=B_SPLINE_CURVE_WITH_KNOTS('',2,(#12484,#12485,#12486,#12487),
 .UNSPECIFIED.,.F.,.F.,(3,1,3),(0.,1.,2.),.UNSPECIFIED.);
#184=B_SPLINE_CURVE_WITH_KNOTS('',2,(#12489,#12490,#12491,#12492),
 .UNSPECIFIED.,.F.,.F.,(3,1,3),(0.,1.,2.),.UNSPECIFIED.);
#185=B_SPLINE_CURVE_WITH_KNOTS('',2,(#12521,#12522,#12523,#12524),
 .UNSPECIFIED.,.F.,.F.,(3,1,3),(0.,1.,2.),.UNSPECIFIED.);
#186=B_SPLINE_CURVE_WITH_KNOTS('',2,(#12526,#12527,#12528,#12529),
 .UNSPECIFIED.,.F.,.F.,(3,1,3),(0.,1.,2.),.UNSPECIFIED.);
#187=B_SPLINE_CURVE_WITH_KNOTS('',2,(#12540,#12541,#12542,#12543),
 .UNSPECIFIED.,.F.,.F.,(3,1,3),(0.,1.,2.),.UNSPECIFIED.);
#188=B_SPLINE_CURVE_WITH_KNOTS('',2,(#12545,#12546,#12547,#12548),
 .UNSPECIFIED.,.F.,.F.,(3,1,3),(0.,1.,2.),.UNSPECIFIED.);
#189=B_SPLINE_CURVE_WITH_KNOTS('',2,(#12567,#12568,#12569),
 .UNSPECIFIED.,.F.,.F.,(3,3),(0.,1.),.UNSPECIFIED.);
#190=B_SPLINE_CURVE_WITH_KNOTS('',2,(#12573,#12574,#12575),
 .UNSPECIFIED.,.F.,.F.,(3,3),(0.,1.),.UNSPECIFIED.);
#191=B_SPLINE_CURVE_WITH_KNOTS('',2,(#12586,#12587,#12588,#12589),
 .UNSPECIFIED.,.F.,.F.,(3,1,3),(0.,1.,2.),.UNSPECIFIED.);
#192=B_SPLINE_CURVE_WITH_KNOTS('',2,(#12592,#12593,#12594,#12595),
 .UNSPECIFIED.,.F.,.F.,(3,1,3),(0.,1.,2.),.UNSPECIFIED.);
#193=B_SPLINE_CURVE_WITH_KNOTS('',2,(#12609,#12610,#12611),
 .UNSPECIFIED.,.F.,.F.,(3,3),(0.,1.),.UNSPECIFIED.);
#194=B_SPLINE_CURVE_WITH_KNOTS('',2,(#12614,#12615,#12616),
 .UNSPECIFIED.,.F.,.F.,(3,3),(0.,1.),.UNSPECIFIED.);
#195=B_SPLINE_CURVE_WITH_KNOTS('',2,(#12630,#12631,#12632),
 .UNSPECIFIED.,.F.,.F.,(3,3),(0.,1.),.UNSPECIFIED.);
#196=B_SPLINE_CURVE_WITH_KNOTS('',2,(#12635,#12636,#12637),
 .UNSPECIFIED.,.F.,.F.,(3,3),(0.,1.),.UNSPECIFIED.);
#197=B_SPLINE_CURVE_WITH_KNOTS('',2,(#12653,#12654,#12655,#12656),
 .UNSPECIFIED.,.F.,.F.,(3,1,3),(0.,1.,2.),.UNSPECIFIED.);
#198=B_SPLINE_CURVE_WITH_KNOTS('',2,(#12659,#12660,#12661,#12662),
 .UNSPECIFIED.,.F.,.F.,(3,1,3),(0.,1.,2.),.UNSPECIFIED.);
#199=B_SPLINE_CURVE_WITH_KNOTS('',2,(#12669,#12670,#12671),
 .UNSPECIFIED.,.F.,.F.,(3,3),(0.,1.),.UNSPECIFIED.);
#200=B_SPLINE_CURVE_WITH_KNOTS('',2,(#12672,#12673,#12674),
 .UNSPECIFIED.,.F.,.F.,(3,3),(0.,1.),.UNSPECIFIED.);
#201=B_SPLINE_SURFACE_WITH_KNOTS('',3,3,((#11201,#11202,#11203,#11204,#11205,
#11206,#11207,#11208),(#11209,#11210,#11211,#11212,#11213,#11214,#11215,
#11216),(#11217,#11218,#11219,#11220,#11221,#11222,#11223,#11224),(#11225,
#11226,#11227,#11228,#11229,#11230,#11231,#11232)),.UNSPECIFIED.,.F.,.F.,
 .F.,(4,4),(4,2,1,1,4),(0.,1.),(-0.000631705672353759,0.,0.127419245419597,
0.169892327226129,0.212365409032661),.UNSPECIFIED.);
#202=B_SPLINE_SURFACE_WITH_KNOTS('',3,3,((#11271,#11272,#11273,#11274,#11275,
#11276,#11277,#11278),(#11279,#11280,#11281,#11282,#11283,#11284,#11285,
#11286),(#11287,#11288,#11289,#11290,#11291,#11292,#11293,#11294),(#11295,
#11296,#11297,#11298,#11299,#11300,#11301,#11302),(#11303,#11304,#11305,
#11306,#11307,#11308,#11309,#11310)),.UNSPECIFIED.,.F.,.F.,.F.,(4,1,4),
(4,1,1,2,4),(0.,0.5,1.),(0.,0.127415409933799,0.169887213245066,0.212359016556332,
0.21299699427735),.UNSPECIFIED.);
#203=B_SPLINE_SURFACE_WITH_KNOTS('',3,3,((#11345,#11346,#11347,#11348,#11349,
#11350,#11351,#11352),(#11353,#11354,#11355,#11356,#11357,#11358,#11359,
#11360),(#11361,#11362,#11363,#11364,#11365,#11366,#11367,#11368),(#11369,
#11370,#11371,#11372,#11373,#11374,#11375,#11376)),.UNSPECIFIED.,.F.,.F.,
 .F.,(4,4),(4,2,1,1,4),(0.,1.),(-0.000637977721021511,0.,0.127415409933891,
0.169887213245188,0.212359016556485),.UNSPECIFIED.);
#204=B_SPLINE_SURFACE_WITH_KNOTS('',3,3,((#11415,#11416,#11417,#11418,#11419,
#11420,#11421,#11422),(#11423,#11424,#11425,#11426,#11427,#11428,#11429,
#11430),(#11431,#11432,#11433,#11434,#11435,#11436,#11437,#11438),(#11439,
#11440,#11441,#11442,#11443,#11444,#11445,#11446),(#11447,#11448,#11449,
#11450,#11451,#11452,#11453,#11454)),.UNSPECIFIED.,.F.,.F.,.F.,(4,1,4),
(4,1,1,2,4),(0.,0.5,1.),(0.,0.0849461636130745,0.127419245419612,0.212365409032686,
0.212997114704858),.UNSPECIFIED.);
#205=B_SPLINE_SURFACE_WITH_KNOTS('',2,1,((#12157,#12158),(#12159,#12160),
(#12161,#12162)),.UNSPECIFIED.,.F.,.F.,.F.,(3,3),(2,2),(0.,1.),(0.,0.005),
 .UNSPECIFIED.);
#206=B_SPLINE_SURFACE_WITH_KNOTS('',2,1,((#12172,#12173),(#12174,#12175),
(#12176,#12177)),.UNSPECIFIED.,.F.,.F.,.F.,(3,3),(2,2),(0.,1.),(0.,0.005),
 .UNSPECIFIED.);
#207=B_SPLINE_SURFACE_WITH_KNOTS('',2,1,((#12193,#12194),(#12195,#12196),
(#12197,#12198)),.UNSPECIFIED.,.F.,.F.,.F.,(3,3),(2,2),(0.,1.),(0.,0.005),
 .UNSPECIFIED.);
#208=B_SPLINE_SURFACE_WITH_KNOTS('',2,1,((#12208,#12209),(#12210,#12211),
(#12212,#12213)),.UNSPECIFIED.,.F.,.F.,.F.,(3,3),(2,2),(0.,1.),(0.,0.005),
 .UNSPECIFIED.);
#209=B_SPLINE_SURFACE_WITH_KNOTS('',2,1,((#12229,#12230),(#12231,#12232),
(#12233,#12234)),.UNSPECIFIED.,.F.,.F.,.F.,(3,3),(2,2),(0.,1.),(0.,0.005),
 .UNSPECIFIED.);
#210=B_SPLINE_SURFACE_WITH_KNOTS('',2,1,((#12244,#12245),(#12246,#12247),
(#12248,#12249)),.UNSPECIFIED.,.F.,.F.,.F.,(3,3),(2,2),(0.,1.),(0.,0.005),
 .UNSPECIFIED.);
#211=B_SPLINE_SURFACE_WITH_KNOTS('',2,1,((#12259,#12260),(#12261,#12262),
(#12263,#12264)),.UNSPECIFIED.,.F.,.F.,.F.,(3,3),(2,2),(0.,1.),(0.,0.005),
 .UNSPECIFIED.);
#212=B_SPLINE_SURFACE_WITH_KNOTS('',2,1,((#12296,#12297),(#12298,#12299),
(#12300,#12301)),.UNSPECIFIED.,.F.,.F.,.F.,(3,3),(2,2),(0.,1.),(0.,0.005),
 .UNSPECIFIED.);
#213=B_SPLINE_SURFACE_WITH_KNOTS('',2,1,((#12320,#12321),(#12322,#12323),
(#12324,#12325)),.UNSPECIFIED.,.F.,.F.,.F.,(3,3),(2,2),(0.,1.),(0.,0.005),
 .UNSPECIFIED.);
#214=B_SPLINE_SURFACE_WITH_KNOTS('',2,1,((#12335,#12336),(#12337,#12338),
(#12339,#12340)),.UNSPECIFIED.,.F.,.F.,.F.,(3,3),(2,2),(0.,1.),(0.,0.005),
 .UNSPECIFIED.);
#215=B_SPLINE_SURFACE_WITH_KNOTS('',2,1,((#12356,#12357),(#12358,#12359),
(#12360,#12361)),.UNSPECIFIED.,.F.,.F.,.F.,(3,3),(2,2),(0.,1.),(0.,0.005),
 .UNSPECIFIED.);
#216=B_SPLINE_SURFACE_WITH_KNOTS('',2,1,((#12371,#12372),(#12373,#12374),
(#12375,#12376)),.UNSPECIFIED.,.F.,.F.,.F.,(3,3),(2,2),(0.,1.),(0.,0.005),
 .UNSPECIFIED.);
#217=B_SPLINE_SURFACE_WITH_KNOTS('',2,1,((#12386,#12387),(#12388,#12389),
(#12390,#12391)),.UNSPECIFIED.,.F.,.F.,.F.,(3,3),(2,2),(0.,1.),(0.,0.005),
 .UNSPECIFIED.);
#218=B_SPLINE_SURFACE_WITH_KNOTS('',2,1,((#12419,#12420),(#12421,#12422),
(#12423,#12424)),.UNSPECIFIED.,.F.,.F.,.F.,(3,3),(2,2),(0.,1.),(0.,0.005),
 .UNSPECIFIED.);
#219=B_SPLINE_SURFACE_WITH_KNOTS('',2,1,((#12434,#12435),(#12436,#12437),
(#12438,#12439)),.UNSPECIFIED.,.F.,.F.,.F.,(3,3),(2,2),(0.,1.),(0.,0.005),
 .UNSPECIFIED.);
#220=B_SPLINE_SURFACE_WITH_KNOTS('',2,1,((#12456,#12457),(#12458,#12459),
(#12460,#12461),(#12462,#12463)),.UNSPECIFIED.,.F.,.F.,.F.,(3,1,3),(2,2),
(-2.,-1.,0.),(0.,0.005),.UNSPECIFIED.);
#221=B_SPLINE_SURFACE_WITH_KNOTS('',2,1,((#12475,#12476),(#12477,#12478),
(#12479,#12480),(#12481,#12482)),.UNSPECIFIED.,.F.,.F.,.F.,(3,1,3),(2,2),
(-2.,-1.,0.),(0.,0.005),.UNSPECIFIED.);
#222=B_SPLINE_SURFACE_WITH_KNOTS('',2,1,((#12512,#12513),(#12514,#12515),
(#12516,#12517),(#12518,#12519)),.UNSPECIFIED.,.F.,.F.,.F.,(3,1,3),(2,2),
(-2.,-1.,0.),(0.,0.005),.UNSPECIFIED.);
#223=B_SPLINE_SURFACE_WITH_KNOTS('',2,1,((#12531,#12532),(#12533,#12534),
(#12535,#12536),(#12537,#12538)),.UNSPECIFIED.,.F.,.F.,.F.,(3,1,3),(2,2),
(-2.,-1.,0.),(0.,0.005),.UNSPECIFIED.);
#224=B_SPLINE_SURFACE_WITH_KNOTS('',2,1,((#12559,#12560),(#12561,#12562),
(#12563,#12564)),.UNSPECIFIED.,.F.,.F.,.F.,(3,3),(2,2),(0.,1.),(0.,0.005),
 .UNSPECIFIED.);
#225=B_SPLINE_SURFACE_WITH_KNOTS('',2,1,((#12577,#12578),(#12579,#12580),
(#12581,#12582),(#12583,#12584)),.UNSPECIFIED.,.F.,.F.,.F.,(3,1,3),(2,2),
(0.,1.,2.),(0.,0.005),.UNSPECIFIED.);
#226=B_SPLINE_SURFACE_WITH_KNOTS('',2,1,((#12602,#12603),(#12604,#12605),
(#12606,#12607)),.UNSPECIFIED.,.F.,.F.,.F.,(3,3),(2,2),(0.,1.),(0.,0.005),
 .UNSPECIFIED.);
#227=B_SPLINE_SURFACE_WITH_KNOTS('',2,1,((#12623,#12624),(#12625,#12626),
(#12627,#12628)),.UNSPECIFIED.,.F.,.F.,.F.,(3,3),(2,2),(0.,1.),(0.,0.005),
 .UNSPECIFIED.);
#228=B_SPLINE_SURFACE_WITH_KNOTS('',2,1,((#12644,#12645),(#12646,#12647),
(#12648,#12649),(#12650,#12651)),.UNSPECIFIED.,.F.,.F.,.F.,(3,1,3),(2,2),
(0.,1.,2.),(0.,0.005),.UNSPECIFIED.);
#229=B_SPLINE_SURFACE_WITH_KNOTS('',2,1,((#12663,#12664),(#12665,#12666),
(#12667,#12668)),.UNSPECIFIED.,.F.,.F.,.F.,(3,3),(2,2),(0.,1.),(0.,0.005),
 .UNSPECIFIED.);
#230=CONICAL_SURFACE('',#7680,1.25,0.523598775598299);
#231=CONICAL_SURFACE('',#7687,1.25,0.523598775598299);
#232=CONICAL_SURFACE('',#7999,0.539115,1.0471975511966);
#233=CONICAL_SURFACE('',#8001,1.339115,0.785398163397448);
#234=CONICAL_SURFACE('',#8005,3.425,1.0471975511966);
#235=CONICAL_SURFACE('',#8007,3.425,1.0471975511966);
#236=CONICAL_SURFACE('',#8028,1.1,1.0471975511966);
#237=CONICAL_SURFACE('',#8178,0.75,0.785398163397448);
#238=CONICAL_SURFACE('',#8181,0.75,0.785398163397448);
#239=CONICAL_SURFACE('',#8184,0.75,0.785398163397448);
#240=CONICAL_SURFACE('',#8187,0.75,0.785398163397448);
#241=CONICAL_SURFACE('',#8190,0.75,0.785398163397448);
#242=CONICAL_SURFACE('',#8193,2.55,0.785398163397448);
#243=CONICAL_SURFACE('',#8198,2.55,0.785398163397448);
#244=CONICAL_SURFACE('',#8331,1.9,0.174532925199433);
#245=CONICAL_SURFACE('',#8333,1.9,0.174532925199433);
#246=CONICAL_SURFACE('',#8335,1.9,0.174532925199433);
#247=CONICAL_SURFACE('',#8337,1.9,0.174532925199433);
#248=CONICAL_SURFACE('',#8351,0.9,1.0471975511966);
#249=CONICAL_SURFACE('',#8359,1.55,0.785398163397448);
#250=CONICAL_SURFACE('',#8413,0.6,0.5235987755983);
#251=CONICAL_SURFACE('',#8414,0.6,0.5235987755983);
#252=CONICAL_SURFACE('',#8415,0.6,0.5235987755983);
#253=CONICAL_SURFACE('',#8416,0.6,0.5235987755983);
#254=CONICAL_SURFACE('',#8417,0.625000000000001,0.785398163397448);
#255=CONICAL_SURFACE('',#8426,0.3,0.785398163397448);
#256=CONICAL_SURFACE('',#8433,0.4,0.785398163397448);
#257=CONICAL_SURFACE('',#8485,0.6,0.5235987755983);
#258=CONICAL_SURFACE('',#8486,0.6,0.5235987755983);
#259=CONICAL_SURFACE('',#8487,0.6,0.5235987755983);
#260=CONICAL_SURFACE('',#8488,0.6,0.5235987755983);
#261=CONICAL_SURFACE('',#8489,0.625000000000001,0.785398163397448);
#262=CONICAL_SURFACE('',#8498,0.3,0.785398163397448);
#263=CONICAL_SURFACE('',#8505,0.4,0.785398163397454);
#264=FACE_BOUND('',#2144,.T.);
#265=FACE_BOUND('',#2145,.T.);
#266=FACE_BOUND('',#2146,.T.);
#267=FACE_BOUND('',#2162,.T.);
#268=FACE_BOUND('',#2173,.T.);
#269=FACE_BOUND('',#2190,.T.);
#270=FACE_BOUND('',#2236,.T.);
#271=FACE_BOUND('',#2250,.T.);
#272=FACE_BOUND('',#2274,.T.);
#273=FACE_BOUND('',#2280,.T.);
#274=FACE_BOUND('',#2281,.T.);
#275=FACE_BOUND('',#2306,.T.);
#276=FACE_BOUND('',#2308,.T.);
#277=FACE_BOUND('',#2323,.T.);
#278=FACE_BOUND('',#2335,.T.);
#279=FACE_BOUND('',#2365,.T.);
#280=FACE_BOUND('',#2386,.T.);
#281=FACE_BOUND('',#2387,.T.);
#282=FACE_BOUND('',#2389,.T.);
#283=FACE_BOUND('',#2390,.T.);
#284=FACE_BOUND('',#2391,.T.);
#285=FACE_BOUND('',#2392,.T.);
#286=FACE_BOUND('',#2393,.T.);
#287=FACE_BOUND('',#2394,.T.);
#288=FACE_BOUND('',#2395,.T.);
#289=FACE_BOUND('',#2396,.T.);
#290=FACE_BOUND('',#2397,.T.);
#291=FACE_BOUND('',#2398,.T.);
#292=FACE_BOUND('',#2427,.T.);
#293=FACE_BOUND('',#2428,.T.);
#294=FACE_BOUND('',#2429,.T.);
#295=FACE_BOUND('',#2430,.T.);
#296=FACE_BOUND('',#2431,.T.);
#297=FACE_BOUND('',#2432,.T.);
#298=FACE_BOUND('',#2433,.T.);
#299=FACE_BOUND('',#2440,.T.);
#300=FACE_BOUND('',#2443,.T.);
#301=FACE_BOUND('',#2445,.T.);
#302=FACE_BOUND('',#2448,.T.);
#303=FACE_BOUND('',#2450,.T.);
#304=FACE_BOUND('',#2453,.T.);
#305=FACE_BOUND('',#2455,.T.);
#306=FACE_BOUND('',#2458,.T.);
#307=FACE_BOUND('',#2460,.T.);
#308=FACE_BOUND('',#2463,.T.);
#309=FACE_BOUND('',#2479,.T.);
#310=FACE_BOUND('',#2482,.T.);
#311=FACE_BOUND('',#2501,.T.);
#312=FACE_BOUND('',#2523,.T.);
#313=FACE_BOUND('',#2529,.T.);
#314=FACE_BOUND('',#2559,.T.);
#315=FACE_BOUND('',#2562,.T.);
#316=FACE_BOUND('',#2594,.T.);
#317=FACE_BOUND('',#2629,.T.);
#318=PLANE('',#7667);
#319=PLANE('',#7670);
#320=PLANE('',#7673);
#321=PLANE('',#7686);
#322=PLANE('',#7693);
#323=PLANE('',#7697);
#324=PLANE('',#7698);
#325=PLANE('',#7705);
#326=PLANE('',#7706);
#327=PLANE('',#7710);
#328=PLANE('',#7715);
#329=PLANE('',#7736);
#330=PLANE('',#7741);
#331=PLANE('',#7746);
#332=PLANE('',#7749);
#333=PLANE('',#7772);
#334=PLANE('',#7779);
#335=PLANE('',#7782);
#336=PLANE('',#7783);
#337=PLANE('',#7786);
#338=PLANE('',#7787);
#339=PLANE('',#7790);
#340=PLANE('',#7797);
#341=PLANE('',#7800);
#342=PLANE('',#7814);
#343=PLANE('',#7832);
#344=PLANE('',#7859);
#345=PLANE('',#7862);
#346=PLANE('',#7865);
#347=PLANE('',#7890);
#348=PLANE('',#7893);
#349=PLANE('',#7896);
#350=PLANE('',#7916);
#351=PLANE('',#7941);
#352=PLANE('',#7943);
#353=PLANE('',#7954);
#354=PLANE('',#7955);
#355=PLANE('',#7964);
#356=PLANE('',#7975);
#357=PLANE('',#7987);
#358=PLANE('',#7989);
#359=PLANE('',#7994);
#360=PLANE('',#7995);
#361=PLANE('',#7996);
#362=PLANE('',#7997);
#363=PLANE('',#8009);
#364=PLANE('',#8011);
#365=PLANE('',#8013);
#366=PLANE('',#8015);
#367=PLANE('',#8019);
#368=PLANE('',#8030);
#369=PLANE('',#8031);
#370=PLANE('',#8032);
#371=PLANE('',#8033);
#372=PLANE('',#8035);
#373=PLANE('',#8036);
#374=PLANE('',#8037);
#375=PLANE('',#8038);
#376=PLANE('',#8039);
#377=PLANE('',#8040);
#378=PLANE('',#8041);
#379=PLANE('',#8042);
#380=PLANE('',#8043);
#381=PLANE('',#8044);
#382=PLANE('',#8045);
#383=PLANE('',#8046);
#384=PLANE('',#8047);
#385=PLANE('',#8048);
#386=PLANE('',#8049);
#387=PLANE('',#8050);
#388=PLANE('',#8051);
#389=PLANE('',#8052);
#390=PLANE('',#8053);
#391=PLANE('',#8054);
#392=PLANE('',#8055);
#393=PLANE('',#8056);
#394=PLANE('',#8057);
#395=PLANE('',#8058);
#396=PLANE('',#8059);
#397=PLANE('',#8071);
#398=PLANE('',#8072);
#399=PLANE('',#8093);
#400=PLANE('',#8096);
#401=PLANE('',#8099);
#402=PLANE('',#8124);
#403=PLANE('',#8127);
#404=PLANE('',#8130);
#405=PLANE('',#8148);
#406=PLANE('',#8152);
#407=PLANE('',#8154);
#408=PLANE('',#8158);
#409=PLANE('',#8160);
#410=PLANE('',#8164);
#411=PLANE('',#8166);
#412=PLANE('',#8170);
#413=PLANE('',#8172);
#414=PLANE('',#8176);
#415=PLANE('',#8203);
#416=PLANE('',#8206);
#417=PLANE('',#8211);
#418=PLANE('',#8214);
#419=PLANE('',#8239);
#420=PLANE('',#8242);
#421=PLANE('',#8245);
#422=PLANE('',#8248);
#423=PLANE('',#8251);
#424=PLANE('',#8252);
#425=PLANE('',#8255);
#426=PLANE('',#8282);
#427=PLANE('',#8285);
#428=PLANE('',#8288);
#429=PLANE('',#8289);
#430=PLANE('',#8292);
#431=PLANE('',#8295);
#432=PLANE('',#8297);
#433=PLANE('',#8298);
#434=PLANE('',#8299);
#435=PLANE('',#8300);
#436=PLANE('',#8301);
#437=PLANE('',#8306);
#438=PLANE('',#8309);
#439=PLANE('',#8312);
#440=PLANE('',#8313);
#441=PLANE('',#8314);
#442=PLANE('',#8315);
#443=PLANE('',#8316);
#444=PLANE('',#8319);
#445=PLANE('',#8322);
#446=PLANE('',#8325);
#447=PLANE('',#8328);
#448=PLANE('',#8350);
#449=PLANE('',#8354);
#450=PLANE('',#8358);
#451=PLANE('',#8366);
#452=PLANE('',#8373);
#453=PLANE('',#8375);
#454=PLANE('',#8376);
#455=PLANE('',#8377);
#456=PLANE('',#8378);
#457=PLANE('',#8379);
#458=PLANE('',#8380);
#459=PLANE('',#8381);
#460=PLANE('',#8382);
#461=PLANE('',#8383);
#462=PLANE('',#8401);
#463=PLANE('',#8404);
#464=PLANE('',#8407);
#465=PLANE('',#8410);
#466=PLANE('',#8420);
#467=PLANE('',#8423);
#468=PLANE('',#8432);
#469=PLANE('',#8445);
#470=PLANE('',#8447);
#471=PLANE('',#8448);
#472=PLANE('',#8449);
#473=PLANE('',#8450);
#474=PLANE('',#8451);
#475=PLANE('',#8452);
#476=PLANE('',#8453);
#477=PLANE('',#8454);
#478=PLANE('',#8455);
#479=PLANE('',#8473);
#480=PLANE('',#8476);
#481=PLANE('',#8479);
#482=PLANE('',#8482);
#483=PLANE('',#8492);
#484=PLANE('',#8495);
#485=PLANE('',#8504);
#486=PLANE('',#8517);
#487=LINE('',#10834,#1001);
#488=LINE('',#10835,#1002);
#489=LINE('',#10846,#1003);
#490=LINE('',#10847,#1004);
#491=LINE('',#10858,#1005);
#492=LINE('',#10859,#1006);
#493=LINE('',#10867,#1007);
#494=LINE('',#10868,#1008);
#495=LINE('',#10871,#1009);
#496=LINE('',#10873,#1010);
#497=LINE('',#10874,#1011);
#498=LINE('',#10877,#1012);
#499=LINE('',#10881,#1013);
#500=LINE('',#10883,#1014);
#501=LINE('',#10885,#1015);
#502=LINE('',#10887,#1016);
#503=LINE('',#10889,#1017);
#504=LINE('',#10890,#1018);
#505=LINE('',#10893,#1019);
#506=LINE('',#10900,#1020);
#507=LINE('',#10904,#1021);
#508=LINE('',#10908,#1022);
#509=LINE('',#10911,#1023);
#510=LINE('',#10920,#1024);
#511=LINE('',#10926,#1025);
#512=LINE('',#10933,#1026);
#513=LINE('',#10939,#1027);
#514=LINE('',#10947,#1028);
#515=LINE('',#10950,#1029);
#516=LINE('',#10953,#1030);
#517=LINE('',#10955,#1031);
#518=LINE('',#10956,#1032);
#519=LINE('',#10959,#1033);
#520=LINE('',#10961,#1034);
#521=LINE('',#10962,#1035);
#522=LINE('',#10967,#1036);
#523=LINE('',#10974,#1037);
#524=LINE('',#10977,#1038);
#525=LINE('',#10979,#1039);
#526=LINE('',#10980,#1040);
#527=LINE('',#10983,#1041);
#528=LINE('',#10985,#1042);
#529=LINE('',#10986,#1043);
#530=LINE('',#10993,#1044);
#531=LINE('',#10997,#1045);
#532=LINE('',#11001,#1046);
#533=LINE('',#11005,#1047);
#534=LINE('',#11009,#1048);
#535=LINE('',#11011,#1049);
#536=LINE('',#11012,#1050);
#537=LINE('',#11018,#1051);
#538=LINE('',#11026,#1052);
#539=LINE('',#11034,#1053);
#540=LINE('',#11042,#1054);
#541=LINE('',#11050,#1055);
#542=LINE('',#11054,#1056);
#543=LINE('',#11058,#1057);
#544=LINE('',#11061,#1058);
#545=LINE('',#11064,#1059);
#546=LINE('',#11066,#1060);
#547=LINE('',#11067,#1061);
#548=LINE('',#11072,#1062);
#549=LINE('',#11076,#1063);
#550=LINE('',#11077,#1064);
#551=LINE('',#11080,#1065);
#552=LINE('',#11084,#1066);
#553=LINE('',#11085,#1067);
#554=LINE('',#11092,#1068);
#555=LINE('',#11101,#1069);
#556=LINE('',#11108,#1070);
#557=LINE('',#11117,#1071);
#558=LINE('',#11125,#1072);
#559=LINE('',#11129,#1073);
#560=LINE('',#11133,#1074);
#561=LINE('',#11136,#1075);
#562=LINE('',#11139,#1076);
#563=LINE('',#11142,#1077);
#564=LINE('',#11145,#1078);
#565=LINE('',#11146,#1079);
#566=LINE('',#11149,#1080);
#567=LINE('',#11153,#1081);
#568=LINE('',#11154,#1082);
#569=LINE('',#11157,#1083);
#570=LINE('',#11159,#1084);
#571=LINE('',#11160,#1085);
#572=LINE('',#11163,#1086);
#573=LINE('',#11167,#1087);
#574=LINE('',#11168,#1088);
#575=LINE('',#11171,#1089);
#576=LINE('',#11172,#1090);
#577=LINE('',#11176,#1091);
#578=LINE('',#11179,#1092);
#579=LINE('',#11180,#1093);
#580=LINE('',#11185,#1094);
#581=LINE('',#11190,#1095);
#582=LINE('',#11193,#1096);
#583=LINE('',#11194,#1097);
#584=LINE('',#11198,#1098);
#585=LINE('',#11200,#1099);
#586=LINE('',#11263,#1100);
#587=LINE('',#11264,#1101);
#588=LINE('',#11329,#1102);
#589=LINE('',#11332,#1103);
#590=LINE('',#11335,#1104);
#591=LINE('',#11336,#1105);
#592=LINE('',#11339,#1106);
#593=LINE('',#11343,#1107);
#594=LINE('',#11407,#1108);
#595=LINE('',#11408,#1109);
#596=LINE('',#11474,#1110);
#597=LINE('',#11478,#1111);
#598=LINE('',#11481,#1112);
#599=LINE('',#11484,#1113);
#600=LINE('',#11485,#1114);
#601=LINE('',#11488,#1115);
#602=LINE('',#11490,#1116);
#603=LINE('',#11504,#1117);
#604=LINE('',#11505,#1118);
#605=LINE('',#11516,#1119);
#606=LINE('',#11517,#1120);
#607=LINE('',#11528,#1121);
#608=LINE('',#11529,#1122);
#609=LINE('',#11537,#1123);
#610=LINE('',#11538,#1124);
#611=LINE('',#11541,#1125);
#612=LINE('',#11543,#1126);
#613=LINE('',#11544,#1127);
#614=LINE('',#11547,#1128);
#615=LINE('',#11551,#1129);
#616=LINE('',#11552,#1130);
#617=LINE('',#11555,#1131);
#618=LINE('',#11571,#1132);
#619=LINE('',#11572,#1133);
#620=LINE('',#11583,#1134);
#621=LINE('',#11584,#1135);
#622=LINE('',#11595,#1136);
#623=LINE('',#11596,#1137);
#624=LINE('',#11604,#1138);
#625=LINE('',#11605,#1139);
#626=LINE('',#11608,#1140);
#627=LINE('',#11610,#1141);
#628=LINE('',#11611,#1142);
#629=LINE('',#11614,#1143);
#630=LINE('',#11618,#1144);
#631=LINE('',#11619,#1145);
#632=LINE('',#11622,#1146);
#633=LINE('',#11634,#1147);
#634=LINE('',#11647,#1148);
#635=LINE('',#11649,#1149);
#636=LINE('',#11651,#1150);
#637=LINE('',#11653,#1151);
#638=LINE('',#11667,#1152);
#639=LINE('',#11668,#1153);
#640=LINE('',#11677,#1154);
#641=LINE('',#11685,#1155);
#642=LINE('',#11691,#1156);
#643=LINE('',#11692,#1157);
#644=LINE('',#11694,#1158);
#645=LINE('',#11696,#1159);
#646=LINE('',#11698,#1160);
#647=LINE('',#11701,#1161);
#648=LINE('',#11705,#1162);
#649=LINE('',#11706,#1163);
#650=LINE('',#11730,#1164);
#651=LINE('',#11731,#1165);
#652=LINE('',#11751,#1166);
#653=LINE('',#11753,#1167);
#654=LINE('',#11778,#1168);
#655=LINE('',#11798,#1169);
#656=LINE('',#11803,#1170);
#657=LINE('',#11819,#1171);
#658=LINE('',#11835,#1172);
#659=LINE('',#11836,#1173);
#660=LINE('',#11838,#1174);
#661=LINE('',#11842,#1175);
#662=LINE('',#11845,#1176);
#663=LINE('',#11862,#1177);
#664=LINE('',#11876,#1178);
#665=LINE('',#11877,#1179);
#666=LINE('',#11880,#1180);
#667=LINE('',#11884,#1181);
#668=LINE('',#11888,#1182);
#669=LINE('',#11899,#1183);
#670=LINE('',#11904,#1184);
#671=LINE('',#11907,#1185);
#672=LINE('',#11933,#1186);
#673=LINE('',#12009,#1187);
#674=LINE('',#12103,#1188);
#675=LINE('',#12104,#1189);
#676=LINE('',#12106,#1190);
#677=LINE('',#12108,#1191);
#678=LINE('',#12110,#1192);
#679=LINE('',#12112,#1193);
#680=LINE('',#12114,#1194);
#681=LINE('',#12119,#1195);
#682=LINE('',#12121,#1196);
#683=LINE('',#12122,#1197);
#684=LINE('',#12124,#1198);
#685=LINE('',#12126,#1199);
#686=LINE('',#12138,#1200);
#687=LINE('',#12142,#1201);
#688=LINE('',#12151,#1202);
#689=LINE('',#12153,#1203);
#690=LINE('',#12155,#1204);
#691=LINE('',#12156,#1205);
#692=LINE('',#12168,#1206);
#693=LINE('',#12183,#1207);
#694=LINE('',#12189,#1208);
#695=LINE('',#12191,#1209);
#696=LINE('',#12192,#1210);
#697=LINE('',#12204,#1211);
#698=LINE('',#12219,#1212);
#699=LINE('',#12225,#1213);
#700=LINE('',#12227,#1214);
#701=LINE('',#12228,#1215);
#702=LINE('',#12240,#1216);
#703=LINE('',#12255,#1217);
#704=LINE('',#12270,#1218);
#705=LINE('',#12275,#1219);
#706=LINE('',#12276,#1220);
#707=LINE('',#12281,#1221);
#708=LINE('',#12283,#1222);
#709=LINE('',#12285,#1223);
#710=LINE('',#12286,#1224);
#711=LINE('',#12289,#1225);
#712=LINE('',#12291,#1226);
#713=LINE('',#12292,#1227);
#714=LINE('',#12294,#1228);
#715=LINE('',#12295,#1229);
#716=LINE('',#12308,#1230);
#717=LINE('',#12313,#1231);
#718=LINE('',#12316,#1232);
#719=LINE('',#12318,#1233);
#720=LINE('',#12319,#1234);
#721=LINE('',#12331,#1235);
#722=LINE('',#12346,#1236);
#723=LINE('',#12352,#1237);
#724=LINE('',#12354,#1238);
#725=LINE('',#12355,#1239);
#726=LINE('',#12367,#1240);
#727=LINE('',#12382,#1241);
#728=LINE('',#12397,#1242);
#729=LINE('',#12403,#1243);
#730=LINE('',#12405,#1244);
#731=LINE('',#12406,#1245);
#732=LINE('',#12409,#1246);
#733=LINE('',#12411,#1247);
#734=LINE('',#12412,#1248);
#735=LINE('',#12415,#1249);
#736=LINE('',#12417,#1250);
#737=LINE('',#12418,#1251);
#738=LINE('',#12430,#1252);
#739=LINE('',#12450,#1253);
#740=LINE('',#12452,#1254);
#741=LINE('',#12454,#1255);
#742=LINE('',#12455,#1256);
#743=LINE('',#12474,#1257);
#744=LINE('',#12493,#1258);
#745=LINE('',#12496,#1259);
#746=LINE('',#12498,#1260);
#747=LINE('',#12499,#1261);
#748=LINE('',#12501,#1262);
#749=LINE('',#12502,#1263);
#750=LINE('',#12506,#1264);
#751=LINE('',#12508,#1265);
#752=LINE('',#12510,#1266);
#753=LINE('',#12511,#1267);
#754=LINE('',#12530,#1268);
#755=LINE('',#12549,#1269);
#756=LINE('',#12552,#1270);
#757=LINE('',#12554,#1271);
#758=LINE('',#12555,#1272);
#759=LINE('',#12557,#1273);
#760=LINE('',#12558,#1274);
#761=LINE('',#12571,#1275);
#762=LINE('',#12576,#1276);
#763=LINE('',#12591,#1277);
#764=LINE('',#12598,#1278);
#765=LINE('',#12600,#1279);
#766=LINE('',#12601,#1280);
#767=LINE('',#12613,#1281);
#768=LINE('',#12619,#1282);
#769=LINE('',#12621,#1283);
#770=LINE('',#12622,#1284);
#771=LINE('',#12634,#1285);
#772=LINE('',#12640,#1286);
#773=LINE('',#12642,#1287);
#774=LINE('',#12643,#1288);
#775=LINE('',#12658,#1289);
#776=LINE('',#12681,#1290);
#777=LINE('',#12685,#1291);
#778=LINE('',#12689,#1292);
#779=LINE('',#12692,#1293);
#780=LINE('',#12718,#1294);
#781=LINE('',#12726,#1295);
#782=LINE('',#12734,#1296);
#783=LINE('',#12740,#1297);
#784=LINE('',#12743,#1298);
#785=LINE('',#12745,#1299);
#786=LINE('',#12746,#1300);
#787=LINE('',#12749,#1301);
#788=LINE('',#12753,#1302);
#789=LINE('',#12754,#1303);
#790=LINE('',#12757,#1304);
#791=LINE('',#12773,#1305);
#792=LINE('',#12774,#1306);
#793=LINE('',#12785,#1307);
#794=LINE('',#12786,#1308);
#795=LINE('',#12797,#1309);
#796=LINE('',#12798,#1310);
#797=LINE('',#12806,#1311);
#798=LINE('',#12807,#1312);
#799=LINE('',#12810,#1313);
#800=LINE('',#12812,#1314);
#801=LINE('',#12813,#1315);
#802=LINE('',#12816,#1316);
#803=LINE('',#12820,#1317);
#804=LINE('',#12821,#1318);
#805=LINE('',#12824,#1319);
#806=LINE('',#12843,#1320);
#807=LINE('',#12847,#1321);
#808=LINE('',#12851,#1322);
#809=LINE('',#12855,#1323);
#810=LINE('',#12859,#1324);
#811=LINE('',#12867,#1325);
#812=LINE('',#12877,#1326);
#813=LINE('',#12887,#1327);
#814=LINE('',#12897,#1328);
#815=LINE('',#12907,#1329);
#816=LINE('',#12913,#1330);
#817=LINE('',#12916,#1331);
#818=LINE('',#12919,#1332);
#819=LINE('',#12922,#1333);
#820=LINE('',#12925,#1334);
#821=LINE('',#12928,#1335);
#822=LINE('',#12931,#1336);
#823=LINE('',#12934,#1337);
#824=LINE('',#12937,#1338);
#825=LINE('',#12940,#1339);
#826=LINE('',#12943,#1340);
#827=LINE('',#12949,#1341);
#828=LINE('',#12953,#1342);
#829=LINE('',#12959,#1343);
#830=LINE('',#12965,#1344);
#831=LINE('',#12970,#1345);
#832=LINE('',#12974,#1346);
#833=LINE('',#12977,#1347);
#834=LINE('',#12978,#1348);
#835=LINE('',#12981,#1349);
#836=LINE('',#12984,#1350);
#837=LINE('',#12998,#1351);
#838=LINE('',#12999,#1352);
#839=LINE('',#13010,#1353);
#840=LINE('',#13011,#1354);
#841=LINE('',#13022,#1355);
#842=LINE('',#13023,#1356);
#843=LINE('',#13031,#1357);
#844=LINE('',#13032,#1358);
#845=LINE('',#13035,#1359);
#846=LINE('',#13037,#1360);
#847=LINE('',#13038,#1361);
#848=LINE('',#13041,#1362);
#849=LINE('',#13045,#1363);
#850=LINE('',#13046,#1364);
#851=LINE('',#13049,#1365);
#852=LINE('',#13055,#1366);
#853=LINE('',#13058,#1367);
#854=LINE('',#13059,#1368);
#855=LINE('',#13062,#1369);
#856=LINE('',#13065,#1370);
#857=LINE('',#13068,#1371);
#858=LINE('',#13069,#1372);
#859=LINE('',#13072,#1373);
#860=LINE('',#13076,#1374);
#861=LINE('',#13077,#1375);
#862=LINE('',#13093,#1376);
#863=LINE('',#13094,#1377);
#864=LINE('',#13105,#1378);
#865=LINE('',#13106,#1379);
#866=LINE('',#13117,#1380);
#867=LINE('',#13118,#1381);
#868=LINE('',#13126,#1382);
#869=LINE('',#13127,#1383);
#870=LINE('',#13130,#1384);
#871=LINE('',#13132,#1385);
#872=LINE('',#13133,#1386);
#873=LINE('',#13136,#1387);
#874=LINE('',#13140,#1388);
#875=LINE('',#13141,#1389);
#876=LINE('',#13144,#1390);
#877=LINE('',#13149,#1391);
#878=LINE('',#13150,#1392);
#879=LINE('',#13153,#1393);
#880=LINE('',#13157,#1394);
#881=LINE('',#13158,#1395);
#882=LINE('',#13166,#1396);
#883=LINE('',#13168,#1397);
#884=LINE('',#13170,#1398);
#885=LINE('',#13175,#1399);
#886=LINE('',#13179,#1400);
#887=LINE('',#13181,#1401);
#888=LINE('',#13183,#1402);
#889=LINE('',#13188,#1403);
#890=LINE('',#13192,#1404);
#891=LINE('',#13194,#1405);
#892=LINE('',#13196,#1406);
#893=LINE('',#13201,#1407);
#894=LINE('',#13205,#1408);
#895=LINE('',#13207,#1409);
#896=LINE('',#13209,#1410);
#897=LINE('',#13214,#1411);
#898=LINE('',#13220,#1412);
#899=LINE('',#13229,#1413);
#900=LINE('',#13235,#1414);
#901=LINE('',#13240,#1415);
#902=LINE('',#13242,#1416);
#903=LINE('',#13248,#1417);
#904=LINE('',#13249,#1418);
#905=LINE('',#13252,#1419);
#906=LINE('',#13254,#1420);
#907=LINE('',#13259,#1421);
#908=LINE('',#13262,#1422);
#909=LINE('',#13264,#1423);
#910=LINE('',#13269,#1424);
#911=LINE('',#13272,#1425);
#912=LINE('',#13274,#1426);
#913=LINE('',#13279,#1427);
#914=LINE('',#13315,#1428);
#915=LINE('',#13320,#1429);
#916=LINE('',#13324,#1430);
#917=LINE('',#13331,#1431);
#918=LINE('',#13337,#1432);
#919=LINE('',#13343,#1433);
#920=LINE('',#13356,#1434);
#921=LINE('',#13363,#1435);
#922=LINE('',#13365,#1436);
#923=LINE('',#13367,#1437);
#924=LINE('',#13372,#1438);
#925=LINE('',#13376,#1439);
#926=LINE('',#13378,#1440);
#927=LINE('',#13380,#1441);
#928=LINE('',#13385,#1442);
#929=LINE('',#13389,#1443);
#930=LINE('',#13391,#1444);
#931=LINE('',#13393,#1445);
#932=LINE('',#13398,#1446);
#933=LINE('',#13402,#1447);
#934=LINE('',#13404,#1448);
#935=LINE('',#13406,#1449);
#936=LINE('',#13411,#1450);
#937=LINE('',#13415,#1451);
#938=LINE('',#13417,#1452);
#939=LINE('',#13423,#1453);
#940=LINE('',#13424,#1454);
#941=LINE('',#13428,#1455);
#942=LINE('',#13430,#1456);
#943=LINE('',#13436,#1457);
#944=LINE('',#13437,#1458);
#945=LINE('',#13441,#1459);
#946=LINE('',#13443,#1460);
#947=LINE('',#13449,#1461);
#948=LINE('',#13450,#1462);
#949=LINE('',#13454,#1463);
#950=LINE('',#13456,#1464);
#951=LINE('',#13462,#1465);
#952=LINE('',#13463,#1466);
#953=LINE('',#13503,#1467);
#954=LINE('',#13509,#1468);
#955=LINE('',#13514,#1469);
#956=LINE('',#13519,#1470);
#957=LINE('',#13525,#1471);
#958=LINE('',#13530,#1472);
#959=LINE('',#13536,#1473);
#960=LINE('',#13548,#1474);
#961=LINE('',#13555,#1475);
#962=LINE('',#13557,#1476);
#963=LINE('',#13559,#1477);
#964=LINE('',#13564,#1478);
#965=LINE('',#13568,#1479);
#966=LINE('',#13570,#1480);
#967=LINE('',#13572,#1481);
#968=LINE('',#13577,#1482);
#969=LINE('',#13581,#1483);
#970=LINE('',#13583,#1484);
#971=LINE('',#13585,#1485);
#972=LINE('',#13590,#1486);
#973=LINE('',#13594,#1487);
#974=LINE('',#13596,#1488);
#975=LINE('',#13598,#1489);
#976=LINE('',#13603,#1490);
#977=LINE('',#13607,#1491);
#978=LINE('',#13609,#1492);
#979=LINE('',#13615,#1493);
#980=LINE('',#13616,#1494);
#981=LINE('',#13620,#1495);
#982=LINE('',#13622,#1496);
#983=LINE('',#13628,#1497);
#984=LINE('',#13629,#1498);
#985=LINE('',#13633,#1499);
#986=LINE('',#13635,#1500);
#987=LINE('',#13641,#1501);
#988=LINE('',#13642,#1502);
#989=LINE('',#13646,#1503);
#990=LINE('',#13648,#1504);
#991=LINE('',#13654,#1505);
#992=LINE('',#13655,#1506);
#993=LINE('',#13695,#1507);
#994=LINE('',#13701,#1508);
#995=LINE('',#13706,#1509);
#996=LINE('',#13711,#1510);
#997=LINE('',#13717,#1511);
#998=LINE('',#13722,#1512);
#999=LINE('',#13728,#1513);
#1000=LINE('',#13740,#1514);
#1001=VECTOR('',#8547,10.);
#1002=VECTOR('',#8548,10.);
#1003=VECTOR('',#8561,10.);
#1004=VECTOR('',#8562,10.);
#1005=VECTOR('',#8575,10.);
#1006=VECTOR('',#8576,10.);
#1007=VECTOR('',#8587,10.);
#1008=VECTOR('',#8588,10.);
#1009=VECTOR('',#8591,10.);
#1010=VECTOR('',#8592,10.);
#1011=VECTOR('',#8593,10.);
#1012=VECTOR('',#8596,10.);
#1013=VECTOR('',#8601,10.);
#1014=VECTOR('',#8602,10.);
#1015=VECTOR('',#8603,10.);
#1016=VECTOR('',#8604,10.);
#1017=VECTOR('',#8605,10.);
#1018=VECTOR('',#8606,10.);
#1019=VECTOR('',#8609,10.);
#1020=VECTOR('',#8616,10.);
#1021=VECTOR('',#8619,10.);
#1022=VECTOR('',#8622,10.);
#1023=VECTOR('',#8625,10.);
#1024=VECTOR('',#8634,1.25);
#1025=VECTOR('',#8641,1.5);
#1026=VECTOR('',#8650,1.25);
#1027=VECTOR('',#8657,1.5);
#1028=VECTOR('',#8666,10.);
#1029=VECTOR('',#8669,10.);
#1030=VECTOR('',#8672,10.);
#1031=VECTOR('',#8673,10.);
#1032=VECTOR('',#8674,10.);
#1033=VECTOR('',#8677,10.);
#1034=VECTOR('',#8678,10.);
#1035=VECTOR('',#8679,10.);
#1036=VECTOR('',#8684,10.);
#1037=VECTOR('',#8693,10.);
#1038=VECTOR('',#8696,10.);
#1039=VECTOR('',#8697,10.);
#1040=VECTOR('',#8698,10.);
#1041=VECTOR('',#8701,10.);
#1042=VECTOR('',#8702,10.);
#1043=VECTOR('',#8703,10.);
#1044=VECTOR('',#8712,10.);
#1045=VECTOR('',#8715,10.);
#1046=VECTOR('',#8718,10.);
#1047=VECTOR('',#8721,10.);
#1048=VECTOR('',#8726,10.);
#1049=VECTOR('',#8727,10.);
#1050=VECTOR('',#8728,10.);
#1051=VECTOR('',#8735,10.);
#1052=VECTOR('',#8746,10.);
#1053=VECTOR('',#8757,10.);
#1054=VECTOR('',#8768,10.);
#1055=VECTOR('',#8777,10.);
#1056=VECTOR('',#8780,10.);
#1057=VECTOR('',#8783,10.);
#1058=VECTOR('',#8786,10.);
#1059=VECTOR('',#8789,10.);
#1060=VECTOR('',#8790,10.);
#1061=VECTOR('',#8791,10.);
#1062=VECTOR('',#8798,10.);
#1063=VECTOR('',#8803,10.);
#1064=VECTOR('',#8804,10.);
#1065=VECTOR('',#8807,10.);
#1066=VECTOR('',#8812,10.);
#1067=VECTOR('',#8813,10.);
#1068=VECTOR('',#8822,10.);
#1069=VECTOR('',#8835,10.);
#1070=VECTOR('',#8844,10.);
#1071=VECTOR('',#8857,10.);
#1072=VECTOR('',#8866,10.);
#1073=VECTOR('',#8869,10.);
#1074=VECTOR('',#8872,10.);
#1075=VECTOR('',#8875,10.);
#1076=VECTOR('',#8878,10.);
#1077=VECTOR('',#8881,10.);
#1078=VECTOR('',#8884,10.);
#1079=VECTOR('',#8885,10.);
#1080=VECTOR('',#8888,10.);
#1081=VECTOR('',#8893,10.);
#1082=VECTOR('',#8894,10.);
#1083=VECTOR('',#8897,10.);
#1084=VECTOR('',#8898,10.);
#1085=VECTOR('',#8899,10.);
#1086=VECTOR('',#8902,10.);
#1087=VECTOR('',#8907,10.);
#1088=VECTOR('',#8908,10.);
#1089=VECTOR('',#8911,10.);
#1090=VECTOR('',#8912,10.);
#1091=VECTOR('',#8917,10.);
#1092=VECTOR('',#8920,10.);
#1093=VECTOR('',#8921,10.);
#1094=VECTOR('',#8928,10.);
#1095=VECTOR('',#8935,10.);
#1096=VECTOR('',#8938,10.);
#1097=VECTOR('',#8939,10.);
#1098=VECTOR('',#8944,10.);
#1099=VECTOR('',#8947,10.);
#1100=VECTOR('',#8962,10.);
#1101=VECTOR('',#8963,10.);
#1102=VECTOR('',#8974,10.);
#1103=VECTOR('',#8977,10.);
#1104=VECTOR('',#8980,10.);
#1105=VECTOR('',#8981,10.);
#1106=VECTOR('',#8984,10.);
#1107=VECTOR('',#8987,10.);
#1108=VECTOR('',#9004,10.);
#1109=VECTOR('',#9005,10.);
#1110=VECTOR('',#9016,10.);
#1111=VECTOR('',#9019,10.);
#1112=VECTOR('',#9022,10.);
#1113=VECTOR('',#9025,10.);
#1114=VECTOR('',#9026,10.);
#1115=VECTOR('',#9029,10.);
#1116=VECTOR('',#9032,10.);
#1117=VECTOR('',#9047,10.);
#1118=VECTOR('',#9048,10.);
#1119=VECTOR('',#9061,10.);
#1120=VECTOR('',#9062,10.);
#1121=VECTOR('',#9075,10.);
#1122=VECTOR('',#9076,10.);
#1123=VECTOR('',#9087,10.);
#1124=VECTOR('',#9088,10.);
#1125=VECTOR('',#9091,10.);
#1126=VECTOR('',#9092,10.);
#1127=VECTOR('',#9093,10.);
#1128=VECTOR('',#9096,10.);
#1129=VECTOR('',#9101,10.);
#1130=VECTOR('',#9102,10.);
#1131=VECTOR('',#9105,10.);
#1132=VECTOR('',#9124,10.);
#1133=VECTOR('',#9125,10.);
#1134=VECTOR('',#9138,10.);
#1135=VECTOR('',#9139,10.);
#1136=VECTOR('',#9152,10.);
#1137=VECTOR('',#9153,10.);
#1138=VECTOR('',#9164,10.);
#1139=VECTOR('',#9165,10.);
#1140=VECTOR('',#9168,10.);
#1141=VECTOR('',#9169,10.);
#1142=VECTOR('',#9170,10.);
#1143=VECTOR('',#9173,10.);
#1144=VECTOR('',#9178,10.);
#1145=VECTOR('',#9179,10.);
#1146=VECTOR('',#9182,10.);
#1147=VECTOR('',#9199,10.);
#1148=VECTOR('',#9224,10.);
#1149=VECTOR('',#9227,10.);
#1150=VECTOR('',#9230,10.);
#1151=VECTOR('',#9233,10.);
#1152=VECTOR('',#9248,10.);
#1153=VECTOR('',#9249,10.);
#1154=VECTOR('',#9262,10.);
#1155=VECTOR('',#9273,10.);
#1156=VECTOR('',#9282,10.);
#1157=VECTOR('',#9283,10.);
#1158=VECTOR('',#9286,10.);
#1159=VECTOR('',#9289,10.);
#1160=VECTOR('',#9292,10.);
#1161=VECTOR('',#9295,10.);
#1162=VECTOR('',#9300,10.);
#1163=VECTOR('',#9301,10.);
#1164=VECTOR('',#9312,10.);
#1165=VECTOR('',#9313,10.);
#1166=VECTOR('',#9320,10.);
#1167=VECTOR('',#9323,10.);
#1168=VECTOR('',#9336,10.);
#1169=VECTOR('',#9343,10.);
#1170=VECTOR('',#9350,10.);
#1171=VECTOR('',#9359,10.);
#1172=VECTOR('',#9368,10.);
#1173=VECTOR('',#9369,10.);
#1174=VECTOR('',#9372,10.);
#1175=VECTOR('',#9377,10.);
#1176=VECTOR('',#9380,10.);
#1177=VECTOR('',#9391,10.);
#1178=VECTOR('',#9398,10.);
#1179=VECTOR('',#9399,10.);
#1180=VECTOR('',#9404,10.);
#1181=VECTOR('',#9409,1.07823);
#1182=VECTOR('',#9414,1.07823);
#1183=VECTOR('',#9431,0.539115);
#1184=VECTOR('',#9436,1.339115);
#1185=VECTOR('',#9441,1.07823);
#1186=VECTOR('',#9444,3.425);
#1187=VECTOR('',#9451,3.425);
#1188=VECTOR('',#9454,10.);
#1189=VECTOR('',#9455,10.);
#1190=VECTOR('',#9458,10.);
#1191=VECTOR('',#9461,10.);
#1192=VECTOR('',#9464,10.);
#1193=VECTOR('',#9467,10.);
#1194=VECTOR('',#9470,10.);
#1195=VECTOR('',#9477,10.);
#1196=VECTOR('',#9480,10.);
#1197=VECTOR('',#9481,10.);
#1198=VECTOR('',#9484,10.);
#1199=VECTOR('',#9487,10.);
#1200=VECTOR('',#9502,1.35);
#1201=VECTOR('',#9507,1.1);
#1202=VECTOR('',#9520,10.);
#1203=VECTOR('',#9521,10.);
#1204=VECTOR('',#9522,10.);
#1205=VECTOR('',#9523,10.);
#1206=VECTOR('',#9524,10.);
#1207=VECTOR('',#9525,10.);
#1208=VECTOR('',#9528,10.);
#1209=VECTOR('',#9529,10.);
#1210=VECTOR('',#9530,10.);
#1211=VECTOR('',#9531,10.);
#1212=VECTOR('',#9532,10.);
#1213=VECTOR('',#9535,10.);
#1214=VECTOR('',#9536,10.);
#1215=VECTOR('',#9537,10.);
#1216=VECTOR('',#9538,10.);
#1217=VECTOR('',#9539,10.);
#1218=VECTOR('',#9540,10.);
#1219=VECTOR('',#9543,10.);
#1220=VECTOR('',#9544,10.);
#1221=VECTOR('',#9549,10.);
#1222=VECTOR('',#9550,10.);
#1223=VECTOR('',#9551,10.);
#1224=VECTOR('',#9552,10.);
#1225=VECTOR('',#9555,10.);
#1226=VECTOR('',#9556,10.);
#1227=VECTOR('',#9557,10.);
#1228=VECTOR('',#9560,10.);
#1229=VECTOR('',#9561,10.);
#1230=VECTOR('',#9562,10.);
#1231=VECTOR('',#9563,10.);
#1232=VECTOR('',#9566,10.);
#1233=VECTOR('',#9567,10.);
#1234=VECTOR('',#9568,10.);
#1235=VECTOR('',#9569,10.);
#1236=VECTOR('',#9570,10.);
#1237=VECTOR('',#9573,10.);
#1238=VECTOR('',#9574,10.);
#1239=VECTOR('',#9575,10.);
#1240=VECTOR('',#9576,10.);
#1241=VECTOR('',#9577,10.);
#1242=VECTOR('',#9578,10.);
#1243=VECTOR('',#9581,10.);
#1244=VECTOR('',#9582,10.);
#1245=VECTOR('',#9583,10.);
#1246=VECTOR('',#9586,10.);
#1247=VECTOR('',#9587,10.);
#1248=VECTOR('',#9588,10.);
#1249=VECTOR('',#9591,10.);
#1250=VECTOR('',#9592,10.);
#1251=VECTOR('',#9593,10.);
#1252=VECTOR('',#9594,10.);
#1253=VECTOR('',#9599,10.);
#1254=VECTOR('',#9600,10.);
#1255=VECTOR('',#9601,10.);
#1256=VECTOR('',#9602,10.);
#1257=VECTOR('',#9603,10.);
#1258=VECTOR('',#9604,10.);
#1259=VECTOR('',#9607,10.);
#1260=VECTOR('',#9608,10.);
#1261=VECTOR('',#9609,10.);
#1262=VECTOR('',#9612,10.);
#1263=VECTOR('',#9613,10.);
#1264=VECTOR('',#9616,10.);
#1265=VECTOR('',#9617,10.);
#1266=VECTOR('',#9618,10.);
#1267=VECTOR('',#9619,10.);
#1268=VECTOR('',#9620,10.);
#1269=VECTOR('',#9621,10.);
#1270=VECTOR('',#9624,10.);
#1271=VECTOR('',#9625,10.);
#1272=VECTOR('',#9626,10.);
#1273=VECTOR('',#9629,10.);
#1274=VECTOR('',#9630,10.);
#1275=VECTOR('',#9631,10.);
#1276=VECTOR('',#9632,10.);
#1277=VECTOR('',#9633,10.);
#1278=VECTOR('',#9636,10.);
#1279=VECTOR('',#9637,10.);
#1280=VECTOR('',#9638,10.);
#1281=VECTOR('',#9639,10.);
#1282=VECTOR('',#9642,10.);
#1283=VECTOR('',#9643,10.);
#1284=VECTOR('',#9644,10.);
#1285=VECTOR('',#9645,10.);
#1286=VECTOR('',#9648,10.);
#1287=VECTOR('',#9649,10.);
#1288=VECTOR('',#9650,10.);
#1289=VECTOR('',#9651,10.);
#1290=VECTOR('',#9658,10.);
#1291=VECTOR('',#9661,10.);
#1292=VECTOR('',#9664,10.);
#1293=VECTOR('',#9667,10.);
#1294=VECTOR('',#9698,10.);
#1295=VECTOR('',#9709,10.);
#1296=VECTOR('',#9720,10.);
#1297=VECTOR('',#9729,10.);
#1298=VECTOR('',#9732,10.);
#1299=VECTOR('',#9733,10.);
#1300=VECTOR('',#9734,10.);
#1301=VECTOR('',#9737,10.);
#1302=VECTOR('',#9742,10.);
#1303=VECTOR('',#9743,10.);
#1304=VECTOR('',#9746,10.);
#1305=VECTOR('',#9765,10.);
#1306=VECTOR('',#9766,10.);
#1307=VECTOR('',#9779,10.);
#1308=VECTOR('',#9780,10.);
#1309=VECTOR('',#9793,10.);
#1310=VECTOR('',#9794,10.);
#1311=VECTOR('',#9805,10.);
#1312=VECTOR('',#9806,10.);
#1313=VECTOR('',#9809,10.);
#1314=VECTOR('',#9810,10.);
#1315=VECTOR('',#9811,10.);
#1316=VECTOR('',#9814,10.);
#1317=VECTOR('',#9819,10.);
#1318=VECTOR('',#9820,10.);
#1319=VECTOR('',#9823,10.);
#1320=VECTOR('',#9844,0.8);
#1321=VECTOR('',#9849,0.8);
#1322=VECTOR('',#9854,0.8);
#1323=VECTOR('',#9859,0.8);
#1324=VECTOR('',#9864,0.8);
#1325=VECTOR('',#9875,1.);
#1326=VECTOR('',#9888,1.);
#1327=VECTOR('',#9901,1.);
#1328=VECTOR('',#9914,1.);
#1329=VECTOR('',#9927,1.);
#1330=VECTOR('',#9934,0.75);
#1331=VECTOR('',#9939,0.6);
#1332=VECTOR('',#9942,0.75);
#1333=VECTOR('',#9947,0.6);
#1334=VECTOR('',#9950,0.75);
#1335=VECTOR('',#9955,0.6);
#1336=VECTOR('',#9958,0.75);
#1337=VECTOR('',#9963,0.6);
#1338=VECTOR('',#9966,0.75);
#1339=VECTOR('',#9971,0.6);
#1340=VECTOR('',#9974,2.55);
#1341=VECTOR('',#9981,2.5);
#1342=VECTOR('',#9986,2.55);
#1343=VECTOR('',#9993,2.5);
#1344=VECTOR('',#10002,2.);
#1345=VECTOR('',#10009,2.);
#1346=VECTOR('',#10014,10.);
#1347=VECTOR('',#10017,10.);
#1348=VECTOR('',#10018,10.);
#1349=VECTOR('',#10021,10.);
#1350=VECTOR('',#10026,10.);
#1351=VECTOR('',#10041,10.);
#1352=VECTOR('',#10042,10.);
#1353=VECTOR('',#10055,10.);
#1354=VECTOR('',#10056,10.);
#1355=VECTOR('',#10069,10.);
#1356=VECTOR('',#10070,10.);
#1357=VECTOR('',#10081,10.);
#1358=VECTOR('',#10082,10.);
#1359=VECTOR('',#10085,10.);
#1360=VECTOR('',#10086,10.);
#1361=VECTOR('',#10087,10.);
#1362=VECTOR('',#10090,10.);
#1363=VECTOR('',#10095,10.);
#1364=VECTOR('',#10096,10.);
#1365=VECTOR('',#10099,10.);
#1366=VECTOR('',#10108,10.);
#1367=VECTOR('',#10111,10.);
#1368=VECTOR('',#10112,10.);
#1369=VECTOR('',#10115,10.);
#1370=VECTOR('',#10120,10.);
#1371=VECTOR('',#10123,10.);
#1372=VECTOR('',#10124,10.);
#1373=VECTOR('',#10127,10.);
#1374=VECTOR('',#10132,10.);
#1375=VECTOR('',#10133,10.);
#1376=VECTOR('',#10152,10.);
#1377=VECTOR('',#10153,10.);
#1378=VECTOR('',#10166,10.);
#1379=VECTOR('',#10167,10.);
#1380=VECTOR('',#10180,10.);
#1381=VECTOR('',#10181,10.);
#1382=VECTOR('',#10192,10.);
#1383=VECTOR('',#10193,10.);
#1384=VECTOR('',#10196,10.);
#1385=VECTOR('',#10197,10.);
#1386=VECTOR('',#10198,10.);
#1387=VECTOR('',#10201,10.);
#1388=VECTOR('',#10206,10.);
#1389=VECTOR('',#10207,10.);
#1390=VECTOR('',#10210,10.);
#1391=VECTOR('',#10217,10.);
#1392=VECTOR('',#10218,10.);
#1393=VECTOR('',#10221,10.);
#1394=VECTOR('',#10226,10.);
#1395=VECTOR('',#10227,10.);
#1396=VECTOR('',#10238,10.);
#1397=VECTOR('',#10239,10.);
#1398=VECTOR('',#10240,10.);
#1399=VECTOR('',#10241,10.);
#1400=VECTOR('',#10244,10.);
#1401=VECTOR('',#10245,10.);
#1402=VECTOR('',#10246,10.);
#1403=VECTOR('',#10247,10.);
#1404=VECTOR('',#10250,10.);
#1405=VECTOR('',#10251,10.);
#1406=VECTOR('',#10252,10.);
#1407=VECTOR('',#10253,10.);
#1408=VECTOR('',#10256,10.);
#1409=VECTOR('',#10257,10.);
#1410=VECTOR('',#10258,10.);
#1411=VECTOR('',#10259,10.);
#1412=VECTOR('',#10264,10.);
#1413=VECTOR('',#10275,10.);
#1414=VECTOR('',#10282,10.);
#1415=VECTOR('',#10287,10.);
#1416=VECTOR('',#10288,10.);
#1417=VECTOR('',#10289,10.);
#1418=VECTOR('',#10290,10.);
#1419=VECTOR('',#10293,10.);
#1420=VECTOR('',#10294,10.);
#1421=VECTOR('',#10295,10.);
#1422=VECTOR('',#10298,10.);
#1423=VECTOR('',#10299,10.);
#1424=VECTOR('',#10300,10.);
#1425=VECTOR('',#10303,10.);
#1426=VECTOR('',#10304,10.);
#1427=VECTOR('',#10305,10.);
#1428=VECTOR('',#10372,2.75);
#1429=VECTOR('',#10379,0.9);
#1430=VECTOR('',#10384,2.5);
#1431=VECTOR('',#10393,2.);
#1432=VECTOR('',#10400,1.55);
#1433=VECTOR('',#10407,1.65);
#1434=VECTOR('',#10424,1.65);
#1435=VECTOR('',#10433,10.);
#1436=VECTOR('',#10434,10.);
#1437=VECTOR('',#10435,10.);
#1438=VECTOR('',#10436,10.);
#1439=VECTOR('',#10439,10.);
#1440=VECTOR('',#10440,10.);
#1441=VECTOR('',#10441,10.);
#1442=VECTOR('',#10442,10.);
#1443=VECTOR('',#10445,10.);
#1444=VECTOR('',#10446,10.);
#1445=VECTOR('',#10447,10.);
#1446=VECTOR('',#10448,10.);
#1447=VECTOR('',#10451,10.);
#1448=VECTOR('',#10452,10.);
#1449=VECTOR('',#10453,10.);
#1450=VECTOR('',#10454,10.);
#1451=VECTOR('',#10457,10.);
#1452=VECTOR('',#10458,10.);
#1453=VECTOR('',#10459,10.);
#1454=VECTOR('',#10460,10.);
#1455=VECTOR('',#10463,10.);
#1456=VECTOR('',#10464,10.);
#1457=VECTOR('',#10465,10.);
#1458=VECTOR('',#10466,10.);
#1459=VECTOR('',#10469,10.);
#1460=VECTOR('',#10470,10.);
#1461=VECTOR('',#10471,10.);
#1462=VECTOR('',#10472,10.);
#1463=VECTOR('',#10475,10.);
#1464=VECTOR('',#10476,10.);
#1465=VECTOR('',#10477,10.);
#1466=VECTOR('',#10478,10.);
#1467=VECTOR('',#10551,0.625000000000001);
#1468=VECTOR('',#10560,1.);
#1469=VECTOR('',#10567,0.8);
#1470=VECTOR('',#10572,0.3);
#1471=VECTOR('',#10579,0.35);
#1472=VECTOR('',#10586,0.4);
#1473=VECTOR('',#10593,0.45);
#1474=VECTOR('',#10608,0.45);
#1475=VECTOR('',#10617,10.);
#1476=VECTOR('',#10618,10.);
#1477=VECTOR('',#10619,10.);
#1478=VECTOR('',#10620,10.);
#1479=VECTOR('',#10623,10.);
#1480=VECTOR('',#10624,10.);
#1481=VECTOR('',#10625,10.);
#1482=VECTOR('',#10626,10.);
#1483=VECTOR('',#10629,10.);
#1484=VECTOR('',#10630,10.);
#1485=VECTOR('',#10631,10.);
#1486=VECTOR('',#10632,10.);
#1487=VECTOR('',#10635,10.);
#1488=VECTOR('',#10636,10.);
#1489=VECTOR('',#10637,10.);
#1490=VECTOR('',#10638,10.);
#1491=VECTOR('',#10641,10.);
#1492=VECTOR('',#10642,10.);
#1493=VECTOR('',#10643,10.);
#1494=VECTOR('',#10644,10.);
#1495=VECTOR('',#10647,10.);
#1496=VECTOR('',#10648,10.);
#1497=VECTOR('',#10649,10.);
#1498=VECTOR('',#10650,10.);
#1499=VECTOR('',#10653,10.);
#1500=VECTOR('',#10654,10.);
#1501=VECTOR('',#10655,10.);
#1502=VECTOR('',#10656,10.);
#1503=VECTOR('',#10659,10.);
#1504=VECTOR('',#10660,10.);
#1505=VECTOR('',#10661,10.);
#1506=VECTOR('',#10662,10.);
#1507=VECTOR('',#10735,0.625000000000001);
#1508=VECTOR('',#10744,1.);
#1509=VECTOR('',#10751,0.8);
#1510=VECTOR('',#10756,0.3);
#1511=VECTOR('',#10763,0.35);
#1512=VECTOR('',#10770,0.4);
#1513=VECTOR('',#10777,0.45);
#1514=VECTOR('',#10792,0.45);
#1515=CYLINDRICAL_SURFACE('',#7648,0.1);
#1516=CYLINDRICAL_SURFACE('',#7654,0.1);
#1517=CYLINDRICAL_SURFACE('',#7660,0.1);
#1518=CYLINDRICAL_SURFACE('',#7666,0.1);
#1519=CYLINDRICAL_SURFACE('',#7668,1.);
#1520=CYLINDRICAL_SURFACE('',#7671,1.);
#1521=CYLINDRICAL_SURFACE('',#7684,1.5);
#1522=CYLINDRICAL_SURFACE('',#7691,1.5);
#1523=CYLINDRICAL_SURFACE('',#7694,1.2);
#1524=CYLINDRICAL_SURFACE('',#7699,1.2);
#1525=CYLINDRICAL_SURFACE('',#7702,1.2);
#1526=CYLINDRICAL_SURFACE('',#7707,1.2);
#1527=CYLINDRICAL_SURFACE('',#7716,0.1);
#1528=CYLINDRICAL_SURFACE('',#7722,0.1);
#1529=CYLINDRICAL_SURFACE('',#7727,0.1);
#1530=CYLINDRICAL_SURFACE('',#7732,0.1);
#1531=CYLINDRICAL_SURFACE('',#7742,2.5);
#1532=CYLINDRICAL_SURFACE('',#7744,2.5);
#1533=CYLINDRICAL_SURFACE('',#7747,2.5);
#1534=CYLINDRICAL_SURFACE('',#7750,2.5);
#1535=CYLINDRICAL_SURFACE('',#7752,0.6);
#1536=CYLINDRICAL_SURFACE('',#7758,0.6);
#1537=CYLINDRICAL_SURFACE('',#7763,0.6);
#1538=CYLINDRICAL_SURFACE('',#7768,0.6);
#1539=CYLINDRICAL_SURFACE('',#7777,1.2);
#1540=CYLINDRICAL_SURFACE('',#7780,1.2);
#1541=CYLINDRICAL_SURFACE('',#7784,0.75);
#1542=CYLINDRICAL_SURFACE('',#7788,1.2);
#1543=CYLINDRICAL_SURFACE('',#7791,1.2);
#1544=CYLINDRICAL_SURFACE('',#7793,0.75);
#1545=CYLINDRICAL_SURFACE('',#7795,0.75);
#1546=CYLINDRICAL_SURFACE('',#7798,0.75);
#1547=CYLINDRICAL_SURFACE('',#7806,0.5);
#1548=CYLINDRICAL_SURFACE('',#7812,1.);
#1549=CYLINDRICAL_SURFACE('',#7815,1.);
#1550=CYLINDRICAL_SURFACE('',#7823,0.5);
#1551=CYLINDRICAL_SURFACE('',#7829,1.);
#1552=CYLINDRICAL_SURFACE('',#7833,1.);
#1553=CYLINDRICAL_SURFACE('',#7840,1.);
#1554=CYLINDRICAL_SURFACE('',#7846,1.);
#1555=CYLINDRICAL_SURFACE('',#7852,1.);
#1556=CYLINDRICAL_SURFACE('',#7858,1.);
#1557=CYLINDRICAL_SURFACE('',#7860,2.9);
#1558=CYLINDRICAL_SURFACE('',#7863,2.9);
#1559=CYLINDRICAL_SURFACE('',#7871,0.5);
#1560=CYLINDRICAL_SURFACE('',#7877,0.5);
#1561=CYLINDRICAL_SURFACE('',#7883,0.5);
#1562=CYLINDRICAL_SURFACE('',#7889,0.5);
#1563=CYLINDRICAL_SURFACE('',#7891,1.6);
#1564=CYLINDRICAL_SURFACE('',#7894,1.6);
#1565=CYLINDRICAL_SURFACE('',#7901,0.5);
#1566=CYLINDRICAL_SURFACE('',#7906,0.5);
#1567=CYLINDRICAL_SURFACE('',#7910,0.5);
#1568=CYLINDRICAL_SURFACE('',#7914,0.5);
#1569=CYLINDRICAL_SURFACE('',#7915,1.6);
#1570=CYLINDRICAL_SURFACE('',#7917,1.6);
#1571=CYLINDRICAL_SURFACE('',#7923,0.5);
#1572=CYLINDRICAL_SURFACE('',#7929,0.5);
#1573=CYLINDRICAL_SURFACE('',#7934,0.5);
#1574=CYLINDRICAL_SURFACE('',#7939,0.5);
#1575=CYLINDRICAL_SURFACE('',#7940,2.9);
#1576=CYLINDRICAL_SURFACE('',#7942,2.9);
#1577=CYLINDRICAL_SURFACE('',#7949,0.5);
#1578=CYLINDRICAL_SURFACE('',#7953,0.5);
#1579=CYLINDRICAL_SURFACE('',#7959,0.5);
#1580=CYLINDRICAL_SURFACE('',#7963,0.5);
#1581=CYLINDRICAL_SURFACE('',#7965,0.5);
#1582=CYLINDRICAL_SURFACE('',#7969,0.5);
#1583=CYLINDRICAL_SURFACE('',#7974,0.5);
#1584=CYLINDRICAL_SURFACE('',#7976,1.);
#1585=CYLINDRICAL_SURFACE('',#7977,0.5);
#1586=CYLINDRICAL_SURFACE('',#7982,0.5);
#1587=CYLINDRICAL_SURFACE('',#7986,0.5);
#1588=CYLINDRICAL_SURFACE('',#7988,1.);
#1589=CYLINDRICAL_SURFACE('',#7990,1.07823);
#1590=CYLINDRICAL_SURFACE('',#7992,1.07823);
#1591=CYLINDRICAL_SURFACE('',#8004,1.07823);
#1592=CYLINDRICAL_SURFACE('',#8010,0.2);
#1593=CYLINDRICAL_SURFACE('',#8012,0.2);
#1594=CYLINDRICAL_SURFACE('',#8014,0.2);
#1595=CYLINDRICAL_SURFACE('',#8017,0.2);
#1596=CYLINDRICAL_SURFACE('',#8018,0.2);
#1597=CYLINDRICAL_SURFACE('',#8020,0.2);
#1598=CYLINDRICAL_SURFACE('',#8025,1.35);
#1599=CYLINDRICAL_SURFACE('',#8077,0.1);
#1600=CYLINDRICAL_SURFACE('',#8082,0.1);
#1601=CYLINDRICAL_SURFACE('',#8087,0.1);
#1602=CYLINDRICAL_SURFACE('',#8092,0.1);
#1603=CYLINDRICAL_SURFACE('',#8094,0.750000000000007);
#1604=CYLINDRICAL_SURFACE('',#8097,0.749999999999999);
#1605=CYLINDRICAL_SURFACE('',#8105,0.1);
#1606=CYLINDRICAL_SURFACE('',#8111,0.1);
#1607=CYLINDRICAL_SURFACE('',#8117,0.1);
#1608=CYLINDRICAL_SURFACE('',#8123,0.1);
#1609=CYLINDRICAL_SURFACE('',#8125,1.20000000000001);
#1610=CYLINDRICAL_SURFACE('',#8128,1.2);
#1611=CYLINDRICAL_SURFACE('',#8138,0.8);
#1612=CYLINDRICAL_SURFACE('',#8140,0.8);
#1613=CYLINDRICAL_SURFACE('',#8142,0.8);
#1614=CYLINDRICAL_SURFACE('',#8144,0.8);
#1615=CYLINDRICAL_SURFACE('',#8146,0.8);
#1616=CYLINDRICAL_SURFACE('',#8150,1.);
#1617=CYLINDRICAL_SURFACE('',#8156,1.);
#1618=CYLINDRICAL_SURFACE('',#8162,1.);
#1619=CYLINDRICAL_SURFACE('',#8168,1.);
#1620=CYLINDRICAL_SURFACE('',#8174,1.);
#1621=CYLINDRICAL_SURFACE('',#8180,0.6);
#1622=CYLINDRICAL_SURFACE('',#8183,0.6);
#1623=CYLINDRICAL_SURFACE('',#8186,0.6);
#1624=CYLINDRICAL_SURFACE('',#8189,0.6);
#1625=CYLINDRICAL_SURFACE('',#8192,0.6);
#1626=CYLINDRICAL_SURFACE('',#8196,2.5);
#1627=CYLINDRICAL_SURFACE('',#8201,2.5);
#1628=CYLINDRICAL_SURFACE('',#8205,2.);
#1629=CYLINDRICAL_SURFACE('',#8208,2.);
#1630=CYLINDRICAL_SURFACE('',#8209,0.750000000000001);
#1631=CYLINDRICAL_SURFACE('',#8212,0.749999999999997);
#1632=CYLINDRICAL_SURFACE('',#8220,0.1);
#1633=CYLINDRICAL_SURFACE('',#8226,0.1);
#1634=CYLINDRICAL_SURFACE('',#8232,0.1);
#1635=CYLINDRICAL_SURFACE('',#8238,0.1);
#1636=CYLINDRICAL_SURFACE('',#8240,1.20000000000001);
#1637=CYLINDRICAL_SURFACE('',#8243,1.2);
#1638=CYLINDRICAL_SURFACE('',#8246,1.2);
#1639=CYLINDRICAL_SURFACE('',#8249,1.2);
#1640=CYLINDRICAL_SURFACE('',#8253,1.2);
#1641=CYLINDRICAL_SURFACE('',#8256,1.2);
#1642=CYLINDRICAL_SURFACE('',#8263,0.6);
#1643=CYLINDRICAL_SURFACE('',#8269,0.6);
#1644=CYLINDRICAL_SURFACE('',#8275,0.6);
#1645=CYLINDRICAL_SURFACE('',#8281,0.6);
#1646=CYLINDRICAL_SURFACE('',#8283,2.5);
#1647=CYLINDRICAL_SURFACE('',#8286,2.5);
#1648=CYLINDRICAL_SURFACE('',#8290,2.5);
#1649=CYLINDRICAL_SURFACE('',#8293,2.50000000000001);
#1650=CYLINDRICAL_SURFACE('',#8339,1.8);
#1651=CYLINDRICAL_SURFACE('',#8341,1.8);
#1652=CYLINDRICAL_SURFACE('',#8343,1.8);
#1653=CYLINDRICAL_SURFACE('',#8345,1.8);
#1654=CYLINDRICAL_SURFACE('',#8347,2.75);
#1655=CYLINDRICAL_SURFACE('',#8352,2.5);
#1656=CYLINDRICAL_SURFACE('',#8356,2.);
#1657=CYLINDRICAL_SURFACE('',#8363,1.65);
#1658=CYLINDRICAL_SURFACE('',#8371,1.65);
#1659=CYLINDRICAL_SURFACE('',#8393,0.5);
#1660=CYLINDRICAL_SURFACE('',#8395,0.5);
#1661=CYLINDRICAL_SURFACE('',#8397,0.5);
#1662=CYLINDRICAL_SURFACE('',#8399,0.5);
#1663=CYLINDRICAL_SURFACE('',#8421,1.);
#1664=CYLINDRICAL_SURFACE('',#8425,0.8);
#1665=CYLINDRICAL_SURFACE('',#8430,0.35);
#1666=CYLINDRICAL_SURFACE('',#8436,0.45);
#1667=CYLINDRICAL_SURFACE('',#8443,0.45);
#1668=CYLINDRICAL_SURFACE('',#8465,0.5);
#1669=CYLINDRICAL_SURFACE('',#8467,0.5);
#1670=CYLINDRICAL_SURFACE('',#8469,0.5);
#1671=CYLINDRICAL_SURFACE('',#8471,0.5);
#1672=CYLINDRICAL_SURFACE('',#8493,1.);
#1673=CYLINDRICAL_SURFACE('',#8497,0.8);
#1674=CYLINDRICAL_SURFACE('',#8502,0.35);
#1675=CYLINDRICAL_SURFACE('',#8508,0.45);
#1676=CYLINDRICAL_SURFACE('',#8515,0.45);
#1677=FACE_OUTER_BOUND('',#2131,.T.);
#1678=FACE_OUTER_BOUND('',#2132,.T.);
#1679=FACE_OUTER_BOUND('',#2133,.T.);
#1680=FACE_OUTER_BOUND('',#2134,.T.);
#1681=FACE_OUTER_BOUND('',#2135,.T.);
#1682=FACE_OUTER_BOUND('',#2136,.T.);
#1683=FACE_OUTER_BOUND('',#2137,.T.);
#1684=FACE_OUTER_BOUND('',#2138,.T.);
#1685=FACE_OUTER_BOUND('',#2139,.T.);
#1686=FACE_OUTER_BOUND('',#2140,.T.);
#1687=FACE_OUTER_BOUND('',#2141,.T.);
#1688=FACE_OUTER_BOUND('',#2142,.T.);
#1689=FACE_OUTER_BOUND('',#2143,.T.);
#1690=FACE_OUTER_BOUND('',#2147,.T.);
#1691=FACE_OUTER_BOUND('',#2148,.T.);
#1692=FACE_OUTER_BOUND('',#2149,.T.);
#1693=FACE_OUTER_BOUND('',#2150,.T.);
#1694=FACE_OUTER_BOUND('',#2151,.T.);
#1695=FACE_OUTER_BOUND('',#2152,.T.);
#1696=FACE_OUTER_BOUND('',#2153,.T.);
#1697=FACE_OUTER_BOUND('',#2154,.T.);
#1698=FACE_OUTER_BOUND('',#2155,.T.);
#1699=FACE_OUTER_BOUND('',#2156,.T.);
#1700=FACE_OUTER_BOUND('',#2157,.T.);
#1701=FACE_OUTER_BOUND('',#2158,.T.);
#1702=FACE_OUTER_BOUND('',#2159,.T.);
#1703=FACE_OUTER_BOUND('',#2160,.T.);
#1704=FACE_OUTER_BOUND('',#2161,.T.);
#1705=FACE_OUTER_BOUND('',#2163,.T.);
#1706=FACE_OUTER_BOUND('',#2164,.T.);
#1707=FACE_OUTER_BOUND('',#2165,.T.);
#1708=FACE_OUTER_BOUND('',#2166,.T.);
#1709=FACE_OUTER_BOUND('',#2167,.T.);
#1710=FACE_OUTER_BOUND('',#2168,.T.);
#1711=FACE_OUTER_BOUND('',#2169,.T.);
#1712=FACE_OUTER_BOUND('',#2170,.T.);
#1713=FACE_OUTER_BOUND('',#2171,.T.);
#1714=FACE_OUTER_BOUND('',#2172,.T.);
#1715=FACE_OUTER_BOUND('',#2174,.T.);
#1716=FACE_OUTER_BOUND('',#2175,.T.);
#1717=FACE_OUTER_BOUND('',#2176,.T.);
#1718=FACE_OUTER_BOUND('',#2177,.T.);
#1719=FACE_OUTER_BOUND('',#2178,.T.);
#1720=FACE_OUTER_BOUND('',#2179,.T.);
#1721=FACE_OUTER_BOUND('',#2180,.T.);
#1722=FACE_OUTER_BOUND('',#2181,.T.);
#1723=FACE_OUTER_BOUND('',#2182,.T.);
#1724=FACE_OUTER_BOUND('',#2183,.T.);
#1725=FACE_OUTER_BOUND('',#2184,.T.);
#1726=FACE_OUTER_BOUND('',#2185,.T.);
#1727=FACE_OUTER_BOUND('',#2186,.T.);
#1728=FACE_OUTER_BOUND('',#2187,.T.);
#1729=FACE_OUTER_BOUND('',#2188,.T.);
#1730=FACE_OUTER_BOUND('',#2189,.T.);
#1731=FACE_OUTER_BOUND('',#2191,.T.);
#1732=FACE_OUTER_BOUND('',#2192,.T.);
#1733=FACE_OUTER_BOUND('',#2193,.T.);
#1734=FACE_OUTER_BOUND('',#2194,.T.);
#1735=FACE_OUTER_BOUND('',#2195,.T.);
#1736=FACE_OUTER_BOUND('',#2196,.T.);
#1737=FACE_OUTER_BOUND('',#2197,.T.);
#1738=FACE_OUTER_BOUND('',#2198,.T.);
#1739=FACE_OUTER_BOUND('',#2199,.T.);
#1740=FACE_OUTER_BOUND('',#2200,.T.);
#1741=FACE_OUTER_BOUND('',#2201,.T.);
#1742=FACE_OUTER_BOUND('',#2202,.T.);
#1743=FACE_OUTER_BOUND('',#2203,.T.);
#1744=FACE_OUTER_BOUND('',#2204,.T.);
#1745=FACE_OUTER_BOUND('',#2205,.T.);
#1746=FACE_OUTER_BOUND('',#2206,.T.);
#1747=FACE_OUTER_BOUND('',#2207,.T.);
#1748=FACE_OUTER_BOUND('',#2208,.T.);
#1749=FACE_OUTER_BOUND('',#2209,.T.);
#1750=FACE_OUTER_BOUND('',#2210,.T.);
#1751=FACE_OUTER_BOUND('',#2211,.T.);
#1752=FACE_OUTER_BOUND('',#2212,.T.);
#1753=FACE_OUTER_BOUND('',#2213,.T.);
#1754=FACE_OUTER_BOUND('',#2214,.T.);
#1755=FACE_OUTER_BOUND('',#2215,.T.);
#1756=FACE_OUTER_BOUND('',#2216,.T.);
#1757=FACE_OUTER_BOUND('',#2217,.T.);
#1758=FACE_OUTER_BOUND('',#2218,.T.);
#1759=FACE_OUTER_BOUND('',#2219,.T.);
#1760=FACE_OUTER_BOUND('',#2220,.T.);
#1761=FACE_OUTER_BOUND('',#2221,.T.);
#1762=FACE_OUTER_BOUND('',#2222,.T.);
#1763=FACE_OUTER_BOUND('',#2223,.T.);
#1764=FACE_OUTER_BOUND('',#2224,.T.);
#1765=FACE_OUTER_BOUND('',#2225,.T.);
#1766=FACE_OUTER_BOUND('',#2226,.T.);
#1767=FACE_OUTER_BOUND('',#2227,.T.);
#1768=FACE_OUTER_BOUND('',#2228,.T.);
#1769=FACE_OUTER_BOUND('',#2229,.T.);
#1770=FACE_OUTER_BOUND('',#2230,.T.);
#1771=FACE_OUTER_BOUND('',#2231,.T.);
#1772=FACE_OUTER_BOUND('',#2232,.T.);
#1773=FACE_OUTER_BOUND('',#2233,.T.);
#1774=FACE_OUTER_BOUND('',#2234,.T.);
#1775=FACE_OUTER_BOUND('',#2235,.T.);
#1776=FACE_OUTER_BOUND('',#2237,.T.);
#1777=FACE_OUTER_BOUND('',#2238,.T.);
#1778=FACE_OUTER_BOUND('',#2239,.T.);
#1779=FACE_OUTER_BOUND('',#2240,.T.);
#1780=FACE_OUTER_BOUND('',#2241,.T.);
#1781=FACE_OUTER_BOUND('',#2242,.T.);
#1782=FACE_OUTER_BOUND('',#2243,.T.);
#1783=FACE_OUTER_BOUND('',#2244,.T.);
#1784=FACE_OUTER_BOUND('',#2245,.T.);
#1785=FACE_OUTER_BOUND('',#2246,.T.);
#1786=FACE_OUTER_BOUND('',#2247,.T.);
#1787=FACE_OUTER_BOUND('',#2248,.T.);
#1788=FACE_OUTER_BOUND('',#2249,.T.);
#1789=FACE_OUTER_BOUND('',#2251,.T.);
#1790=FACE_OUTER_BOUND('',#2252,.T.);
#1791=FACE_OUTER_BOUND('',#2253,.T.);
#1792=FACE_OUTER_BOUND('',#2254,.T.);
#1793=FACE_OUTER_BOUND('',#2255,.T.);
#1794=FACE_OUTER_BOUND('',#2256,.T.);
#1795=FACE_OUTER_BOUND('',#2257,.T.);
#1796=FACE_OUTER_BOUND('',#2258,.T.);
#1797=FACE_OUTER_BOUND('',#2259,.T.);
#1798=FACE_OUTER_BOUND('',#2260,.T.);
#1799=FACE_OUTER_BOUND('',#2261,.T.);
#1800=FACE_OUTER_BOUND('',#2262,.T.);
#1801=FACE_OUTER_BOUND('',#2263,.T.);
#1802=FACE_OUTER_BOUND('',#2264,.T.);
#1803=FACE_OUTER_BOUND('',#2265,.T.);
#1804=FACE_OUTER_BOUND('',#2266,.T.);
#1805=FACE_OUTER_BOUND('',#2267,.T.);
#1806=FACE_OUTER_BOUND('',#2268,.T.);
#1807=FACE_OUTER_BOUND('',#2269,.T.);
#1808=FACE_OUTER_BOUND('',#2270,.T.);
#1809=FACE_OUTER_BOUND('',#2271,.T.);
#1810=FACE_OUTER_BOUND('',#2272,.T.);
#1811=FACE_OUTER_BOUND('',#2273,.T.);
#1812=FACE_OUTER_BOUND('',#2275,.T.);
#1813=FACE_OUTER_BOUND('',#2276,.T.);
#1814=FACE_OUTER_BOUND('',#2277,.T.);
#1815=FACE_OUTER_BOUND('',#2278,.T.);
#1816=FACE_OUTER_BOUND('',#2279,.T.);
#1817=FACE_OUTER_BOUND('',#2282,.T.);
#1818=FACE_OUTER_BOUND('',#2283,.T.);
#1819=FACE_OUTER_BOUND('',#2284,.T.);
#1820=FACE_OUTER_BOUND('',#2285,.T.);
#1821=FACE_OUTER_BOUND('',#2286,.T.);
#1822=FACE_OUTER_BOUND('',#2287,.T.);
#1823=FACE_OUTER_BOUND('',#2288,.T.);
#1824=FACE_OUTER_BOUND('',#2289,.T.);
#1825=FACE_OUTER_BOUND('',#2290,.T.);
#1826=FACE_OUTER_BOUND('',#2291,.T.);
#1827=FACE_OUTER_BOUND('',#2292,.T.);
#1828=FACE_OUTER_BOUND('',#2293,.T.);
#1829=FACE_OUTER_BOUND('',#2294,.T.);
#1830=FACE_OUTER_BOUND('',#2295,.T.);
#1831=FACE_OUTER_BOUND('',#2296,.T.);
#1832=FACE_OUTER_BOUND('',#2297,.T.);
#1833=FACE_OUTER_BOUND('',#2298,.T.);
#1834=FACE_OUTER_BOUND('',#2299,.T.);
#1835=FACE_OUTER_BOUND('',#2300,.T.);
#1836=FACE_OUTER_BOUND('',#2301,.T.);
#1837=FACE_OUTER_BOUND('',#2302,.T.);
#1838=FACE_OUTER_BOUND('',#2303,.T.);
#1839=FACE_OUTER_BOUND('',#2304,.T.);
#1840=FACE_OUTER_BOUND('',#2305,.T.);
#1841=FACE_OUTER_BOUND('',#2307,.T.);
#1842=FACE_OUTER_BOUND('',#2309,.T.);
#1843=FACE_OUTER_BOUND('',#2310,.T.);
#1844=FACE_OUTER_BOUND('',#2311,.T.);
#1845=FACE_OUTER_BOUND('',#2312,.T.);
#1846=FACE_OUTER_BOUND('',#2313,.T.);
#1847=FACE_OUTER_BOUND('',#2314,.T.);
#1848=FACE_OUTER_BOUND('',#2315,.T.);
#1849=FACE_OUTER_BOUND('',#2316,.T.);
#1850=FACE_OUTER_BOUND('',#2317,.T.);
#1851=FACE_OUTER_BOUND('',#2318,.T.);
#1852=FACE_OUTER_BOUND('',#2319,.T.);
#1853=FACE_OUTER_BOUND('',#2320,.T.);
#1854=FACE_OUTER_BOUND('',#2321,.T.);
#1855=FACE_OUTER_BOUND('',#2322,.T.);
#1856=FACE_OUTER_BOUND('',#2324,.T.);
#1857=FACE_OUTER_BOUND('',#2325,.T.);
#1858=FACE_OUTER_BOUND('',#2326,.T.);
#1859=FACE_OUTER_BOUND('',#2327,.T.);
#1860=FACE_OUTER_BOUND('',#2328,.T.);
#1861=FACE_OUTER_BOUND('',#2329,.T.);
#1862=FACE_OUTER_BOUND('',#2330,.T.);
#1863=FACE_OUTER_BOUND('',#2331,.T.);
#1864=FACE_OUTER_BOUND('',#2332,.T.);
#1865=FACE_OUTER_BOUND('',#2333,.T.);
#1866=FACE_OUTER_BOUND('',#2334,.T.);
#1867=FACE_OUTER_BOUND('',#2336,.T.);
#1868=FACE_OUTER_BOUND('',#2337,.T.);
#1869=FACE_OUTER_BOUND('',#2338,.T.);
#1870=FACE_OUTER_BOUND('',#2339,.T.);
#1871=FACE_OUTER_BOUND('',#2340,.T.);
#1872=FACE_OUTER_BOUND('',#2341,.T.);
#1873=FACE_OUTER_BOUND('',#2342,.T.);
#1874=FACE_OUTER_BOUND('',#2343,.T.);
#1875=FACE_OUTER_BOUND('',#2344,.T.);
#1876=FACE_OUTER_BOUND('',#2345,.T.);
#1877=FACE_OUTER_BOUND('',#2346,.T.);
#1878=FACE_OUTER_BOUND('',#2347,.T.);
#1879=FACE_OUTER_BOUND('',#2348,.T.);
#1880=FACE_OUTER_BOUND('',#2349,.T.);
#1881=FACE_OUTER_BOUND('',#2350,.T.);
#1882=FACE_OUTER_BOUND('',#2351,.T.);
#1883=FACE_OUTER_BOUND('',#2352,.T.);
#1884=FACE_OUTER_BOUND('',#2353,.T.);
#1885=FACE_OUTER_BOUND('',#2354,.T.);
#1886=FACE_OUTER_BOUND('',#2355,.T.);
#1887=FACE_OUTER_BOUND('',#2356,.T.);
#1888=FACE_OUTER_BOUND('',#2357,.T.);
#1889=FACE_OUTER_BOUND('',#2358,.T.);
#1890=FACE_OUTER_BOUND('',#2359,.T.);
#1891=FACE_OUTER_BOUND('',#2360,.T.);
#1892=FACE_OUTER_BOUND('',#2361,.T.);
#1893=FACE_OUTER_BOUND('',#2362,.T.);
#1894=FACE_OUTER_BOUND('',#2363,.T.);
#1895=FACE_OUTER_BOUND('',#2364,.T.);
#1896=FACE_OUTER_BOUND('',#2366,.T.);
#1897=FACE_OUTER_BOUND('',#2367,.T.);
#1898=FACE_OUTER_BOUND('',#2368,.T.);
#1899=FACE_OUTER_BOUND('',#2369,.T.);
#1900=FACE_OUTER_BOUND('',#2370,.T.);
#1901=FACE_OUTER_BOUND('',#2371,.T.);
#1902=FACE_OUTER_BOUND('',#2372,.T.);
#1903=FACE_OUTER_BOUND('',#2373,.T.);
#1904=FACE_OUTER_BOUND('',#2374,.T.);
#1905=FACE_OUTER_BOUND('',#2375,.T.);
#1906=FACE_OUTER_BOUND('',#2376,.T.);
#1907=FACE_OUTER_BOUND('',#2377,.T.);
#1908=FACE_OUTER_BOUND('',#2378,.T.);
#1909=FACE_OUTER_BOUND('',#2379,.T.);
#1910=FACE_OUTER_BOUND('',#2380,.T.);
#1911=FACE_OUTER_BOUND('',#2381,.T.);
#1912=FACE_OUTER_BOUND('',#2382,.T.);
#1913=FACE_OUTER_BOUND('',#2383,.T.);
#1914=FACE_OUTER_BOUND('',#2384,.T.);
#1915=FACE_OUTER_BOUND('',#2385,.T.);
#1916=FACE_OUTER_BOUND('',#2388,.T.);
#1917=FACE_OUTER_BOUND('',#2399,.T.);
#1918=FACE_OUTER_BOUND('',#2400,.T.);
#1919=FACE_OUTER_BOUND('',#2401,.T.);
#1920=FACE_OUTER_BOUND('',#2402,.T.);
#1921=FACE_OUTER_BOUND('',#2403,.T.);
#1922=FACE_OUTER_BOUND('',#2404,.T.);
#1923=FACE_OUTER_BOUND('',#2405,.T.);
#1924=FACE_OUTER_BOUND('',#2406,.T.);
#1925=FACE_OUTER_BOUND('',#2407,.T.);
#1926=FACE_OUTER_BOUND('',#2408,.T.);
#1927=FACE_OUTER_BOUND('',#2409,.T.);
#1928=FACE_OUTER_BOUND('',#2410,.T.);
#1929=FACE_OUTER_BOUND('',#2411,.T.);
#1930=FACE_OUTER_BOUND('',#2412,.T.);
#1931=FACE_OUTER_BOUND('',#2413,.T.);
#1932=FACE_OUTER_BOUND('',#2414,.T.);
#1933=FACE_OUTER_BOUND('',#2415,.T.);
#1934=FACE_OUTER_BOUND('',#2416,.T.);
#1935=FACE_OUTER_BOUND('',#2417,.T.);
#1936=FACE_OUTER_BOUND('',#2418,.T.);
#1937=FACE_OUTER_BOUND('',#2419,.T.);
#1938=FACE_OUTER_BOUND('',#2420,.T.);
#1939=FACE_OUTER_BOUND('',#2421,.T.);
#1940=FACE_OUTER_BOUND('',#2422,.T.);
#1941=FACE_OUTER_BOUND('',#2423,.T.);
#1942=FACE_OUTER_BOUND('',#2424,.T.);
#1943=FACE_OUTER_BOUND('',#2425,.T.);
#1944=FACE_OUTER_BOUND('',#2426,.T.);
#1945=FACE_OUTER_BOUND('',#2434,.T.);
#1946=FACE_OUTER_BOUND('',#2435,.T.);
#1947=FACE_OUTER_BOUND('',#2436,.T.);
#1948=FACE_OUTER_BOUND('',#2437,.T.);
#1949=FACE_OUTER_BOUND('',#2438,.T.);
#1950=FACE_OUTER_BOUND('',#2439,.T.);
#1951=FACE_OUTER_BOUND('',#2441,.T.);
#1952=FACE_OUTER_BOUND('',#2442,.T.);
#1953=FACE_OUTER_BOUND('',#2444,.T.);
#1954=FACE_OUTER_BOUND('',#2446,.T.);
#1955=FACE_OUTER_BOUND('',#2447,.T.);
#1956=FACE_OUTER_BOUND('',#2449,.T.);
#1957=FACE_OUTER_BOUND('',#2451,.T.);
#1958=FACE_OUTER_BOUND('',#2452,.T.);
#1959=FACE_OUTER_BOUND('',#2454,.T.);
#1960=FACE_OUTER_BOUND('',#2456,.T.);
#1961=FACE_OUTER_BOUND('',#2457,.T.);
#1962=FACE_OUTER_BOUND('',#2459,.T.);
#1963=FACE_OUTER_BOUND('',#2461,.T.);
#1964=FACE_OUTER_BOUND('',#2462,.T.);
#1965=FACE_OUTER_BOUND('',#2464,.T.);
#1966=FACE_OUTER_BOUND('',#2465,.T.);
#1967=FACE_OUTER_BOUND('',#2466,.T.);
#1968=FACE_OUTER_BOUND('',#2467,.T.);
#1969=FACE_OUTER_BOUND('',#2468,.T.);
#1970=FACE_OUTER_BOUND('',#2469,.T.);
#1971=FACE_OUTER_BOUND('',#2470,.T.);
#1972=FACE_OUTER_BOUND('',#2471,.T.);
#1973=FACE_OUTER_BOUND('',#2472,.T.);
#1974=FACE_OUTER_BOUND('',#2473,.T.);
#1975=FACE_OUTER_BOUND('',#2474,.T.);
#1976=FACE_OUTER_BOUND('',#2475,.T.);
#1977=FACE_OUTER_BOUND('',#2476,.T.);
#1978=FACE_OUTER_BOUND('',#2477,.T.);
#1979=FACE_OUTER_BOUND('',#2478,.T.);
#1980=FACE_OUTER_BOUND('',#2480,.T.);
#1981=FACE_OUTER_BOUND('',#2481,.T.);
#1982=FACE_OUTER_BOUND('',#2483,.T.);
#1983=FACE_OUTER_BOUND('',#2484,.T.);
#1984=FACE_OUTER_BOUND('',#2485,.T.);
#1985=FACE_OUTER_BOUND('',#2486,.T.);
#1986=FACE_OUTER_BOUND('',#2487,.T.);
#1987=FACE_OUTER_BOUND('',#2488,.T.);
#1988=FACE_OUTER_BOUND('',#2489,.T.);
#1989=FACE_OUTER_BOUND('',#2490,.T.);
#1990=FACE_OUTER_BOUND('',#2491,.T.);
#1991=FACE_OUTER_BOUND('',#2492,.T.);
#1992=FACE_OUTER_BOUND('',#2493,.T.);
#1993=FACE_OUTER_BOUND('',#2494,.T.);
#1994=FACE_OUTER_BOUND('',#2495,.T.);
#1995=FACE_OUTER_BOUND('',#2496,.T.);
#1996=FACE_OUTER_BOUND('',#2497,.T.);
#1997=FACE_OUTER_BOUND('',#2498,.T.);
#1998=FACE_OUTER_BOUND('',#2499,.T.);
#1999=FACE_OUTER_BOUND('',#2500,.T.);
#2000=FACE_OUTER_BOUND('',#2502,.T.);
#2001=FACE_OUTER_BOUND('',#2503,.T.);
#2002=FACE_OUTER_BOUND('',#2504,.T.);
#2003=FACE_OUTER_BOUND('',#2505,.T.);
#2004=FACE_OUTER_BOUND('',#2506,.T.);
#2005=FACE_OUTER_BOUND('',#2507,.T.);
#2006=FACE_OUTER_BOUND('',#2508,.T.);
#2007=FACE_OUTER_BOUND('',#2509,.T.);
#2008=FACE_OUTER_BOUND('',#2510,.T.);
#2009=FACE_OUTER_BOUND('',#2511,.T.);
#2010=FACE_OUTER_BOUND('',#2512,.T.);
#2011=FACE_OUTER_BOUND('',#2513,.T.);
#2012=FACE_OUTER_BOUND('',#2514,.T.);
#2013=FACE_OUTER_BOUND('',#2515,.T.);
#2014=FACE_OUTER_BOUND('',#2516,.T.);
#2015=FACE_OUTER_BOUND('',#2517,.T.);
#2016=FACE_OUTER_BOUND('',#2518,.T.);
#2017=FACE_OUTER_BOUND('',#2519,.T.);
#2018=FACE_OUTER_BOUND('',#2520,.T.);
#2019=FACE_OUTER_BOUND('',#2521,.T.);
#2020=FACE_OUTER_BOUND('',#2522,.T.);
#2021=FACE_OUTER_BOUND('',#2524,.T.);
#2022=FACE_OUTER_BOUND('',#2525,.T.);
#2023=FACE_OUTER_BOUND('',#2526,.T.);
#2024=FACE_OUTER_BOUND('',#2527,.T.);
#2025=FACE_OUTER_BOUND('',#2528,.T.);
#2026=FACE_OUTER_BOUND('',#2530,.T.);
#2027=FACE_OUTER_BOUND('',#2531,.T.);
#2028=FACE_OUTER_BOUND('',#2532,.T.);
#2029=FACE_OUTER_BOUND('',#2533,.T.);
#2030=FACE_OUTER_BOUND('',#2534,.T.);
#2031=FACE_OUTER_BOUND('',#2535,.T.);
#2032=FACE_OUTER_BOUND('',#2536,.T.);
#2033=FACE_OUTER_BOUND('',#2537,.T.);
#2034=FACE_OUTER_BOUND('',#2538,.T.);
#2035=FACE_OUTER_BOUND('',#2539,.T.);
#2036=FACE_OUTER_BOUND('',#2540,.T.);
#2037=FACE_OUTER_BOUND('',#2541,.T.);
#2038=FACE_OUTER_BOUND('',#2542,.T.);
#2039=FACE_OUTER_BOUND('',#2543,.T.);
#2040=FACE_OUTER_BOUND('',#2544,.T.);
#2041=FACE_OUTER_BOUND('',#2545,.T.);
#2042=FACE_OUTER_BOUND('',#2546,.T.);
#2043=FACE_OUTER_BOUND('',#2547,.T.);
#2044=FACE_OUTER_BOUND('',#2548,.T.);
#2045=FACE_OUTER_BOUND('',#2549,.T.);
#2046=FACE_OUTER_BOUND('',#2550,.T.);
#2047=FACE_OUTER_BOUND('',#2551,.T.);
#2048=FACE_OUTER_BOUND('',#2552,.T.);
#2049=FACE_OUTER_BOUND('',#2553,.T.);
#2050=FACE_OUTER_BOUND('',#2554,.T.);
#2051=FACE_OUTER_BOUND('',#2555,.T.);
#2052=FACE_OUTER_BOUND('',#2556,.T.);
#2053=FACE_OUTER_BOUND('',#2557,.T.);
#2054=FACE_OUTER_BOUND('',#2558,.T.);
#2055=FACE_OUTER_BOUND('',#2560,.T.);
#2056=FACE_OUTER_BOUND('',#2561,.T.);
#2057=FACE_OUTER_BOUND('',#2563,.T.);
#2058=FACE_OUTER_BOUND('',#2564,.T.);
#2059=FACE_OUTER_BOUND('',#2565,.T.);
#2060=FACE_OUTER_BOUND('',#2566,.T.);
#2061=FACE_OUTER_BOUND('',#2567,.T.);
#2062=FACE_OUTER_BOUND('',#2568,.T.);
#2063=FACE_OUTER_BOUND('',#2569,.T.);
#2064=FACE_OUTER_BOUND('',#2570,.T.);
#2065=FACE_OUTER_BOUND('',#2571,.T.);
#2066=FACE_OUTER_BOUND('',#2572,.T.);
#2067=FACE_OUTER_BOUND('',#2573,.T.);
#2068=FACE_OUTER_BOUND('',#2574,.T.);
#2069=FACE_OUTER_BOUND('',#2575,.T.);
#2070=FACE_OUTER_BOUND('',#2576,.T.);
#2071=FACE_OUTER_BOUND('',#2577,.T.);
#2072=FACE_OUTER_BOUND('',#2578,.T.);
#2073=FACE_OUTER_BOUND('',#2579,.T.);
#2074=FACE_OUTER_BOUND('',#2580,.T.);
#2075=FACE_OUTER_BOUND('',#2581,.T.);
#2076=FACE_OUTER_BOUND('',#2582,.T.);
#2077=FACE_OUTER_BOUND('',#2583,.T.);
#2078=FACE_OUTER_BOUND('',#2584,.T.);
#2079=FACE_OUTER_BOUND('',#2585,.T.);
#2080=FACE_OUTER_BOUND('',#2586,.T.);
#2081=FACE_OUTER_BOUND('',#2587,.T.);
#2082=FACE_OUTER_BOUND('',#2588,.T.);
#2083=FACE_OUTER_BOUND('',#2589,.T.);
#2084=FACE_OUTER_BOUND('',#2590,.T.);
#2085=FACE_OUTER_BOUND('',#2591,.T.);
#2086=FACE_OUTER_BOUND('',#2592,.T.);
#2087=FACE_OUTER_BOUND('',#2593,.T.);
#2088=FACE_OUTER_BOUND('',#2595,.T.);
#2089=FACE_OUTER_BOUND('',#2596,.T.);
#2090=FACE_OUTER_BOUND('',#2597,.T.);
#2091=FACE_OUTER_BOUND('',#2598,.T.);
#2092=FACE_OUTER_BOUND('',#2599,.T.);
#2093=FACE_OUTER_BOUND('',#2600,.T.);
#2094=FACE_OUTER_BOUND('',#2601,.T.);
#2095=FACE_OUTER_BOUND('',#2602,.T.);
#2096=FACE_OUTER_BOUND('',#2603,.T.);
#2097=FACE_OUTER_BOUND('',#2604,.T.);
#2098=FACE_OUTER_BOUND('',#2605,.T.);
#2099=FACE_OUTER_BOUND('',#2606,.T.);
#2100=FACE_OUTER_BOUND('',#2607,.T.);
#2101=FACE_OUTER_BOUND('',#2608,.T.);
#2102=FACE_OUTER_BOUND('',#2609,.T.);
#2103=FACE_OUTER_BOUND('',#2610,.T.);
#2104=FACE_OUTER_BOUND('',#2611,.T.);
#2105=FACE_OUTER_BOUND('',#2612,.T.);
#2106=FACE_OUTER_BOUND('',#2613,.T.);
#2107=FACE_OUTER_BOUND('',#2614,.T.);
#2108=FACE_OUTER_BOUND('',#2615,.T.);
#2109=FACE_OUTER_BOUND('',#2616,.T.);
#2110=FACE_OUTER_BOUND('',#2617,.T.);
#2111=FACE_OUTER_BOUND('',#2618,.T.);
#2112=FACE_OUTER_BOUND('',#2619,.T.);
#2113=FACE_OUTER_BOUND('',#2620,.T.);
#2114=FACE_OUTER_BOUND('',#2621,.T.);
#2115=FACE_OUTER_BOUND('',#2622,.T.);
#2116=FACE_OUTER_BOUND('',#2623,.T.);
#2117=FACE_OUTER_BOUND('',#2624,.T.);
#2118=FACE_OUTER_BOUND('',#2625,.T.);
#2119=FACE_OUTER_BOUND('',#2626,.T.);
#2120=FACE_OUTER_BOUND('',#2627,.T.);
#2121=FACE_OUTER_BOUND('',#2628,.T.);
#2122=FACE_OUTER_BOUND('',#2630,.T.);
#2123=FACE_OUTER_BOUND('',#2631,.T.);
#2124=FACE_OUTER_BOUND('',#2632,.T.);
#2125=FACE_OUTER_BOUND('',#2633,.T.);
#2126=FACE_OUTER_BOUND('',#2634,.T.);
#2127=FACE_OUTER_BOUND('',#2635,.T.);
#2128=FACE_OUTER_BOUND('',#2636,.T.);
#2129=FACE_OUTER_BOUND('',#2637,.T.);
#2130=FACE_OUTER_BOUND('',#2638,.T.);
#2131=EDGE_LOOP('',(#4840,#4841,#4842,#4843));
#2132=EDGE_LOOP('',(#4844,#4845,#4846,#4847));
#2133=EDGE_LOOP('',(#4848,#4849,#4850,#4851));
#2134=EDGE_LOOP('',(#4852,#4853,#4854,#4855));
#2135=EDGE_LOOP('',(#4856,#4857,#4858,#4859));
#2136=EDGE_LOOP('',(#4860,#4861,#4862,#4863));
#2137=EDGE_LOOP('',(#4864,#4865,#4866,#4867));
#2138=EDGE_LOOP('',(#4868,#4869,#4870,#4871));
#2139=EDGE_LOOP('',(#4872,#4873,#4874,#4875));
#2140=EDGE_LOOP('',(#4876,#4877,#4878,#4879));
#2141=EDGE_LOOP('',(#4880,#4881,#4882,#4883,#4884,#4885,#4886,#4887));
#2142=EDGE_LOOP('',(#4888,#4889,#4890,#4891));
#2143=EDGE_LOOP('',(#4892,#4893,#4894,#4895,#4896,#4897,#4898,#4899));
#2144=EDGE_LOOP('',(#4900,#4901,#4902,#4903,#4904,#4905,#4906,#4907));
#2145=EDGE_LOOP('',(#4908));
#2146=EDGE_LOOP('',(#4909));
#2147=EDGE_LOOP('',(#4910,#4911,#4912,#4913,#4914));
#2148=EDGE_LOOP('',(#4915,#4916,#4917,#4918,#4919));
#2149=EDGE_LOOP('',(#4920));
#2150=EDGE_LOOP('',(#4921,#4922,#4923,#4924,#4925));
#2151=EDGE_LOOP('',(#4926,#4927,#4928,#4929,#4930));
#2152=EDGE_LOOP('',(#4931));
#2153=EDGE_LOOP('',(#4932,#4933,#4934,#4935));
#2154=EDGE_LOOP('',(#4936,#4937,#4938,#4939));
#2155=EDGE_LOOP('',(#4940,#4941,#4942,#4943));
#2156=EDGE_LOOP('',(#4944,#4945,#4946,#4947));
#2157=EDGE_LOOP('',(#4948,#4949,#4950,#4951));
#2158=EDGE_LOOP('',(#4952,#4953,#4954,#4955));
#2159=EDGE_LOOP('',(#4956,#4957,#4958,#4959));
#2160=EDGE_LOOP('',(#4960,#4961,#4962,#4963));
#2161=EDGE_LOOP('',(#4964,#4965,#4966,#4967,#4968,#4969,#4970,#4971));
#2162=EDGE_LOOP('',(#4972,#4973,#4974,#4975,#4976,#4977,#4978,#4979));
#2163=EDGE_LOOP('',(#4980,#4981,#4982,#4983));
#2164=EDGE_LOOP('',(#4984,#4985,#4986,#4987));
#2165=EDGE_LOOP('',(#4988,#4989,#4990,#4991));
#2166=EDGE_LOOP('',(#4992,#4993,#4994,#4995));
#2167=EDGE_LOOP('',(#4996,#4997,#4998,#4999));
#2168=EDGE_LOOP('',(#5000,#5001,#5002,#5003));
#2169=EDGE_LOOP('',(#5004,#5005,#5006,#5007));
#2170=EDGE_LOOP('',(#5008,#5009,#5010,#5011));
#2171=EDGE_LOOP('',(#5012,#5013,#5014,#5015));
#2172=EDGE_LOOP('',(#5016,#5017,#5018,#5019,#5020,#5021,#5022,#5023));
#2173=EDGE_LOOP('',(#5024,#5025,#5026,#5027,#5028,#5029,#5030,#5031));
#2174=EDGE_LOOP('',(#5032,#5033,#5034,#5035));
#2175=EDGE_LOOP('',(#5036,#5037,#5038,#5039));
#2176=EDGE_LOOP('',(#5040,#5041,#5042,#5043));
#2177=EDGE_LOOP('',(#5044,#5045,#5046,#5047));
#2178=EDGE_LOOP('',(#5048,#5049,#5050,#5051));
#2179=EDGE_LOOP('',(#5052,#5053,#5054,#5055));
#2180=EDGE_LOOP('',(#5056,#5057,#5058,#5059));
#2181=EDGE_LOOP('',(#5060,#5061,#5062,#5063));
#2182=EDGE_LOOP('',(#5064,#5065,#5066,#5067));
#2183=EDGE_LOOP('',(#5068,#5069,#5070,#5071));
#2184=EDGE_LOOP('',(#5072,#5073,#5074,#5075));
#2185=EDGE_LOOP('',(#5076,#5077,#5078,#5079));
#2186=EDGE_LOOP('',(#5080,#5081,#5082,#5083));
#2187=EDGE_LOOP('',(#5084,#5085,#5086,#5087));
#2188=EDGE_LOOP('',(#5088,#5089,#5090,#5091));
#2189=EDGE_LOOP('',(#5092,#5093,#5094,#5095,#5096,#5097,#5098,#5099));
#2190=EDGE_LOOP('',(#5100,#5101,#5102,#5103,#5104,#5105,#5106,#5107));
#2191=EDGE_LOOP('',(#5108,#5109,#5110,#5111));
#2192=EDGE_LOOP('',(#5112,#5113,#5114,#5115));
#2193=EDGE_LOOP('',(#5116,#5117,#5118,#5119));
#2194=EDGE_LOOP('',(#5120,#5121,#5122,#5123));
#2195=EDGE_LOOP('',(#5124,#5125,#5126,#5127));
#2196=EDGE_LOOP('',(#5128,#5129,#5130,#5131));
#2197=EDGE_LOOP('',(#5132,#5133,#5134,#5135));
#2198=EDGE_LOOP('',(#5136,#5137,#5138,#5139));
#2199=EDGE_LOOP('',(#5140,#5141,#5142,#5143));
#2200=EDGE_LOOP('',(#5144,#5145,#5146,#5147));
#2201=EDGE_LOOP('',(#5148,#5149,#5150,#5151));
#2202=EDGE_LOOP('',(#5152,#5153,#5154,#5155));
#2203=EDGE_LOOP('',(#5156,#5157,#5158,#5159));
#2204=EDGE_LOOP('',(#5160,#5161,#5162,#5163));
#2205=EDGE_LOOP('',(#5164,#5165,#5166,#5167));
#2206=EDGE_LOOP('',(#5168,#5169,#5170,#5171));
#2207=EDGE_LOOP('',(#5172,#5173,#5174));
#2208=EDGE_LOOP('',(#5175,#5176,#5177,#5178));
#2209=EDGE_LOOP('',(#5179,#5180,#5181,#5182));
#2210=EDGE_LOOP('',(#5183,#5184,#5185,#5186));
#2211=EDGE_LOOP('',(#5187,#5188,#5189));
#2212=EDGE_LOOP('',(#5190,#5191,#5192,#5193,#5194,#5195,#5196));
#2213=EDGE_LOOP('',(#5197,#5198,#5199,#5200));
#2214=EDGE_LOOP('',(#5201,#5202,#5203,#5204,#5205,#5206,#5207));
#2215=EDGE_LOOP('',(#5208,#5209,#5210));
#2216=EDGE_LOOP('',(#5211,#5212,#5213,#5214));
#2217=EDGE_LOOP('',(#5215,#5216,#5217,#5218));
#2218=EDGE_LOOP('',(#5219,#5220,#5221,#5222));
#2219=EDGE_LOOP('',(#5223,#5224,#5225));
#2220=EDGE_LOOP('',(#5226,#5227,#5228,#5229,#5230,#5231,#5232));
#2221=EDGE_LOOP('',(#5233,#5234,#5235,#5236));
#2222=EDGE_LOOP('',(#5237,#5238,#5239,#5240,#5241,#5242,#5243));
#2223=EDGE_LOOP('',(#5244,#5245,#5246,#5247));
#2224=EDGE_LOOP('',(#5248,#5249,#5250,#5251));
#2225=EDGE_LOOP('',(#5252,#5253,#5254,#5255));
#2226=EDGE_LOOP('',(#5256,#5257,#5258,#5259));
#2227=EDGE_LOOP('',(#5260,#5261,#5262,#5263));
#2228=EDGE_LOOP('',(#5264,#5265,#5266,#5267));
#2229=EDGE_LOOP('',(#5268,#5269,#5270,#5271));
#2230=EDGE_LOOP('',(#5272,#5273,#5274,#5275));
#2231=EDGE_LOOP('',(#5276,#5277,#5278,#5279));
#2232=EDGE_LOOP('',(#5280,#5281,#5282,#5283));
#2233=EDGE_LOOP('',(#5284,#5285,#5286,#5287));
#2234=EDGE_LOOP('',(#5288,#5289,#5290,#5291));
#2235=EDGE_LOOP('',(#5292,#5293,#5294,#5295,#5296,#5297,#5298,#5299));
#2236=EDGE_LOOP('',(#5300,#5301,#5302,#5303,#5304,#5305,#5306,#5307));
#2237=EDGE_LOOP('',(#5308,#5309,#5310,#5311));
#2238=EDGE_LOOP('',(#5312,#5313,#5314,#5315));
#2239=EDGE_LOOP('',(#5316,#5317,#5318,#5319));
#2240=EDGE_LOOP('',(#5320,#5321,#5322,#5323));
#2241=EDGE_LOOP('',(#5324,#5325,#5326,#5327));
#2242=EDGE_LOOP('',(#5328,#5329,#5330,#5331));
#2243=EDGE_LOOP('',(#5332,#5333,#5334,#5335));
#2244=EDGE_LOOP('',(#5336,#5337,#5338,#5339));
#2245=EDGE_LOOP('',(#5340,#5341,#5342,#5343));
#2246=EDGE_LOOP('',(#5344,#5345,#5346,#5347));
#2247=EDGE_LOOP('',(#5348,#5349,#5350,#5351));
#2248=EDGE_LOOP('',(#5352,#5353,#5354,#5355));
#2249=EDGE_LOOP('',(#5356,#5357,#5358,#5359,#5360,#5361,#5362,#5363));
#2250=EDGE_LOOP('',(#5364,#5365,#5366,#5367,#5368,#5369,#5370,#5371));
#2251=EDGE_LOOP('',(#5372,#5373,#5374,#5375));
#2252=EDGE_LOOP('',(#5376,#5377,#5378,#5379));
#2253=EDGE_LOOP('',(#5380,#5381,#5382,#5383));
#2254=EDGE_LOOP('',(#5384,#5385,#5386,#5387));
#2255=EDGE_LOOP('',(#5388,#5389,#5390,#5391));
#2256=EDGE_LOOP('',(#5392,#5393,#5394,#5395));
#2257=EDGE_LOOP('',(#5396,#5397,#5398,#5399));
#2258=EDGE_LOOP('',(#5400,#5401,#5402,#5403));
#2259=EDGE_LOOP('',(#5404,#5405,#5406,#5407));
#2260=EDGE_LOOP('',(#5408,#5409,#5410,#5411));
#2261=EDGE_LOOP('',(#5412,#5413,#5414,#5415));
#2262=EDGE_LOOP('',(#5416,#5417,#5418,#5419));
#2263=EDGE_LOOP('',(#5420,#5421,#5422,#5423));
#2264=EDGE_LOOP('',(#5424,#5425,#5426,#5427));
#2265=EDGE_LOOP('',(#5428,#5429,#5430,#5431));
#2266=EDGE_LOOP('',(#5432,#5433,#5434,#5435));
#2267=EDGE_LOOP('',(#5436,#5437,#5438,#5439));
#2268=EDGE_LOOP('',(#5440,#5441,#5442,#5443));
#2269=EDGE_LOOP('',(#5444,#5445,#5446,#5447));
#2270=EDGE_LOOP('',(#5448,#5449,#5450,#5451));
#2271=EDGE_LOOP('',(#5452,#5453,#5454,#5455));
#2272=EDGE_LOOP('',(#5456,#5457,#5458,#5459));
#2273=EDGE_LOOP('',(#5460,#5461,#5462,#5463,#5464,#5465,#5466,#5467));
#2274=EDGE_LOOP('',(#5468,#5469,#5470,#5471,#5472,#5473,#5474,#5475));
#2275=EDGE_LOOP('',(#5476,#5477,#5478,#5479));
#2276=EDGE_LOOP('',(#5480,#5481,#5482,#5483));
#2277=EDGE_LOOP('',(#5484,#5485,#5486,#5487));
#2278=EDGE_LOOP('',(#5488,#5489,#5490,#5491));
#2279=EDGE_LOOP('',(#5492,#5493,#5494,#5495,#5496,#5497,#5498,#5499));
#2280=EDGE_LOOP('',(#5500));
#2281=EDGE_LOOP('',(#5501));
#2282=EDGE_LOOP('',(#5502,#5503,#5504,#5505));
#2283=EDGE_LOOP('',(#5506,#5507,#5508,#5509));
#2284=EDGE_LOOP('',(#5510,#5511,#5512,#5513));
#2285=EDGE_LOOP('',(#5514,#5515,#5516,#5517));
#2286=EDGE_LOOP('',(#5518,#5519,#5520,#5521));
#2287=EDGE_LOOP('',(#5522,#5523,#5524,#5525));
#2288=EDGE_LOOP('',(#5526,#5527,#5528,#5529));
#2289=EDGE_LOOP('',(#5530,#5531,#5532,#5533));
#2290=EDGE_LOOP('',(#5534,#5535,#5536,#5537));
#2291=EDGE_LOOP('',(#5538,#5539,#5540,#5541));
#2292=EDGE_LOOP('',(#5542,#5543,#5544,#5545));
#2293=EDGE_LOOP('',(#5546,#5547,#5548,#5549));
#2294=EDGE_LOOP('',(#5550,#5551,#5552,#5553));
#2295=EDGE_LOOP('',(#5554,#5555,#5556,#5557));
#2296=EDGE_LOOP('',(#5558,#5559,#5560,#5561));
#2297=EDGE_LOOP('',(#5562,#5563,#5564,#5565));
#2298=EDGE_LOOP('',(#5566,#5567,#5568,#5569));
#2299=EDGE_LOOP('',(#5570,#5571,#5572,#5573));
#2300=EDGE_LOOP('',(#5574,#5575,#5576,#5577));
#2301=EDGE_LOOP('',(#5578,#5579,#5580,#5581));
#2302=EDGE_LOOP('',(#5582,#5583,#5584,#5585));
#2303=EDGE_LOOP('',(#5586,#5587,#5588,#5589));
#2304=EDGE_LOOP('',(#5590,#5591,#5592,#5593));
#2305=EDGE_LOOP('',(#5594,#5595,#5596,#5597,#5598,#5599,#5600,#5601));
#2306=EDGE_LOOP('',(#5602));
#2307=EDGE_LOOP('',(#5603,#5604,#5605,#5606,#5607,#5608,#5609,#5610));
#2308=EDGE_LOOP('',(#5611));
#2309=EDGE_LOOP('',(#5612,#5613,#5614,#5615));
#2310=EDGE_LOOP('',(#5616,#5617,#5618,#5619));
#2311=EDGE_LOOP('',(#5620,#5621,#5622));
#2312=EDGE_LOOP('',(#5623,#5624,#5625,#5626));
#2313=EDGE_LOOP('',(#5627,#5628,#5629,#5630));
#2314=EDGE_LOOP('',(#5631,#5632,#5633,#5634,#5635,#5636,#5637,#5638,#5639,
#5640,#5641,#5642,#5643,#5644,#5645,#5646));
#2315=EDGE_LOOP('',(#5647,#5648,#5649,#5650,#5651,#5652,#5653,#5654,#5655,
#5656,#5657,#5658,#5659,#5660,#5661,#5662));
#2316=EDGE_LOOP('',(#5663,#5664,#5665,#5666));
#2317=EDGE_LOOP('',(#5667,#5668,#5669,#5670));
#2318=EDGE_LOOP('',(#5671,#5672,#5673,#5674));
#2319=EDGE_LOOP('',(#5675,#5676,#5677,#5678,#5679,#5680));
#2320=EDGE_LOOP('',(#5681,#5682,#5683,#5684));
#2321=EDGE_LOOP('',(#5685,#5686,#5687,#5688));
#2322=EDGE_LOOP('',(#5689));
#2323=EDGE_LOOP('',(#5690));
#2324=EDGE_LOOP('',(#5691,#5692,#5693,#5694));
#2325=EDGE_LOOP('',(#5695,#5696,#5697,#5698));
#2326=EDGE_LOOP('',(#5699,#5700,#5701,#5702));
#2327=EDGE_LOOP('',(#5703,#5704,#5705,#5706));
#2328=EDGE_LOOP('',(#5707,#5708,#5709,#5710,#5711));
#2329=EDGE_LOOP('',(#5712,#5713,#5714,#5715,#5716,#5717));
#2330=EDGE_LOOP('',(#5718,#5719,#5720,#5721,#5722));
#2331=EDGE_LOOP('',(#5723));
#2332=EDGE_LOOP('',(#5724,#5725,#5726,#5727));
#2333=EDGE_LOOP('',(#5728,#5729,#5730,#5731));
#2334=EDGE_LOOP('',(#5732));
#2335=EDGE_LOOP('',(#5733));
#2336=EDGE_LOOP('',(#5734,#5735,#5736,#5737));
#2337=EDGE_LOOP('',(#5738,#5739,#5740,#5741));
#2338=EDGE_LOOP('',(#5742,#5743,#5744,#5745));
#2339=EDGE_LOOP('',(#5746,#5747,#5748,#5749));
#2340=EDGE_LOOP('',(#5750,#5751,#5752,#5753));
#2341=EDGE_LOOP('',(#5754,#5755,#5756,#5757));
#2342=EDGE_LOOP('',(#5758,#5759,#5760,#5761));
#2343=EDGE_LOOP('',(#5762,#5763,#5764,#5765));
#2344=EDGE_LOOP('',(#5766,#5767,#5768,#5769));
#2345=EDGE_LOOP('',(#5770,#5771,#5772,#5773));
#2346=EDGE_LOOP('',(#5774,#5775,#5776,#5777));
#2347=EDGE_LOOP('',(#5778,#5779,#5780,#5781,#5782,#5783,#5784,#5785,#5786,
#5787,#5788));
#2348=EDGE_LOOP('',(#5789,#5790,#5791,#5792));
#2349=EDGE_LOOP('',(#5793,#5794,#5795,#5796));
#2350=EDGE_LOOP('',(#5797,#5798,#5799,#5800));
#2351=EDGE_LOOP('',(#5801,#5802,#5803,#5804));
#2352=EDGE_LOOP('',(#5805,#5806,#5807,#5808));
#2353=EDGE_LOOP('',(#5809,#5810,#5811,#5812));
#2354=EDGE_LOOP('',(#5813,#5814,#5815,#5816));
#2355=EDGE_LOOP('',(#5817,#5818,#5819,#5820));
#2356=EDGE_LOOP('',(#5821,#5822,#5823,#5824));
#2357=EDGE_LOOP('',(#5825,#5826,#5827,#5828));
#2358=EDGE_LOOP('',(#5829,#5830,#5831,#5832));
#2359=EDGE_LOOP('',(#5833,#5834,#5835,#5836));
#2360=EDGE_LOOP('',(#5837,#5838,#5839,#5840));
#2361=EDGE_LOOP('',(#5841,#5842,#5843,#5844));
#2362=EDGE_LOOP('',(#5845,#5846,#5847,#5848));
#2363=EDGE_LOOP('',(#5849,#5850,#5851,#5852));
#2364=EDGE_LOOP('',(#5853,#5854,#5855,#5856,#5857,#5858,#5859,#5860,#5861,
#5862,#5863,#5864,#5865));
#2365=EDGE_LOOP('',(#5866,#5867,#5868));
#2366=EDGE_LOOP('',(#5869,#5870,#5871,#5872));
#2367=EDGE_LOOP('',(#5873,#5874,#5875,#5876));
#2368=EDGE_LOOP('',(#5877,#5878,#5879,#5880));
#2369=EDGE_LOOP('',(#5881,#5882,#5883,#5884));
#2370=EDGE_LOOP('',(#5885,#5886,#5887,#5888));
#2371=EDGE_LOOP('',(#5889,#5890,#5891,#5892));
#2372=EDGE_LOOP('',(#5893,#5894,#5895,#5896));
#2373=EDGE_LOOP('',(#5897,#5898,#5899,#5900));
#2374=EDGE_LOOP('',(#5901,#5902,#5903,#5904));
#2375=EDGE_LOOP('',(#5905,#5906,#5907,#5908));
#2376=EDGE_LOOP('',(#5909,#5910,#5911,#5912));
#2377=EDGE_LOOP('',(#5913,#5914,#5915,#5916));
#2378=EDGE_LOOP('',(#5917,#5918,#5919,#5920));
#2379=EDGE_LOOP('',(#5921,#5922,#5923,#5924));
#2380=EDGE_LOOP('',(#5925,#5926,#5927,#5928));
#2381=EDGE_LOOP('',(#5929,#5930,#5931,#5932));
#2382=EDGE_LOOP('',(#5933,#5934,#5935,#5936));
#2383=EDGE_LOOP('',(#5937,#5938,#5939,#5940));
#2384=EDGE_LOOP('',(#5941,#5942,#5943,#5944));
#2385=EDGE_LOOP('',(#5945,#5946,#5947,#5948,#5949,#5950,#5951,#5952,#5953));
#2386=EDGE_LOOP('',(#5954,#5955,#5956,#5957,#5958));
#2387=EDGE_LOOP('',(#5959,#5960,#5961,#5962,#5963));
#2388=EDGE_LOOP('',(#5964,#5965,#5966,#5967,#5968,#5969,#5970,#5971));
#2389=EDGE_LOOP('',(#5972));
#2390=EDGE_LOOP('',(#5973));
#2391=EDGE_LOOP('',(#5974));
#2392=EDGE_LOOP('',(#5975));
#2393=EDGE_LOOP('',(#5976));
#2394=EDGE_LOOP('',(#5977));
#2395=EDGE_LOOP('',(#5978));
#2396=EDGE_LOOP('',(#5979,#5980,#5981,#5982,#5983,#5984,#5985,#5986,#5987));
#2397=EDGE_LOOP('',(#5988,#5989,#5990,#5991,#5992,#5993,#5994,#5995,#5996,
#5997,#5998,#5999,#6000));
#2398=EDGE_LOOP('',(#6001,#6002,#6003,#6004,#6005,#6006,#6007,#6008,#6009,
#6010,#6011));
#2399=EDGE_LOOP('',(#6012,#6013,#6014,#6015,#6016));
#2400=EDGE_LOOP('',(#6017,#6018,#6019,#6020,#6021));
#2401=EDGE_LOOP('',(#6022,#6023,#6024,#6025));
#2402=EDGE_LOOP('',(#6026,#6027,#6028,#6029));
#2403=EDGE_LOOP('',(#6030,#6031,#6032,#6033));
#2404=EDGE_LOOP('',(#6034,#6035,#6036,#6037));
#2405=EDGE_LOOP('',(#6038,#6039,#6040,#6041));
#2406=EDGE_LOOP('',(#6042,#6043,#6044,#6045));
#2407=EDGE_LOOP('',(#6046,#6047,#6048,#6049));
#2408=EDGE_LOOP('',(#6050,#6051,#6052,#6053));
#2409=EDGE_LOOP('',(#6054,#6055,#6056,#6057));
#2410=EDGE_LOOP('',(#6058,#6059,#6060,#6061));
#2411=EDGE_LOOP('',(#6062,#6063,#6064,#6065));
#2412=EDGE_LOOP('',(#6066,#6067,#6068,#6069));
#2413=EDGE_LOOP('',(#6070,#6071,#6072));
#2414=EDGE_LOOP('',(#6073,#6074,#6075,#6076));
#2415=EDGE_LOOP('',(#6077,#6078,#6079,#6080));
#2416=EDGE_LOOP('',(#6081,#6082,#6083,#6084));
#2417=EDGE_LOOP('',(#6085,#6086,#6087,#6088));
#2418=EDGE_LOOP('',(#6089,#6090,#6091,#6092));
#2419=EDGE_LOOP('',(#6093,#6094,#6095,#6096));
#2420=EDGE_LOOP('',(#6097,#6098,#6099,#6100));
#2421=EDGE_LOOP('',(#6101,#6102,#6103,#6104));
#2422=EDGE_LOOP('',(#6105,#6106,#6107,#6108));
#2423=EDGE_LOOP('',(#6109,#6110,#6111,#6112));
#2424=EDGE_LOOP('',(#6113,#6114,#6115,#6116));
#2425=EDGE_LOOP('',(#6117,#6118,#6119,#6120));
#2426=EDGE_LOOP('',(#6121,#6122,#6123,#6124,#6125,#6126,#6127,#6128));
#2427=EDGE_LOOP('',(#6129));
#2428=EDGE_LOOP('',(#6130));
#2429=EDGE_LOOP('',(#6131));
#2430=EDGE_LOOP('',(#6132));
#2431=EDGE_LOOP('',(#6133));
#2432=EDGE_LOOP('',(#6134));
#2433=EDGE_LOOP('',(#6135));
#2434=EDGE_LOOP('',(#6136,#6137,#6138,#6139));
#2435=EDGE_LOOP('',(#6140,#6141,#6142,#6143));
#2436=EDGE_LOOP('',(#6144,#6145,#6146,#6147));
#2437=EDGE_LOOP('',(#6148,#6149,#6150,#6151));
#2438=EDGE_LOOP('',(#6152,#6153,#6154,#6155));
#2439=EDGE_LOOP('',(#6156));
#2440=EDGE_LOOP('',(#6157));
#2441=EDGE_LOOP('',(#6158,#6159,#6160,#6161));
#2442=EDGE_LOOP('',(#6162));
#2443=EDGE_LOOP('',(#6163));
#2444=EDGE_LOOP('',(#6164));
#2445=EDGE_LOOP('',(#6165));
#2446=EDGE_LOOP('',(#6166,#6167,#6168,#6169));
#2447=EDGE_LOOP('',(#6170));
#2448=EDGE_LOOP('',(#6171));
#2449=EDGE_LOOP('',(#6172));
#2450=EDGE_LOOP('',(#6173));
#2451=EDGE_LOOP('',(#6174,#6175,#6176,#6177));
#2452=EDGE_LOOP('',(#6178));
#2453=EDGE_LOOP('',(#6179));
#2454=EDGE_LOOP('',(#6180));
#2455=EDGE_LOOP('',(#6181));
#2456=EDGE_LOOP('',(#6182,#6183,#6184,#6185));
#2457=EDGE_LOOP('',(#6186));
#2458=EDGE_LOOP('',(#6187));
#2459=EDGE_LOOP('',(#6188));
#2460=EDGE_LOOP('',(#6189));
#2461=EDGE_LOOP('',(#6190,#6191,#6192,#6193));
#2462=EDGE_LOOP('',(#6194));
#2463=EDGE_LOOP('',(#6195));
#2464=EDGE_LOOP('',(#6196,#6197,#6198,#6199));
#2465=EDGE_LOOP('',(#6200,#6201,#6202,#6203));
#2466=EDGE_LOOP('',(#6204,#6205,#6206,#6207));
#2467=EDGE_LOOP('',(#6208,#6209,#6210,#6211));
#2468=EDGE_LOOP('',(#6212,#6213,#6214,#6215));
#2469=EDGE_LOOP('',(#6216,#6217,#6218,#6219));
#2470=EDGE_LOOP('',(#6220,#6221,#6222,#6223));
#2471=EDGE_LOOP('',(#6224,#6225,#6226,#6227));
#2472=EDGE_LOOP('',(#6228,#6229,#6230,#6231));
#2473=EDGE_LOOP('',(#6232,#6233,#6234,#6235));
#2474=EDGE_LOOP('',(#6236,#6237,#6238,#6239,#6240));
#2475=EDGE_LOOP('',(#6241,#6242,#6243,#6244,#6245));
#2476=EDGE_LOOP('',(#6246,#6247,#6248,#6249,#6250));
#2477=EDGE_LOOP('',(#6251,#6252,#6253,#6254,#6255));
#2478=EDGE_LOOP('',(#6256));
#2479=EDGE_LOOP('',(#6257));
#2480=EDGE_LOOP('',(#6258,#6259,#6260,#6261));
#2481=EDGE_LOOP('',(#6262));
#2482=EDGE_LOOP('',(#6263));
#2483=EDGE_LOOP('',(#6264,#6265,#6266,#6267));
#2484=EDGE_LOOP('',(#6268,#6269,#6270,#6271));
#2485=EDGE_LOOP('',(#6272,#6273,#6274,#6275));
#2486=EDGE_LOOP('',(#6276,#6277,#6278,#6279));
#2487=EDGE_LOOP('',(#6280,#6281,#6282,#6283));
#2488=EDGE_LOOP('',(#6284,#6285,#6286,#6287));
#2489=EDGE_LOOP('',(#6288,#6289,#6290,#6291));
#2490=EDGE_LOOP('',(#6292,#6293,#6294,#6295));
#2491=EDGE_LOOP('',(#6296,#6297,#6298,#6299));
#2492=EDGE_LOOP('',(#6300,#6301,#6302,#6303));
#2493=EDGE_LOOP('',(#6304,#6305,#6306,#6307));
#2494=EDGE_LOOP('',(#6308,#6309,#6310,#6311));
#2495=EDGE_LOOP('',(#6312,#6313,#6314,#6315));
#2496=EDGE_LOOP('',(#6316,#6317,#6318,#6319));
#2497=EDGE_LOOP('',(#6320,#6321,#6322,#6323));
#2498=EDGE_LOOP('',(#6324,#6325,#6326,#6327));
#2499=EDGE_LOOP('',(#6328,#6329,#6330,#6331));
#2500=EDGE_LOOP('',(#6332,#6333,#6334,#6335,#6336,#6337,#6338,#6339));
#2501=EDGE_LOOP('',(#6340,#6341,#6342,#6343,#6344,#6345,#6346,#6347));
#2502=EDGE_LOOP('',(#6348,#6349,#6350,#6351));
#2503=EDGE_LOOP('',(#6352,#6353,#6354,#6355));
#2504=EDGE_LOOP('',(#6356,#6357,#6358,#6359));
#2505=EDGE_LOOP('',(#6360,#6361,#6362,#6363));
#2506=EDGE_LOOP('',(#6364,#6365,#6366,#6367));
#2507=EDGE_LOOP('',(#6368,#6369,#6370,#6371));
#2508=EDGE_LOOP('',(#6372,#6373,#6374,#6375));
#2509=EDGE_LOOP('',(#6376,#6377,#6378,#6379));
#2510=EDGE_LOOP('',(#6380,#6381,#6382,#6383));
#2511=EDGE_LOOP('',(#6384,#6385,#6386,#6387));
#2512=EDGE_LOOP('',(#6388,#6389,#6390,#6391));
#2513=EDGE_LOOP('',(#6392,#6393,#6394,#6395));
#2514=EDGE_LOOP('',(#6396,#6397,#6398,#6399));
#2515=EDGE_LOOP('',(#6400,#6401,#6402,#6403));
#2516=EDGE_LOOP('',(#6404,#6405,#6406,#6407));
#2517=EDGE_LOOP('',(#6408,#6409,#6410,#6411));
#2518=EDGE_LOOP('',(#6412,#6413,#6414,#6415));
#2519=EDGE_LOOP('',(#6416,#6417,#6418,#6419));
#2520=EDGE_LOOP('',(#6420,#6421,#6422,#6423));
#2521=EDGE_LOOP('',(#6424,#6425,#6426,#6427));
#2522=EDGE_LOOP('',(#6428,#6429,#6430,#6431,#6432,#6433,#6434,#6435));
#2523=EDGE_LOOP('',(#6436,#6437,#6438,#6439,#6440,#6441,#6442,#6443));
#2524=EDGE_LOOP('',(#6444,#6445,#6446,#6447));
#2525=EDGE_LOOP('',(#6448,#6449,#6450,#6451));
#2526=EDGE_LOOP('',(#6452,#6453,#6454,#6455));
#2527=EDGE_LOOP('',(#6456,#6457,#6458,#6459));
#2528=EDGE_LOOP('',(#6460,#6461,#6462,#6463,#6464,#6465,#6466,#6467));
#2529=EDGE_LOOP('',(#6468,#6469,#6470,#6471,#6472,#6473,#6474,#6475));
#2530=EDGE_LOOP('',(#6476,#6477,#6478,#6479,#6480));
#2531=EDGE_LOOP('',(#6481,#6482,#6483,#6484,#6485));
#2532=EDGE_LOOP('',(#6486,#6487,#6488,#6489,#6490));
#2533=EDGE_LOOP('',(#6491,#6492,#6493,#6494,#6495));
#2534=EDGE_LOOP('',(#6496,#6497,#6498,#6499,#6500,#6501));
#2535=EDGE_LOOP('',(#6502,#6503,#6504,#6505));
#2536=EDGE_LOOP('',(#6506,#6507,#6508,#6509));
#2537=EDGE_LOOP('',(#6510,#6511,#6512,#6513,#6514));
#2538=EDGE_LOOP('',(#6515,#6516,#6517,#6518,#6519));
#2539=EDGE_LOOP('',(#6520,#6521,#6522,#6523,#6524));
#2540=EDGE_LOOP('',(#6525,#6526,#6527,#6528,#6529));
#2541=EDGE_LOOP('',(#6530,#6531,#6532,#6533));
#2542=EDGE_LOOP('',(#6534,#6535,#6536,#6537));
#2543=EDGE_LOOP('',(#6538,#6539,#6540,#6541));
#2544=EDGE_LOOP('',(#6542,#6543,#6544,#6545));
#2545=EDGE_LOOP('',(#6546,#6547,#6548,#6549));
#2546=EDGE_LOOP('',(#6550,#6551,#6552,#6553));
#2547=EDGE_LOOP('',(#6554,#6555,#6556,#6557));
#2548=EDGE_LOOP('',(#6558,#6559,#6560,#6561));
#2549=EDGE_LOOP('',(#6562,#6563,#6564,#6565));
#2550=EDGE_LOOP('',(#6566,#6567,#6568,#6569));
#2551=EDGE_LOOP('',(#6570,#6571,#6572,#6573));
#2552=EDGE_LOOP('',(#6574,#6575,#6576,#6577));
#2553=EDGE_LOOP('',(#6578,#6579,#6580,#6581));
#2554=EDGE_LOOP('',(#6582,#6583,#6584,#6585));
#2555=EDGE_LOOP('',(#6586));
#2556=EDGE_LOOP('',(#6587,#6588,#6589,#6590,#6591,#6592,#6593,#6594,#6595,
#6596,#6597));
#2557=EDGE_LOOP('',(#6598,#6599,#6600,#6601,#6602,#6603,#6604,#6605,#6606,
#6607,#6608,#6609,#6610,#6611,#6612,#6613,#6614,#6615,#6616,#6617));
#2558=EDGE_LOOP('',(#6618));
#2559=EDGE_LOOP('',(#6619));
#2560=EDGE_LOOP('',(#6620,#6621,#6622,#6623));
#2561=EDGE_LOOP('',(#6624));
#2562=EDGE_LOOP('',(#6625));
#2563=EDGE_LOOP('',(#6626,#6627,#6628,#6629,#6630));
#2564=EDGE_LOOP('',(#6631,#6632,#6633,#6634,#6635,#6636));
#2565=EDGE_LOOP('',(#6637));
#2566=EDGE_LOOP('',(#6638,#6639,#6640,#6641,#6642,#6643));
#2567=EDGE_LOOP('',(#6644,#6645,#6646,#6647,#6648));
#2568=EDGE_LOOP('',(#6649));
#2569=EDGE_LOOP('',(#6650,#6651,#6652,#6653,#6654));
#2570=EDGE_LOOP('',(#6655,#6656,#6657,#6658,#6659));
#2571=EDGE_LOOP('',(#6660,#6661,#6662,#6663,#6664));
#2572=EDGE_LOOP('',(#6665,#6666,#6667,#6668,#6669));
#2573=EDGE_LOOP('',(#6670,#6671,#6672,#6673,#6674));
#2574=EDGE_LOOP('',(#6675,#6676,#6677,#6678,#6679));
#2575=EDGE_LOOP('',(#6680,#6681,#6682,#6683,#6684));
#2576=EDGE_LOOP('',(#6685,#6686,#6687,#6688,#6689));
#2577=EDGE_LOOP('',(#6690,#6691,#6692,#6693,#6694,#6695,#6696,#6697,#6698,
#6699,#6700,#6701,#6702,#6703,#6704,#6705,#6706));
#2578=EDGE_LOOP('',(#6707,#6708,#6709,#6710));
#2579=EDGE_LOOP('',(#6711,#6712,#6713,#6714));
#2580=EDGE_LOOP('',(#6715,#6716,#6717,#6718));
#2581=EDGE_LOOP('',(#6719,#6720,#6721,#6722));
#2582=EDGE_LOOP('',(#6723,#6724,#6725,#6726));
#2583=EDGE_LOOP('',(#6727,#6728,#6729,#6730));
#2584=EDGE_LOOP('',(#6731,#6732,#6733,#6734));
#2585=EDGE_LOOP('',(#6735,#6736,#6737,#6738));
#2586=EDGE_LOOP('',(#6739,#6740,#6741,#6742));
#2587=EDGE_LOOP('',(#6743,#6744,#6745,#6746));
#2588=EDGE_LOOP('',(#6747,#6748,#6749,#6750));
#2589=EDGE_LOOP('',(#6751,#6752,#6753,#6754));
#2590=EDGE_LOOP('',(#6755,#6756,#6757,#6758));
#2591=EDGE_LOOP('',(#6759));
#2592=EDGE_LOOP('',(#6760,#6761,#6762,#6763,#6764,#6765,#6766,#6767,#6768,
#6769,#6770,#6771,#6772,#6773,#6774,#6775,#6776,#6777,#6778,#6779));
#2593=EDGE_LOOP('',(#6780));
#2594=EDGE_LOOP('',(#6781));
#2595=EDGE_LOOP('',(#6782,#6783,#6784,#6785));
#2596=EDGE_LOOP('',(#6786,#6787,#6788,#6789,#6790));
#2597=EDGE_LOOP('',(#6791,#6792,#6793,#6794,#6795));
#2598=EDGE_LOOP('',(#6796));
#2599=EDGE_LOOP('',(#6797,#6798,#6799,#6800,#6801));
#2600=EDGE_LOOP('',(#6802,#6803,#6804,#6805,#6806,#6807));
#2601=EDGE_LOOP('',(#6808,#6809,#6810,#6811,#6812,#6813));
#2602=EDGE_LOOP('',(#6814,#6815,#6816,#6817,#6818));
#2603=EDGE_LOOP('',(#6819));
#2604=EDGE_LOOP('',(#6820,#6821,#6822,#6823,#6824));
#2605=EDGE_LOOP('',(#6825,#6826,#6827,#6828,#6829));
#2606=EDGE_LOOP('',(#6830,#6831,#6832,#6833,#6834));
#2607=EDGE_LOOP('',(#6835,#6836,#6837,#6838,#6839));
#2608=EDGE_LOOP('',(#6840,#6841,#6842,#6843,#6844));
#2609=EDGE_LOOP('',(#6845,#6846,#6847,#6848,#6849));
#2610=EDGE_LOOP('',(#6850,#6851,#6852,#6853,#6854));
#2611=EDGE_LOOP('',(#6855,#6856,#6857,#6858,#6859));
#2612=EDGE_LOOP('',(#6860,#6861,#6862,#6863,#6864,#6865,#6866,#6867,#6868,
#6869,#6870,#6871,#6872,#6873,#6874,#6875,#6876));
#2613=EDGE_LOOP('',(#6877,#6878,#6879,#6880));
#2614=EDGE_LOOP('',(#6881,#6882,#6883,#6884));
#2615=EDGE_LOOP('',(#6885,#6886,#6887,#6888));
#2616=EDGE_LOOP('',(#6889,#6890,#6891,#6892));
#2617=EDGE_LOOP('',(#6893,#6894,#6895,#6896));
#2618=EDGE_LOOP('',(#6897,#6898,#6899,#6900));
#2619=EDGE_LOOP('',(#6901,#6902,#6903,#6904));
#2620=EDGE_LOOP('',(#6905,#6906,#6907,#6908));
#2621=EDGE_LOOP('',(#6909,#6910,#6911,#6912));
#2622=EDGE_LOOP('',(#6913,#6914,#6915,#6916));
#2623=EDGE_LOOP('',(#6917,#6918,#6919,#6920));
#2624=EDGE_LOOP('',(#6921,#6922,#6923,#6924));
#2625=EDGE_LOOP('',(#6925,#6926,#6927,#6928));
#2626=EDGE_LOOP('',(#6929));
#2627=EDGE_LOOP('',(#6930,#6931,#6932,#6933,#6934,#6935,#6936,#6937,#6938,
#6939,#6940,#6941,#6942,#6943,#6944,#6945,#6946,#6947,#6948,#6949));
#2628=EDGE_LOOP('',(#6950));
#2629=EDGE_LOOP('',(#6951));
#2630=EDGE_LOOP('',(#6952,#6953,#6954,#6955));
#2631=EDGE_LOOP('',(#6956,#6957,#6958,#6959,#6960));
#2632=EDGE_LOOP('',(#6961,#6962,#6963,#6964,#6965));
#2633=EDGE_LOOP('',(#6966));
#2634=EDGE_LOOP('',(#6967,#6968,#6969,#6970,#6971));
#2635=EDGE_LOOP('',(#6972,#6973,#6974,#6975,#6976,#6977));
#2636=EDGE_LOOP('',(#6978,#6979,#6980,#6981,#6982,#6983));
#2637=EDGE_LOOP('',(#6984,#6985,#6986,#6987,#6988));
#2638=EDGE_LOOP('',(#6989));
#2639=CIRCLE('',#7644,0.100000000000002);
#2640=CIRCLE('',#7645,0.9);
#2641=CIRCLE('',#7646,0.1);
#2642=CIRCLE('',#7647,1.);
#2643=CIRCLE('',#7649,0.1);
#2644=CIRCLE('',#7651,0.1);
#2645=CIRCLE('',#7652,1.);
#2646=CIRCLE('',#7653,0.9);
#2647=CIRCLE('',#7655,0.1);
#2648=CIRCLE('',#7657,0.1);
#2649=CIRCLE('',#7658,1.);
#2650=CIRCLE('',#7659,0.9);
#2651=CIRCLE('',#7661,0.1);
#2652=CIRCLE('',#7663,0.1);
#2653=CIRCLE('',#7664,1.);
#2654=CIRCLE('',#7665,0.9);
#2655=CIRCLE('',#7669,1.);
#2656=CIRCLE('',#7672,1.);
#2657=CIRCLE('',#7674,2.1);
#2658=CIRCLE('',#7675,2.1);
#2659=CIRCLE('',#7676,2.1);
#2660=CIRCLE('',#7677,2.1);
#2661=CIRCLE('',#7678,1.07823);
#2662=CIRCLE('',#7679,1.07823);
#2663=CIRCLE('',#7681,1.);
#2664=CIRCLE('',#7682,1.5);
#2665=CIRCLE('',#7683,1.5);
#2666=CIRCLE('',#7685,1.5);
#2667=CIRCLE('',#7688,1.);
#2668=CIRCLE('',#7689,1.5);
#2669=CIRCLE('',#7690,1.5);
#2670=CIRCLE('',#7692,1.5);
#2671=CIRCLE('',#7695,1.2);
#2672=CIRCLE('',#7696,1.2);
#2673=CIRCLE('',#7700,1.2);
#2674=CIRCLE('',#7701,1.2);
#2675=CIRCLE('',#7703,1.2);
#2676=CIRCLE('',#7704,1.2);
#2677=CIRCLE('',#7708,1.2);
#2678=CIRCLE('',#7709,1.2);
#2679=CIRCLE('',#7711,2.5);
#2680=CIRCLE('',#7712,2.5);
#2681=CIRCLE('',#7713,2.5);
#2682=CIRCLE('',#7714,2.5);
#2683=CIRCLE('',#7717,0.1);
#2684=CIRCLE('',#7718,0.1);
#2685=CIRCLE('',#7720,0.1);
#2686=CIRCLE('',#7721,1.1);
#2687=CIRCLE('',#7723,0.100000000000003);
#2688=CIRCLE('',#7725,0.0999999999999995);
#2689=CIRCLE('',#7726,1.1);
#2690=CIRCLE('',#7728,0.0999999999999998);
#2691=CIRCLE('',#7730,0.1);
#2692=CIRCLE('',#7731,1.1);
#2693=CIRCLE('',#7733,0.1);
#2694=CIRCLE('',#7735,1.1);
#2695=CIRCLE('',#7737,0.75);
#2696=CIRCLE('',#7738,0.75);
#2697=CIRCLE('',#7739,0.75);
#2698=CIRCLE('',#7740,0.75);
#2699=CIRCLE('',#7743,2.5);
#2700=CIRCLE('',#7745,2.5);
#2701=CIRCLE('',#7748,2.5);
#2702=CIRCLE('',#7751,2.5);
#2703=CIRCLE('',#7753,0.599999999999999);
#2704=CIRCLE('',#7754,0.600000000000003);
#2705=CIRCLE('',#7756,0.6);
#2706=CIRCLE('',#7757,1.9);
#2707=CIRCLE('',#7759,0.600000000000003);
#2708=CIRCLE('',#7761,0.600000000000003);
#2709=CIRCLE('',#7762,1.9);
#2710=CIRCLE('',#7764,0.600000000000001);
#2711=CIRCLE('',#7766,0.6);
#2712=CIRCLE('',#7767,1.9);
#2713=CIRCLE('',#7769,0.6);
#2714=CIRCLE('',#7771,1.9);
#2715=CIRCLE('',#7773,1.2);
#2716=CIRCLE('',#7774,1.2);
#2717=CIRCLE('',#7775,1.2);
#2718=CIRCLE('',#7776,1.2);
#2719=CIRCLE('',#7778,1.2);
#2720=CIRCLE('',#7781,1.2);
#2721=CIRCLE('',#7785,0.75);
#2722=CIRCLE('',#7789,1.2);
#2723=CIRCLE('',#7792,1.2);
#2724=CIRCLE('',#7794,0.75);
#2725=CIRCLE('',#7796,0.75);
#2726=CIRCLE('',#7799,0.75);
#2727=CIRCLE('',#7801,0.5);
#2728=CIRCLE('',#7803,0.5);
#2729=CIRCLE('',#7804,1.5);
#2730=CIRCLE('',#7805,1.);
#2731=CIRCLE('',#7807,0.5);
#2732=CIRCLE('',#7809,0.5);
#2733=CIRCLE('',#7810,1.5);
#2734=CIRCLE('',#7811,1.);
#2735=CIRCLE('',#7813,1.);
#2736=CIRCLE('',#7816,1.);
#2737=CIRCLE('',#7817,1.);
#2738=CIRCLE('',#7818,0.499999999999999);
#2739=CIRCLE('',#7820,0.5);
#2740=CIRCLE('',#7821,1.5);
#2741=CIRCLE('',#7822,1.);
#2742=CIRCLE('',#7824,0.5);
#2743=CIRCLE('',#7826,0.500000000000001);
#2744=CIRCLE('',#7827,1.5);
#2745=CIRCLE('',#7828,1.);
#2746=CIRCLE('',#7830,1.);
#2747=CIRCLE('',#7831,1.);
#2748=CIRCLE('',#7834,1.);
#2749=CIRCLE('',#7836,1.);
#2750=CIRCLE('',#7837,2.9);
#2751=CIRCLE('',#7838,0.999999999999999);
#2752=CIRCLE('',#7839,1.9);
#2753=CIRCLE('',#7841,1.);
#2754=CIRCLE('',#7843,1.);
#2755=CIRCLE('',#7844,1.9);
#2756=CIRCLE('',#7845,2.9);
#2757=CIRCLE('',#7847,1.);
#2758=CIRCLE('',#7849,1.);
#2759=CIRCLE('',#7850,1.9);
#2760=CIRCLE('',#7851,2.9);
#2761=CIRCLE('',#7853,1.);
#2762=CIRCLE('',#7855,1.);
#2763=CIRCLE('',#7856,1.9);
#2764=CIRCLE('',#7857,2.9);
#2765=CIRCLE('',#7861,2.9);
#2766=CIRCLE('',#7864,2.9);
#2767=CIRCLE('',#7867,0.5);
#2768=CIRCLE('',#7868,1.6);
#2769=CIRCLE('',#7869,0.500000000000001);
#2770=CIRCLE('',#7870,1.1);
#2771=CIRCLE('',#7872,0.5);
#2772=CIRCLE('',#7874,0.5);
#2773=CIRCLE('',#7875,1.1);
#2774=CIRCLE('',#7876,1.6);
#2775=CIRCLE('',#7878,0.5);
#2776=CIRCLE('',#7880,0.500000000000003);
#2777=CIRCLE('',#7881,1.1);
#2778=CIRCLE('',#7882,1.6);
#2779=CIRCLE('',#7884,0.5);
#2780=CIRCLE('',#7886,0.5);
#2781=CIRCLE('',#7887,1.1);
#2782=CIRCLE('',#7888,1.6);
#2783=CIRCLE('',#7892,1.6);
#2784=CIRCLE('',#7895,1.6);
#2785=CIRCLE('',#7898,0.5);
#2786=CIRCLE('',#7899,1.6);
#2787=CIRCLE('',#7900,0.5);
#2788=CIRCLE('',#7902,0.5);
#2789=CIRCLE('',#7904,0.5);
#2790=CIRCLE('',#7905,1.6);
#2791=CIRCLE('',#7907,0.5);
#2792=CIRCLE('',#7909,0.5);
#2793=CIRCLE('',#7911,0.500000000000001);
#2794=CIRCLE('',#7913,0.5);
#2795=CIRCLE('',#7919,0.5);
#2796=CIRCLE('',#7920,2.9);
#2797=CIRCLE('',#7921,0.499999999999996);
#2798=CIRCLE('',#7922,3.4);
#2799=CIRCLE('',#7924,0.499999999999998);
#2800=CIRCLE('',#7926,0.499999999999999);
#2801=CIRCLE('',#7927,3.4);
#2802=CIRCLE('',#7928,2.9);
#2803=CIRCLE('',#7930,0.5);
#2804=CIRCLE('',#7932,0.499999999999998);
#2805=CIRCLE('',#7933,3.4);
#2806=CIRCLE('',#7935,0.499999999999998);
#2807=CIRCLE('',#7937,0.5);
#2808=CIRCLE('',#7938,3.4);
#2809=CIRCLE('',#7944,1.);
#2810=CIRCLE('',#7945,1.);
#2811=CIRCLE('',#7946,0.5);
#2812=CIRCLE('',#7947,0.5);
#2813=CIRCLE('',#7948,0.5);
#2814=CIRCLE('',#7950,0.5);
#2815=CIRCLE('',#7951,0.499999999999993);
#2816=CIRCLE('',#7952,0.5);
#2817=CIRCLE('',#7956,0.5);
#2818=CIRCLE('',#7957,0.5);
#2819=CIRCLE('',#7958,0.5);
#2820=CIRCLE('',#7960,0.500000000000001);
#2821=CIRCLE('',#7961,0.5);
#2822=CIRCLE('',#7962,0.5);
#2823=CIRCLE('',#7966,0.5);
#2824=CIRCLE('',#7967,0.500000000000003);
#2825=CIRCLE('',#7968,0.5);
#2826=CIRCLE('',#7970,0.499999999999994);
#2827=CIRCLE('',#7971,0.499999999999998);
#2828=CIRCLE('',#7972,0.5);
#2829=CIRCLE('',#7973,1.);
#2830=CIRCLE('',#7978,0.5);
#2831=CIRCLE('',#7979,0.5);
#2832=CIRCLE('',#7980,0.5);
#2833=CIRCLE('',#7981,1.);
#2834=CIRCLE('',#7983,0.500000000000003);
#2835=CIRCLE('',#7984,0.500000000000005);
#2836=CIRCLE('',#7985,0.5);
#2837=CIRCLE('',#7991,1.07823);
#2838=CIRCLE('',#7993,1.07823);
#2839=CIRCLE('',#8000,1.07823);
#2840=CIRCLE('',#8002,1.6);
#2841=CIRCLE('',#8003,1.07823);
#2842=CIRCLE('',#8006,2.15);
#2843=CIRCLE('',#8008,2.15);
#2844=CIRCLE('',#8016,1.6);
#2845=CIRCLE('',#8022,1.35);
#2846=CIRCLE('',#8023,1.35);
#2847=CIRCLE('',#8024,0.25);
#2848=CIRCLE('',#8026,1.35);
#2849=CIRCLE('',#8027,1.35);
#2850=CIRCLE('',#8029,0.85);
#2851=CIRCLE('',#8060,0.649999999999999);
#2852=CIRCLE('',#8061,0.650000000000007);
#2853=CIRCLE('',#8062,0.650000000000001);
#2854=CIRCLE('',#8063,0.649999999999997);
#2855=CIRCLE('',#8064,0.9);
#2856=CIRCLE('',#8065,0.9);
#2857=CIRCLE('',#8066,0.9);
#2858=CIRCLE('',#8067,0.9);
#2859=CIRCLE('',#8068,0.9);
#2860=CIRCLE('',#8069,2.6);
#2861=CIRCLE('',#8070,2.6);
#2862=CIRCLE('',#8074,0.1);
#2863=CIRCLE('',#8075,0.749999999999999);
#2864=CIRCLE('',#8076,0.0999999999999988);
#2865=CIRCLE('',#8078,0.100000000000003);
#2866=CIRCLE('',#8080,0.100000000000002);
#2867=CIRCLE('',#8081,0.750000000000007);
#2868=CIRCLE('',#8083,0.1);
#2869=CIRCLE('',#8085,0.0999999999999988);
#2870=CIRCLE('',#8086,0.750000000000001);
#2871=CIRCLE('',#8088,0.100000000000001);
#2872=CIRCLE('',#8090,0.1);
#2873=CIRCLE('',#8091,0.749999999999997);
#2874=CIRCLE('',#8095,0.750000000000007);
#2875=CIRCLE('',#8098,0.749999999999999);
#2876=CIRCLE('',#8101,0.1);
#2877=CIRCLE('',#8102,1.2);
#2878=CIRCLE('',#8103,0.1);
#2879=CIRCLE('',#8104,1.1);
#2880=CIRCLE('',#8106,0.1);
#2881=CIRCLE('',#8108,0.100000000000001);
#2882=CIRCLE('',#8109,1.1);
#2883=CIRCLE('',#8110,1.20000000000001);
#2884=CIRCLE('',#8112,0.100000000000001);
#2885=CIRCLE('',#8114,0.100000000000018);
#2886=CIRCLE('',#8115,1.1);
#2887=CIRCLE('',#8116,1.2);
#2888=CIRCLE('',#8118,0.1);
#2889=CIRCLE('',#8120,0.100000000000001);
#2890=CIRCLE('',#8121,1.1);
#2891=CIRCLE('',#8122,1.2);
#2892=CIRCLE('',#8126,1.20000000000001);
#2893=CIRCLE('',#8129,1.2);
#2894=CIRCLE('',#8131,2.);
#2895=CIRCLE('',#8132,2.);
#2896=CIRCLE('',#8133,0.8);
#2897=CIRCLE('',#8134,0.8);
#2898=CIRCLE('',#8135,0.8);
#2899=CIRCLE('',#8136,0.8);
#2900=CIRCLE('',#8137,0.8);
#2901=CIRCLE('',#8139,0.8);
#2902=CIRCLE('',#8141,0.8);
#2903=CIRCLE('',#8143,0.8);
#2904=CIRCLE('',#8145,0.8);
#2905=CIRCLE('',#8147,0.8);
#2906=CIRCLE('',#8149,1.);
#2907=CIRCLE('',#8151,1.);
#2908=CIRCLE('',#8153,0.6);
#2909=CIRCLE('',#8155,1.);
#2910=CIRCLE('',#8157,1.);
#2911=CIRCLE('',#8159,0.6);
#2912=CIRCLE('',#8161,1.);
#2913=CIRCLE('',#8163,1.);
#2914=CIRCLE('',#8165,0.6);
#2915=CIRCLE('',#8167,1.);
#2916=CIRCLE('',#8169,1.);
#2917=CIRCLE('',#8171,0.6);
#2918=CIRCLE('',#8173,1.);
#2919=CIRCLE('',#8175,1.);
#2920=CIRCLE('',#8177,0.6);
#2921=CIRCLE('',#8179,0.6);
#2922=CIRCLE('',#8182,0.6);
#2923=CIRCLE('',#8185,0.6);
#2924=CIRCLE('',#8188,0.6);
#2925=CIRCLE('',#8191,0.6);
#2926=CIRCLE('',#8194,2.5);
#2927=CIRCLE('',#8195,2.5);
#2928=CIRCLE('',#8197,2.5);
#2929=CIRCLE('',#8199,2.5);
#2930=CIRCLE('',#8200,2.5);
#2931=CIRCLE('',#8202,2.5);
#2932=CIRCLE('',#8204,2.);
#2933=CIRCLE('',#8207,2.);
#2934=CIRCLE('',#8210,0.750000000000001);
#2935=CIRCLE('',#8213,0.749999999999997);
#2936=CIRCLE('',#8216,0.1);
#2937=CIRCLE('',#8217,1.2);
#2938=CIRCLE('',#8218,0.0999999999999965);
#2939=CIRCLE('',#8219,1.1);
#2940=CIRCLE('',#8221,0.100000000000003);
#2941=CIRCLE('',#8223,0.0999999999999907);
#2942=CIRCLE('',#8224,1.10000000000001);
#2943=CIRCLE('',#8225,1.20000000000001);
#2944=CIRCLE('',#8227,0.1);
#2945=CIRCLE('',#8229,0.0999999999999965);
#2946=CIRCLE('',#8230,1.1);
#2947=CIRCLE('',#8231,1.2);
#2948=CIRCLE('',#8233,0.100000000000001);
#2949=CIRCLE('',#8235,0.0999999999999995);
#2950=CIRCLE('',#8236,1.1);
#2951=CIRCLE('',#8237,1.2);
#2952=CIRCLE('',#8241,1.20000000000001);
#2953=CIRCLE('',#8244,1.2);
#2954=CIRCLE('',#8247,1.2);
#2955=CIRCLE('',#8250,1.2);
#2956=CIRCLE('',#8254,1.2);
#2957=CIRCLE('',#8257,1.2);
#2958=CIRCLE('',#8259,0.6);
#2959=CIRCLE('',#8260,2.5);
#2960=CIRCLE('',#8261,0.6);
#2961=CIRCLE('',#8262,1.9);
#2962=CIRCLE('',#8264,0.599999999999999);
#2963=CIRCLE('',#8266,0.599999999999996);
#2964=CIRCLE('',#8267,1.9);
#2965=CIRCLE('',#8268,2.5);
#2966=CIRCLE('',#8270,0.6);
#2967=CIRCLE('',#8272,0.59999999999999);
#2968=CIRCLE('',#8273,1.90000000000001);
#2969=CIRCLE('',#8274,2.50000000000001);
#2970=CIRCLE('',#8276,0.599999999999999);
#2971=CIRCLE('',#8278,0.600000000000012);
#2972=CIRCLE('',#8279,1.9);
#2973=CIRCLE('',#8280,2.5);
#2974=CIRCLE('',#8284,2.5);
#2975=CIRCLE('',#8287,2.5);
#2976=CIRCLE('',#8291,2.5);
#2977=CIRCLE('',#8294,2.50000000000001);
#2978=CIRCLE('',#8302,2.5);
#2979=CIRCLE('',#8303,1.8);
#2980=CIRCLE('',#8304,1.8);
#2981=CIRCLE('',#8305,2.5);
#2982=CIRCLE('',#8307,2.5);
#2983=CIRCLE('',#8308,1.8);
#2984=CIRCLE('',#8310,2.5);
#2985=CIRCLE('',#8311,1.8);
#2986=CIRCLE('',#8317,2.5);
#2987=CIRCLE('',#8318,1.8);
#2988=CIRCLE('',#8320,2.5);
#2989=CIRCLE('',#8321,2.);
#2990=CIRCLE('',#8323,2.5);
#2991=CIRCLE('',#8324,2.);
#2992=CIRCLE('',#8326,2.5);
#2993=CIRCLE('',#8327,2.);
#2994=CIRCLE('',#8329,2.);
#2995=CIRCLE('',#8330,2.5);
#2996=CIRCLE('',#8332,1.8);
#2997=CIRCLE('',#8334,1.8);
#2998=CIRCLE('',#8336,1.8);
#2999=CIRCLE('',#8338,1.8);
#3000=CIRCLE('',#8340,1.8);
#3001=CIRCLE('',#8342,1.8);
#3002=CIRCLE('',#8344,1.8);
#3003=CIRCLE('',#8346,1.8);
#3004=CIRCLE('',#8348,2.75);
#3005=CIRCLE('',#8349,2.75);
#3006=CIRCLE('',#8353,2.5);
#3007=CIRCLE('',#8355,2.);
#3008=CIRCLE('',#8357,2.);
#3009=CIRCLE('',#8360,1.45);
#3010=CIRCLE('',#8361,1.65);
#3011=CIRCLE('',#8362,1.65);
#3012=CIRCLE('',#8364,1.65);
#3013=CIRCLE('',#8365,1.65);
#3014=CIRCLE('',#8368,2.65);
#3015=CIRCLE('',#8369,1.65);
#3016=CIRCLE('',#8370,1.65);
#3017=CIRCLE('',#8372,1.65);
#3018=CIRCLE('',#8384,0.500000000000001);
#3019=CIRCLE('',#8385,1.);
#3020=CIRCLE('',#8386,1.);
#3021=CIRCLE('',#8387,0.500000000000001);
#3022=CIRCLE('',#8388,1.);
#3023=CIRCLE('',#8389,0.500000000000001);
#3024=CIRCLE('',#8390,1.);
#3025=CIRCLE('',#8391,0.500000000000001);
#3026=CIRCLE('',#8392,1.);
#3027=CIRCLE('',#8394,0.5);
#3028=CIRCLE('',#8396,0.5);
#3029=CIRCLE('',#8398,0.5);
#3030=CIRCLE('',#8400,0.5);
#3031=CIRCLE('',#8402,0.699999999999999);
#3032=CIRCLE('',#8403,1.);
#3033=CIRCLE('',#8405,1.);
#3034=CIRCLE('',#8406,0.699999999999999);
#3035=CIRCLE('',#8408,1.);
#3036=CIRCLE('',#8409,0.699999999999999);
#3037=CIRCLE('',#8411,0.699999999999999);
#3038=CIRCLE('',#8412,1.);
#3039=CIRCLE('',#8418,0.45);
#3040=CIRCLE('',#8419,0.800000000000001);
#3041=CIRCLE('',#8422,1.);
#3042=CIRCLE('',#8424,0.8);
#3043=CIRCLE('',#8427,0.25);
#3044=CIRCLE('',#8428,0.35);
#3045=CIRCLE('',#8429,0.35);
#3046=CIRCLE('',#8431,0.35);
#3047=CIRCLE('',#8434,0.45);
#3048=CIRCLE('',#8435,0.45);
#3049=CIRCLE('',#8437,0.45);
#3050=CIRCLE('',#8438,0.45);
#3051=CIRCLE('',#8440,1.55);
#3052=CIRCLE('',#8441,0.45);
#3053=CIRCLE('',#8442,0.45);
#3054=CIRCLE('',#8444,0.45);
#3055=CIRCLE('',#8456,0.500000000000001);
#3056=CIRCLE('',#8457,1.);
#3057=CIRCLE('',#8458,1.);
#3058=CIRCLE('',#8459,0.500000000000001);
#3059=CIRCLE('',#8460,1.);
#3060=CIRCLE('',#8461,0.500000000000001);
#3061=CIRCLE('',#8462,1.);
#3062=CIRCLE('',#8463,0.500000000000001);
#3063=CIRCLE('',#8464,1.);
#3064=CIRCLE('',#8466,0.5);
#3065=CIRCLE('',#8468,0.5);
#3066=CIRCLE('',#8470,0.5);
#3067=CIRCLE('',#8472,0.5);
#3068=CIRCLE('',#8474,0.699999999999999);
#3069=CIRCLE('',#8475,1.);
#3070=CIRCLE('',#8477,1.);
#3071=CIRCLE('',#8478,0.699999999999999);
#3072=CIRCLE('',#8480,1.);
#3073=CIRCLE('',#8481,0.699999999999999);
#3074=CIRCLE('',#8483,0.699999999999999);
#3075=CIRCLE('',#8484,1.);
#3076=CIRCLE('',#8490,0.45);
#3077=CIRCLE('',#8491,0.800000000000001);
#3078=CIRCLE('',#8494,1.);
#3079=CIRCLE('',#8496,0.8);
#3080=CIRCLE('',#8499,0.25);
#3081=CIRCLE('',#8500,0.35);
#3082=CIRCLE('',#8501,0.35);
#3083=CIRCLE('',#8503,0.35);
#3084=CIRCLE('',#8506,0.45);
#3085=CIRCLE('',#8507,0.45);
#3086=CIRCLE('',#8509,0.45);
#3087=CIRCLE('',#8510,0.45);
#3088=CIRCLE('',#8512,1.55);
#3089=CIRCLE('',#8513,0.45);
#3090=CIRCLE('',#8514,0.45);
#3091=CIRCLE('',#8516,0.45);
#3092=VERTEX_POINT('',#10822);
#3093=VERTEX_POINT('',#10823);
#3094=VERTEX_POINT('',#10825);
#3095=VERTEX_POINT('',#10827);
#3096=VERTEX_POINT('',#10831);
#3097=VERTEX_POINT('',#10832);
#3098=VERTEX_POINT('',#10837);
#3099=VERTEX_POINT('',#10838);
#3100=VERTEX_POINT('',#10843);
#3101=VERTEX_POINT('',#10844);
#3102=VERTEX_POINT('',#10849);
#3103=VERTEX_POINT('',#10850);
#3104=VERTEX_POINT('',#10855);
#3105=VERTEX_POINT('',#10856);
#3106=VERTEX_POINT('',#10861);
#3107=VERTEX_POINT('',#10862);
#3108=VERTEX_POINT('',#10870);
#3109=VERTEX_POINT('',#10872);
#3110=VERTEX_POINT('',#10876);
#3111=VERTEX_POINT('',#10880);
#3112=VERTEX_POINT('',#10882);
#3113=VERTEX_POINT('',#10884);
#3114=VERTEX_POINT('',#10886);
#3115=VERTEX_POINT('',#10888);
#3116=VERTEX_POINT('',#10892);
#3117=VERTEX_POINT('',#10896);
#3118=VERTEX_POINT('',#10897);
#3119=VERTEX_POINT('',#10899);
#3120=VERTEX_POINT('',#10901);
#3121=VERTEX_POINT('',#10903);
#3122=VERTEX_POINT('',#10905);
#3123=VERTEX_POINT('',#10907);
#3124=VERTEX_POINT('',#10909);
#3125=VERTEX_POINT('',#10912);
#3126=VERTEX_POINT('',#10914);
#3127=VERTEX_POINT('',#10917);
#3128=VERTEX_POINT('',#10919);
#3129=VERTEX_POINT('',#10921);
#3130=VERTEX_POINT('',#10925);
#3131=VERTEX_POINT('',#10930);
#3132=VERTEX_POINT('',#10932);
#3133=VERTEX_POINT('',#10934);
#3134=VERTEX_POINT('',#10938);
#3135=VERTEX_POINT('',#10943);
#3136=VERTEX_POINT('',#10944);
#3137=VERTEX_POINT('',#10946);
#3138=VERTEX_POINT('',#10948);
#3139=VERTEX_POINT('',#10952);
#3140=VERTEX_POINT('',#10954);
#3141=VERTEX_POINT('',#10958);
#3142=VERTEX_POINT('',#10960);
#3143=VERTEX_POINT('',#10964);
#3144=VERTEX_POINT('',#10966);
#3145=VERTEX_POINT('',#10970);
#3146=VERTEX_POINT('',#10972);
#3147=VERTEX_POINT('',#10976);
#3148=VERTEX_POINT('',#10978);
#3149=VERTEX_POINT('',#10982);
#3150=VERTEX_POINT('',#10984);
#3151=VERTEX_POINT('',#10991);
#3152=VERTEX_POINT('',#10992);
#3153=VERTEX_POINT('',#10994);
#3154=VERTEX_POINT('',#10996);
#3155=VERTEX_POINT('',#10998);
#3156=VERTEX_POINT('',#11000);
#3157=VERTEX_POINT('',#11002);
#3158=VERTEX_POINT('',#11004);
#3159=VERTEX_POINT('',#11008);
#3160=VERTEX_POINT('',#11010);
#3161=VERTEX_POINT('',#11014);
#3162=VERTEX_POINT('',#11016);
#3163=VERTEX_POINT('',#11020);
#3164=VERTEX_POINT('',#11024);
#3165=VERTEX_POINT('',#11028);
#3166=VERTEX_POINT('',#11032);
#3167=VERTEX_POINT('',#11036);
#3168=VERTEX_POINT('',#11040);
#3169=VERTEX_POINT('',#11046);
#3170=VERTEX_POINT('',#11047);
#3171=VERTEX_POINT('',#11049);
#3172=VERTEX_POINT('',#11051);
#3173=VERTEX_POINT('',#11053);
#3174=VERTEX_POINT('',#11055);
#3175=VERTEX_POINT('',#11057);
#3176=VERTEX_POINT('',#11059);
#3177=VERTEX_POINT('',#11063);
#3178=VERTEX_POINT('',#11065);
#3179=VERTEX_POINT('',#11071);
#3180=VERTEX_POINT('',#11075);
#3181=VERTEX_POINT('',#11079);
#3182=VERTEX_POINT('',#11083);
#3183=VERTEX_POINT('',#11089);
#3184=VERTEX_POINT('',#11091);
#3185=VERTEX_POINT('',#11095);
#3186=VERTEX_POINT('',#11099);
#3187=VERTEX_POINT('',#11103);
#3188=VERTEX_POINT('',#11107);
#3189=VERTEX_POINT('',#11111);
#3190=VERTEX_POINT('',#11115);
#3191=VERTEX_POINT('',#11121);
#3192=VERTEX_POINT('',#11122);
#3193=VERTEX_POINT('',#11124);
#3194=VERTEX_POINT('',#11126);
#3195=VERTEX_POINT('',#11128);
#3196=VERTEX_POINT('',#11130);
#3197=VERTEX_POINT('',#11132);
#3198=VERTEX_POINT('',#11134);
#3199=VERTEX_POINT('',#11138);
#3200=VERTEX_POINT('',#11140);
#3201=VERTEX_POINT('',#11144);
#3202=VERTEX_POINT('',#11148);
#3203=VERTEX_POINT('',#11152);
#3204=VERTEX_POINT('',#11156);
#3205=VERTEX_POINT('',#11158);
#3206=VERTEX_POINT('',#11162);
#3207=VERTEX_POINT('',#11166);
#3208=VERTEX_POINT('',#11170);
#3209=VERTEX_POINT('',#11174);
#3210=VERTEX_POINT('',#11178);
#3211=VERTEX_POINT('',#11184);
#3212=VERTEX_POINT('',#11188);
#3213=VERTEX_POINT('',#11192);
#3214=VERTEX_POINT('',#11196);
#3215=VERTEX_POINT('',#11233);
#3216=VERTEX_POINT('',#11234);
#3217=VERTEX_POINT('',#11236);
#3218=VERTEX_POINT('',#11254);
#3219=VERTEX_POINT('',#11255);
#3220=VERTEX_POINT('',#11260);
#3221=VERTEX_POINT('',#11261);
#3222=VERTEX_POINT('',#11266);
#3223=VERTEX_POINT('',#11267);
#3224=VERTEX_POINT('',#11328);
#3225=VERTEX_POINT('',#11330);
#3226=VERTEX_POINT('',#11334);
#3227=VERTEX_POINT('',#11338);
#3228=VERTEX_POINT('',#11340);
#3229=VERTEX_POINT('',#11342);
#3230=VERTEX_POINT('',#11377);
#3231=VERTEX_POINT('',#11378);
#3232=VERTEX_POINT('',#11380);
#3233=VERTEX_POINT('',#11398);
#3234=VERTEX_POINT('',#11399);
#3235=VERTEX_POINT('',#11404);
#3236=VERTEX_POINT('',#11405);
#3237=VERTEX_POINT('',#11410);
#3238=VERTEX_POINT('',#11411);
#3239=VERTEX_POINT('',#11455);
#3240=VERTEX_POINT('',#11473);
#3241=VERTEX_POINT('',#11475);
#3242=VERTEX_POINT('',#11477);
#3243=VERTEX_POINT('',#11479);
#3244=VERTEX_POINT('',#11483);
#3245=VERTEX_POINT('',#11487);
#3246=VERTEX_POINT('',#11492);
#3247=VERTEX_POINT('',#11493);
#3248=VERTEX_POINT('',#11495);
#3249=VERTEX_POINT('',#11497);
#3250=VERTEX_POINT('',#11501);
#3251=VERTEX_POINT('',#11502);
#3252=VERTEX_POINT('',#11507);
#3253=VERTEX_POINT('',#11508);
#3254=VERTEX_POINT('',#11513);
#3255=VERTEX_POINT('',#11514);
#3256=VERTEX_POINT('',#11519);
#3257=VERTEX_POINT('',#11520);
#3258=VERTEX_POINT('',#11525);
#3259=VERTEX_POINT('',#11526);
#3260=VERTEX_POINT('',#11531);
#3261=VERTEX_POINT('',#11532);
#3262=VERTEX_POINT('',#11540);
#3263=VERTEX_POINT('',#11542);
#3264=VERTEX_POINT('',#11546);
#3265=VERTEX_POINT('',#11550);
#3266=VERTEX_POINT('',#11554);
#3267=VERTEX_POINT('',#11559);
#3268=VERTEX_POINT('',#11560);
#3269=VERTEX_POINT('',#11562);
#3270=VERTEX_POINT('',#11564);
#3271=VERTEX_POINT('',#11568);
#3272=VERTEX_POINT('',#11569);
#3273=VERTEX_POINT('',#11574);
#3274=VERTEX_POINT('',#11575);
#3275=VERTEX_POINT('',#11580);
#3276=VERTEX_POINT('',#11581);
#3277=VERTEX_POINT('',#11586);
#3278=VERTEX_POINT('',#11587);
#3279=VERTEX_POINT('',#11592);
#3280=VERTEX_POINT('',#11593);
#3281=VERTEX_POINT('',#11598);
#3282=VERTEX_POINT('',#11599);
#3283=VERTEX_POINT('',#11607);
#3284=VERTEX_POINT('',#11609);
#3285=VERTEX_POINT('',#11613);
#3286=VERTEX_POINT('',#11617);
#3287=VERTEX_POINT('',#11621);
#3288=VERTEX_POINT('',#11626);
#3289=VERTEX_POINT('',#11628);
#3290=VERTEX_POINT('',#11632);
#3291=VERTEX_POINT('',#11655);
#3292=VERTEX_POINT('',#11656);
#3293=VERTEX_POINT('',#11658);
#3294=VERTEX_POINT('',#11660);
#3295=VERTEX_POINT('',#11664);
#3296=VERTEX_POINT('',#11665);
#3297=VERTEX_POINT('',#11670);
#3298=VERTEX_POINT('',#11675);
#3299=VERTEX_POINT('',#11679);
#3300=VERTEX_POINT('',#11683);
#3301=VERTEX_POINT('',#11687);
#3302=VERTEX_POINT('',#11700);
#3303=VERTEX_POINT('',#11703);
#3304=VERTEX_POINT('',#11722);
#3305=VERTEX_POINT('',#11724);
#3306=VERTEX_POINT('',#11728);
#3307=VERTEX_POINT('',#11747);
#3308=VERTEX_POINT('',#11770);
#3309=VERTEX_POINT('',#11772);
#3310=VERTEX_POINT('',#11776);
#3311=VERTEX_POINT('',#11794);
#3312=VERTEX_POINT('',#11801);
#3313=VERTEX_POINT('',#11813);
#3314=VERTEX_POINT('',#11817);
#3315=VERTEX_POINT('',#11829);
#3316=VERTEX_POINT('',#11830);
#3317=VERTEX_POINT('',#11841);
#3318=VERTEX_POINT('',#11843);
#3319=VERTEX_POINT('',#11855);
#3320=VERTEX_POINT('',#11860);
#3321=VERTEX_POINT('',#11872);
#3322=VERTEX_POINT('',#11883);
#3323=VERTEX_POINT('',#11887);
#3324=VERTEX_POINT('',#11896);
#3325=VERTEX_POINT('',#11898);
#3326=VERTEX_POINT('',#11901);
#3327=VERTEX_POINT('',#11903);
#3328=VERTEX_POINT('',#11909);
#3329=VERTEX_POINT('',#11910);
#3330=VERTEX_POINT('',#11921);
#3331=VERTEX_POINT('',#11925);
#3332=VERTEX_POINT('',#11932);
#3333=VERTEX_POINT('',#11935);
#3334=VERTEX_POINT('',#11942);
#3335=VERTEX_POINT('',#11946);
#3336=VERTEX_POINT('',#11957);
#3337=VERTEX_POINT('',#11961);
#3338=VERTEX_POINT('',#11972);
#3339=VERTEX_POINT('',#11976);
#3340=VERTEX_POINT('',#11987);
#3341=VERTEX_POINT('',#11991);
#3342=VERTEX_POINT('',#12006);
#3343=VERTEX_POINT('',#12008);
#3344=VERTEX_POINT('',#12010);
#3345=VERTEX_POINT('',#12017);
#3346=VERTEX_POINT('',#12021);
#3347=VERTEX_POINT('',#12032);
#3348=VERTEX_POINT('',#12036);
#3349=VERTEX_POINT('',#12047);
#3350=VERTEX_POINT('',#12051);
#3351=VERTEX_POINT('',#12062);
#3352=VERTEX_POINT('',#12066);
#3353=VERTEX_POINT('',#12077);
#3354=VERTEX_POINT('',#12081);
#3355=VERTEX_POINT('',#12092);
#3356=VERTEX_POINT('',#12116);
#3357=VERTEX_POINT('',#12128);
#3358=VERTEX_POINT('',#12129);
#3359=VERTEX_POINT('',#12134);
#3360=VERTEX_POINT('',#12135);
#3361=VERTEX_POINT('',#12140);
#3362=VERTEX_POINT('',#12149);
#3363=VERTEX_POINT('',#12150);
#3364=VERTEX_POINT('',#12152);
#3365=VERTEX_POINT('',#12154);
#3366=VERTEX_POINT('',#12163);
#3367=VERTEX_POINT('',#12167);
#3368=VERTEX_POINT('',#12178);
#3369=VERTEX_POINT('',#12182);
#3370=VERTEX_POINT('',#12188);
#3371=VERTEX_POINT('',#12190);
#3372=VERTEX_POINT('',#12199);
#3373=VERTEX_POINT('',#12203);
#3374=VERTEX_POINT('',#12214);
#3375=VERTEX_POINT('',#12218);
#3376=VERTEX_POINT('',#12224);
#3377=VERTEX_POINT('',#12226);
#3378=VERTEX_POINT('',#12235);
#3379=VERTEX_POINT('',#12239);
#3380=VERTEX_POINT('',#12250);
#3381=VERTEX_POINT('',#12254);
#3382=VERTEX_POINT('',#12265);
#3383=VERTEX_POINT('',#12269);
#3384=VERTEX_POINT('',#12279);
#3385=VERTEX_POINT('',#12280);
#3386=VERTEX_POINT('',#12282);
#3387=VERTEX_POINT('',#12284);
#3388=VERTEX_POINT('',#12288);
#3389=VERTEX_POINT('',#12290);
#3390=VERTEX_POINT('',#12302);
#3391=VERTEX_POINT('',#12303);
#3392=VERTEX_POINT('',#12307);
#3393=VERTEX_POINT('',#12309);
#3394=VERTEX_POINT('',#12315);
#3395=VERTEX_POINT('',#12317);
#3396=VERTEX_POINT('',#12326);
#3397=VERTEX_POINT('',#12330);
#3398=VERTEX_POINT('',#12341);
#3399=VERTEX_POINT('',#12345);
#3400=VERTEX_POINT('',#12351);
#3401=VERTEX_POINT('',#12353);
#3402=VERTEX_POINT('',#12362);
#3403=VERTEX_POINT('',#12366);
#3404=VERTEX_POINT('',#12377);
#3405=VERTEX_POINT('',#12381);
#3406=VERTEX_POINT('',#12392);
#3407=VERTEX_POINT('',#12396);
#3408=VERTEX_POINT('',#12402);
#3409=VERTEX_POINT('',#12404);
#3410=VERTEX_POINT('',#12408);
#3411=VERTEX_POINT('',#12410);
#3412=VERTEX_POINT('',#12414);
#3413=VERTEX_POINT('',#12416);
#3414=VERTEX_POINT('',#12425);
#3415=VERTEX_POINT('',#12429);
#3416=VERTEX_POINT('',#12448);
#3417=VERTEX_POINT('',#12449);
#3418=VERTEX_POINT('',#12451);
#3419=VERTEX_POINT('',#12453);
#3420=VERTEX_POINT('',#12464);
#3421=VERTEX_POINT('',#12469);
#3422=VERTEX_POINT('',#12483);
#3423=VERTEX_POINT('',#12488);
#3424=VERTEX_POINT('',#12495);
#3425=VERTEX_POINT('',#12497);
#3426=VERTEX_POINT('',#12504);
#3427=VERTEX_POINT('',#12505);
#3428=VERTEX_POINT('',#12507);
#3429=VERTEX_POINT('',#12509);
#3430=VERTEX_POINT('',#12520);
#3431=VERTEX_POINT('',#12525);
#3432=VERTEX_POINT('',#12539);
#3433=VERTEX_POINT('',#12544);
#3434=VERTEX_POINT('',#12551);
#3435=VERTEX_POINT('',#12553);
#3436=VERTEX_POINT('',#12565);
#3437=VERTEX_POINT('',#12566);
#3438=VERTEX_POINT('',#12570);
#3439=VERTEX_POINT('',#12572);
#3440=VERTEX_POINT('',#12585);
#3441=VERTEX_POINT('',#12590);
#3442=VERTEX_POINT('',#12597);
#3443=VERTEX_POINT('',#12599);
#3444=VERTEX_POINT('',#12608);
#3445=VERTEX_POINT('',#12612);
#3446=VERTEX_POINT('',#12618);
#3447=VERTEX_POINT('',#12620);
#3448=VERTEX_POINT('',#12629);
#3449=VERTEX_POINT('',#12633);
#3450=VERTEX_POINT('',#12639);
#3451=VERTEX_POINT('',#12641);
#3452=VERTEX_POINT('',#12652);
#3453=VERTEX_POINT('',#12657);
#3454=VERTEX_POINT('',#12677);
#3455=VERTEX_POINT('',#12678);
#3456=VERTEX_POINT('',#12680);
#3457=VERTEX_POINT('',#12682);
#3458=VERTEX_POINT('',#12684);
#3459=VERTEX_POINT('',#12686);
#3460=VERTEX_POINT('',#12688);
#3461=VERTEX_POINT('',#12690);
#3462=VERTEX_POINT('',#12693);
#3463=VERTEX_POINT('',#12695);
#3464=VERTEX_POINT('',#12697);
#3465=VERTEX_POINT('',#12699);
#3466=VERTEX_POINT('',#12701);
#3467=VERTEX_POINT('',#12703);
#3468=VERTEX_POINT('',#12705);
#3469=VERTEX_POINT('',#12710);
#3470=VERTEX_POINT('',#12712);
#3471=VERTEX_POINT('',#12716);
#3472=VERTEX_POINT('',#12720);
#3473=VERTEX_POINT('',#12724);
#3474=VERTEX_POINT('',#12728);
#3475=VERTEX_POINT('',#12732);
#3476=VERTEX_POINT('',#12736);
#3477=VERTEX_POINT('',#12742);
#3478=VERTEX_POINT('',#12744);
#3479=VERTEX_POINT('',#12748);
#3480=VERTEX_POINT('',#12752);
#3481=VERTEX_POINT('',#12756);
#3482=VERTEX_POINT('',#12761);
#3483=VERTEX_POINT('',#12762);
#3484=VERTEX_POINT('',#12764);
#3485=VERTEX_POINT('',#12766);
#3486=VERTEX_POINT('',#12770);
#3487=VERTEX_POINT('',#12771);
#3488=VERTEX_POINT('',#12776);
#3489=VERTEX_POINT('',#12777);
#3490=VERTEX_POINT('',#12782);
#3491=VERTEX_POINT('',#12783);
#3492=VERTEX_POINT('',#12788);
#3493=VERTEX_POINT('',#12789);
#3494=VERTEX_POINT('',#12794);
#3495=VERTEX_POINT('',#12795);
#3496=VERTEX_POINT('',#12800);
#3497=VERTEX_POINT('',#12801);
#3498=VERTEX_POINT('',#12809);
#3499=VERTEX_POINT('',#12811);
#3500=VERTEX_POINT('',#12815);
#3501=VERTEX_POINT('',#12819);
#3502=VERTEX_POINT('',#12823);
#3503=VERTEX_POINT('',#12827);
#3504=VERTEX_POINT('',#12829);
#3505=VERTEX_POINT('',#12831);
#3506=VERTEX_POINT('',#12833);
#3507=VERTEX_POINT('',#12835);
#3508=VERTEX_POINT('',#12837);
#3509=VERTEX_POINT('',#12839);
#3510=VERTEX_POINT('',#12842);
#3511=VERTEX_POINT('',#12846);
#3512=VERTEX_POINT('',#12850);
#3513=VERTEX_POINT('',#12854);
#3514=VERTEX_POINT('',#12858);
#3515=VERTEX_POINT('',#12862);
#3516=VERTEX_POINT('',#12865);
#3517=VERTEX_POINT('',#12869);
#3518=VERTEX_POINT('',#12872);
#3519=VERTEX_POINT('',#12875);
#3520=VERTEX_POINT('',#12879);
#3521=VERTEX_POINT('',#12882);
#3522=VERTEX_POINT('',#12885);
#3523=VERTEX_POINT('',#12889);
#3524=VERTEX_POINT('',#12892);
#3525=VERTEX_POINT('',#12895);
#3526=VERTEX_POINT('',#12899);
#3527=VERTEX_POINT('',#12902);
#3528=VERTEX_POINT('',#12905);
#3529=VERTEX_POINT('',#12909);
#3530=VERTEX_POINT('',#12912);
#3531=VERTEX_POINT('',#12918);
#3532=VERTEX_POINT('',#12924);
#3533=VERTEX_POINT('',#12930);
#3534=VERTEX_POINT('',#12936);
#3535=VERTEX_POINT('',#12942);
#3536=VERTEX_POINT('',#12944);
#3537=VERTEX_POINT('',#12948);
#3538=VERTEX_POINT('',#12952);
#3539=VERTEX_POINT('',#12954);
#3540=VERTEX_POINT('',#12958);
#3541=VERTEX_POINT('',#12962);
#3542=VERTEX_POINT('',#12967);
#3543=VERTEX_POINT('',#12972);
#3544=VERTEX_POINT('',#12976);
#3545=VERTEX_POINT('',#12980);
#3546=VERTEX_POINT('',#12986);
#3547=VERTEX_POINT('',#12987);
#3548=VERTEX_POINT('',#12989);
#3549=VERTEX_POINT('',#12991);
#3550=VERTEX_POINT('',#12995);
#3551=VERTEX_POINT('',#12996);
#3552=VERTEX_POINT('',#13001);
#3553=VERTEX_POINT('',#13002);
#3554=VERTEX_POINT('',#13007);
#3555=VERTEX_POINT('',#13008);
#3556=VERTEX_POINT('',#13013);
#3557=VERTEX_POINT('',#13014);
#3558=VERTEX_POINT('',#13019);
#3559=VERTEX_POINT('',#13020);
#3560=VERTEX_POINT('',#13025);
#3561=VERTEX_POINT('',#13026);
#3562=VERTEX_POINT('',#13034);
#3563=VERTEX_POINT('',#13036);
#3564=VERTEX_POINT('',#13040);
#3565=VERTEX_POINT('',#13044);
#3566=VERTEX_POINT('',#13048);
#3567=VERTEX_POINT('',#13053);
#3568=VERTEX_POINT('',#13057);
#3569=VERTEX_POINT('',#13061);
#3570=VERTEX_POINT('',#13067);
#3571=VERTEX_POINT('',#13071);
#3572=VERTEX_POINT('',#13075);
#3573=VERTEX_POINT('',#13081);
#3574=VERTEX_POINT('',#13082);
#3575=VERTEX_POINT('',#13084);
#3576=VERTEX_POINT('',#13086);
#3577=VERTEX_POINT('',#13090);
#3578=VERTEX_POINT('',#13091);
#3579=VERTEX_POINT('',#13096);
#3580=VERTEX_POINT('',#13097);
#3581=VERTEX_POINT('',#13102);
#3582=VERTEX_POINT('',#13103);
#3583=VERTEX_POINT('',#13108);
#3584=VERTEX_POINT('',#13109);
#3585=VERTEX_POINT('',#13114);
#3586=VERTEX_POINT('',#13115);
#3587=VERTEX_POINT('',#13120);
#3588=VERTEX_POINT('',#13121);
#3589=VERTEX_POINT('',#13129);
#3590=VERTEX_POINT('',#13131);
#3591=VERTEX_POINT('',#13135);
#3592=VERTEX_POINT('',#13139);
#3593=VERTEX_POINT('',#13143);
#3594=VERTEX_POINT('',#13148);
#3595=VERTEX_POINT('',#13152);
#3596=VERTEX_POINT('',#13156);
#3597=VERTEX_POINT('',#13164);
#3598=VERTEX_POINT('',#13165);
#3599=VERTEX_POINT('',#13167);
#3600=VERTEX_POINT('',#13169);
#3601=VERTEX_POINT('',#13171);
#3602=VERTEX_POINT('',#13177);
#3603=VERTEX_POINT('',#13178);
#3604=VERTEX_POINT('',#13180);
#3605=VERTEX_POINT('',#13182);
#3606=VERTEX_POINT('',#13184);
#3607=VERTEX_POINT('',#13190);
#3608=VERTEX_POINT('',#13191);
#3609=VERTEX_POINT('',#13193);
#3610=VERTEX_POINT('',#13195);
#3611=VERTEX_POINT('',#13197);
#3612=VERTEX_POINT('',#13203);
#3613=VERTEX_POINT('',#13204);
#3614=VERTEX_POINT('',#13206);
#3615=VERTEX_POINT('',#13208);
#3616=VERTEX_POINT('',#13210);
#3617=VERTEX_POINT('',#13216);
#3618=VERTEX_POINT('',#13217);
#3619=VERTEX_POINT('',#13219);
#3620=VERTEX_POINT('',#13221);
#3621=VERTEX_POINT('',#13226);
#3622=VERTEX_POINT('',#13228);
#3623=VERTEX_POINT('',#13232);
#3624=VERTEX_POINT('',#13234);
#3625=VERTEX_POINT('',#13238);
#3626=VERTEX_POINT('',#13239);
#3627=VERTEX_POINT('',#13241);
#3628=VERTEX_POINT('',#13243);
#3629=VERTEX_POINT('',#13247);
#3630=VERTEX_POINT('',#13251);
#3631=VERTEX_POINT('',#13253);
#3632=VERTEX_POINT('',#13255);
#3633=VERTEX_POINT('',#13261);
#3634=VERTEX_POINT('',#13263);
#3635=VERTEX_POINT('',#13265);
#3636=VERTEX_POINT('',#13271);
#3637=VERTEX_POINT('',#13273);
#3638=VERTEX_POINT('',#13275);
#3639=VERTEX_POINT('',#13312);
#3640=VERTEX_POINT('',#13314);
#3641=VERTEX_POINT('',#13319);
#3642=VERTEX_POINT('',#13322);
#3643=VERTEX_POINT('',#13326);
#3644=VERTEX_POINT('',#13329);
#3645=VERTEX_POINT('',#13334);
#3646=VERTEX_POINT('',#13336);
#3647=VERTEX_POINT('',#13338);
#3648=VERTEX_POINT('',#13342);
#3649=VERTEX_POINT('',#13344);
#3650=VERTEX_POINT('',#13349);
#3651=VERTEX_POINT('',#13351);
#3652=VERTEX_POINT('',#13355);
#3653=VERTEX_POINT('',#13361);
#3654=VERTEX_POINT('',#13362);
#3655=VERTEX_POINT('',#13364);
#3656=VERTEX_POINT('',#13366);
#3657=VERTEX_POINT('',#13368);
#3658=VERTEX_POINT('',#13374);
#3659=VERTEX_POINT('',#13375);
#3660=VERTEX_POINT('',#13377);
#3661=VERTEX_POINT('',#13379);
#3662=VERTEX_POINT('',#13381);
#3663=VERTEX_POINT('',#13387);
#3664=VERTEX_POINT('',#13388);
#3665=VERTEX_POINT('',#13390);
#3666=VERTEX_POINT('',#13392);
#3667=VERTEX_POINT('',#13394);
#3668=VERTEX_POINT('',#13400);
#3669=VERTEX_POINT('',#13401);
#3670=VERTEX_POINT('',#13403);
#3671=VERTEX_POINT('',#13405);
#3672=VERTEX_POINT('',#13407);
#3673=VERTEX_POINT('',#13413);
#3674=VERTEX_POINT('',#13414);
#3675=VERTEX_POINT('',#13416);
#3676=VERTEX_POINT('',#13418);
#3677=VERTEX_POINT('',#13422);
#3678=VERTEX_POINT('',#13426);
#3679=VERTEX_POINT('',#13427);
#3680=VERTEX_POINT('',#13429);
#3681=VERTEX_POINT('',#13431);
#3682=VERTEX_POINT('',#13435);
#3683=VERTEX_POINT('',#13439);
#3684=VERTEX_POINT('',#13440);
#3685=VERTEX_POINT('',#13442);
#3686=VERTEX_POINT('',#13444);
#3687=VERTEX_POINT('',#13448);
#3688=VERTEX_POINT('',#13452);
#3689=VERTEX_POINT('',#13453);
#3690=VERTEX_POINT('',#13455);
#3691=VERTEX_POINT('',#13457);
#3692=VERTEX_POINT('',#13461);
#3693=VERTEX_POINT('',#13466);
#3694=VERTEX_POINT('',#13500);
#3695=VERTEX_POINT('',#13502);
#3696=VERTEX_POINT('',#13507);
#3697=VERTEX_POINT('',#13511);
#3698=VERTEX_POINT('',#13516);
#3699=VERTEX_POINT('',#13518);
#3700=VERTEX_POINT('',#13520);
#3701=VERTEX_POINT('',#13524);
#3702=VERTEX_POINT('',#13529);
#3703=VERTEX_POINT('',#13531);
#3704=VERTEX_POINT('',#13535);
#3705=VERTEX_POINT('',#13537);
#3706=VERTEX_POINT('',#13541);
#3707=VERTEX_POINT('',#13543);
#3708=VERTEX_POINT('',#13547);
#3709=VERTEX_POINT('',#13553);
#3710=VERTEX_POINT('',#13554);
#3711=VERTEX_POINT('',#13556);
#3712=VERTEX_POINT('',#13558);
#3713=VERTEX_POINT('',#13560);
#3714=VERTEX_POINT('',#13566);
#3715=VERTEX_POINT('',#13567);
#3716=VERTEX_POINT('',#13569);
#3717=VERTEX_POINT('',#13571);
#3718=VERTEX_POINT('',#13573);
#3719=VERTEX_POINT('',#13579);
#3720=VERTEX_POINT('',#13580);
#3721=VERTEX_POINT('',#13582);
#3722=VERTEX_POINT('',#13584);
#3723=VERTEX_POINT('',#13586);
#3724=VERTEX_POINT('',#13592);
#3725=VERTEX_POINT('',#13593);
#3726=VERTEX_POINT('',#13595);
#3727=VERTEX_POINT('',#13597);
#3728=VERTEX_POINT('',#13599);
#3729=VERTEX_POINT('',#13605);
#3730=VERTEX_POINT('',#13606);
#3731=VERTEX_POINT('',#13608);
#3732=VERTEX_POINT('',#13610);
#3733=VERTEX_POINT('',#13614);
#3734=VERTEX_POINT('',#13618);
#3735=VERTEX_POINT('',#13619);
#3736=VERTEX_POINT('',#13621);
#3737=VERTEX_POINT('',#13623);
#3738=VERTEX_POINT('',#13627);
#3739=VERTEX_POINT('',#13631);
#3740=VERTEX_POINT('',#13632);
#3741=VERTEX_POINT('',#13634);
#3742=VERTEX_POINT('',#13636);
#3743=VERTEX_POINT('',#13640);
#3744=VERTEX_POINT('',#13644);
#3745=VERTEX_POINT('',#13645);
#3746=VERTEX_POINT('',#13647);
#3747=VERTEX_POINT('',#13649);
#3748=VERTEX_POINT('',#13653);
#3749=VERTEX_POINT('',#13658);
#3750=VERTEX_POINT('',#13692);
#3751=VERTEX_POINT('',#13694);
#3752=VERTEX_POINT('',#13699);
#3753=VERTEX_POINT('',#13703);
#3754=VERTEX_POINT('',#13708);
#3755=VERTEX_POINT('',#13710);
#3756=VERTEX_POINT('',#13712);
#3757=VERTEX_POINT('',#13716);
#3758=VERTEX_POINT('',#13721);
#3759=VERTEX_POINT('',#13723);
#3760=VERTEX_POINT('',#13727);
#3761=VERTEX_POINT('',#13729);
#3762=VERTEX_POINT('',#13733);
#3763=VERTEX_POINT('',#13735);
#3764=VERTEX_POINT('',#13739);
#3765=EDGE_CURVE('',#3092,#3093,#2639,.T.);
#3766=EDGE_CURVE('',#3093,#3094,#2640,.T.);
#3767=EDGE_CURVE('',#3094,#3095,#2641,.T.);
#3768=EDGE_CURVE('',#3095,#3092,#2642,.T.);
#3769=EDGE_CURVE('',#3096,#3097,#2643,.T.);
#3770=EDGE_CURVE('',#3097,#3095,#487,.T.);
#3771=EDGE_CURVE('',#3094,#3096,#488,.T.);
#3772=EDGE_CURVE('',#3098,#3099,#2644,.T.);
#3773=EDGE_CURVE('',#3099,#3097,#2645,.T.);
#3774=EDGE_CURVE('',#3096,#3098,#2646,.T.);
#3775=EDGE_CURVE('',#3100,#3101,#2647,.T.);
#3776=EDGE_CURVE('',#3101,#3099,#489,.T.);
#3777=EDGE_CURVE('',#3098,#3100,#490,.T.);
#3778=EDGE_CURVE('',#3102,#3103,#2648,.T.);
#3779=EDGE_CURVE('',#3103,#3101,#2649,.T.);
#3780=EDGE_CURVE('',#3100,#3102,#2650,.T.);
#3781=EDGE_CURVE('',#3104,#3105,#2651,.T.);
#3782=EDGE_CURVE('',#3105,#3103,#491,.T.);
#3783=EDGE_CURVE('',#3102,#3104,#492,.T.);
#3784=EDGE_CURVE('',#3106,#3107,#2652,.T.);
#3785=EDGE_CURVE('',#3107,#3105,#2653,.T.);
#3786=EDGE_CURVE('',#3104,#3106,#2654,.T.);
#3787=EDGE_CURVE('',#3092,#3107,#493,.T.);
#3788=EDGE_CURVE('',#3106,#3093,#494,.T.);
#3789=EDGE_CURVE('',#3105,#3108,#495,.T.);
#3790=EDGE_CURVE('',#3109,#3108,#496,.T.);
#3791=EDGE_CURVE('',#3103,#3109,#497,.T.);
#3792=EDGE_CURVE('',#3107,#3110,#498,.T.);
#3793=EDGE_CURVE('',#3108,#3110,#2655,.T.);
#3794=EDGE_CURVE('',#3092,#3111,#499,.T.);
#3795=EDGE_CURVE('',#3112,#3111,#500,.T.);
#3796=EDGE_CURVE('',#3113,#3112,#501,.T.);
#3797=EDGE_CURVE('',#3114,#3113,#502,.T.);
#3798=EDGE_CURVE('',#3114,#3115,#503,.T.);
#3799=EDGE_CURVE('',#3110,#3115,#504,.T.);
#3800=EDGE_CURVE('',#3095,#3116,#505,.T.);
#3801=EDGE_CURVE('',#3111,#3116,#2656,.T.);
#3802=EDGE_CURVE('',#3117,#3118,#2657,.T.);
#3803=EDGE_CURVE('',#3119,#3117,#506,.T.);
#3804=EDGE_CURVE('',#3120,#3119,#2658,.T.);
#3805=EDGE_CURVE('',#3121,#3120,#507,.T.);
#3806=EDGE_CURVE('',#3122,#3121,#2659,.T.);
#3807=EDGE_CURVE('',#3123,#3122,#508,.T.);
#3808=EDGE_CURVE('',#3124,#3123,#2660,.T.);
#3809=EDGE_CURVE('',#3118,#3124,#509,.T.);
#3810=EDGE_CURVE('',#3125,#3125,#2661,.T.);
#3811=EDGE_CURVE('',#3126,#3126,#2662,.T.);
#3812=EDGE_CURVE('',#3127,#3127,#2663,.T.);
#3813=EDGE_CURVE('',#3127,#3128,#510,.T.);
#3814=EDGE_CURVE('',#3128,#3129,#2664,.T.);
#3815=EDGE_CURVE('',#3129,#3128,#2665,.T.);
#3816=EDGE_CURVE('',#3129,#3130,#511,.T.);
#3817=EDGE_CURVE('',#3130,#3130,#2666,.T.);
#3818=EDGE_CURVE('',#3131,#3131,#2667,.T.);
#3819=EDGE_CURVE('',#3131,#3132,#512,.T.);
#3820=EDGE_CURVE('',#3132,#3133,#2668,.T.);
#3821=EDGE_CURVE('',#3133,#3132,#2669,.T.);
#3822=EDGE_CURVE('',#3133,#3134,#513,.T.);
#3823=EDGE_CURVE('',#3134,#3134,#2670,.T.);
#3824=EDGE_CURVE('',#3135,#3136,#2671,.T.);
#3825=EDGE_CURVE('',#3135,#3137,#514,.T.);
#3826=EDGE_CURVE('',#3137,#3138,#2672,.T.);
#3827=EDGE_CURVE('',#3136,#3138,#515,.T.);
#3828=EDGE_CURVE('',#3139,#3135,#516,.T.);
#3829=EDGE_CURVE('',#3139,#3140,#517,.T.);
#3830=EDGE_CURVE('',#3140,#3137,#518,.T.);
#3831=EDGE_CURVE('',#3136,#3141,#519,.T.);
#3832=EDGE_CURVE('',#3138,#3142,#520,.T.);
#3833=EDGE_CURVE('',#3141,#3142,#521,.T.);
#3834=EDGE_CURVE('',#3143,#3139,#2673,.T.);
#3835=EDGE_CURVE('',#3143,#3144,#522,.T.);
#3836=EDGE_CURVE('',#3144,#3140,#2674,.T.);
#3837=EDGE_CURVE('',#3141,#3145,#2675,.T.);
#3838=EDGE_CURVE('',#3142,#3146,#2676,.T.);
#3839=EDGE_CURVE('',#3145,#3146,#523,.T.);
#3840=EDGE_CURVE('',#3147,#3143,#524,.T.);
#3841=EDGE_CURVE('',#3147,#3148,#525,.T.);
#3842=EDGE_CURVE('',#3148,#3144,#526,.T.);
#3843=EDGE_CURVE('',#3145,#3149,#527,.T.);
#3844=EDGE_CURVE('',#3146,#3150,#528,.T.);
#3845=EDGE_CURVE('',#3149,#3150,#529,.T.);
#3846=EDGE_CURVE('',#3149,#3147,#2677,.T.);
#3847=EDGE_CURVE('',#3150,#3148,#2678,.T.);
#3848=EDGE_CURVE('',#3151,#3152,#530,.T.);
#3849=EDGE_CURVE('',#3153,#3151,#2679,.T.);
#3850=EDGE_CURVE('',#3154,#3153,#531,.T.);
#3851=EDGE_CURVE('',#3155,#3154,#2680,.T.);
#3852=EDGE_CURVE('',#3155,#3156,#532,.T.);
#3853=EDGE_CURVE('',#3157,#3156,#2681,.T.);
#3854=EDGE_CURVE('',#3158,#3157,#533,.T.);
#3855=EDGE_CURVE('',#3152,#3158,#2682,.T.);
#3856=EDGE_CURVE('',#3155,#3159,#534,.T.);
#3857=EDGE_CURVE('',#3159,#3160,#535,.T.);
#3858=EDGE_CURVE('',#3156,#3160,#536,.T.);
#3859=EDGE_CURVE('',#3161,#3137,#2683,.T.);
#3860=EDGE_CURVE('',#3140,#3162,#2684,.T.);
#3861=EDGE_CURVE('',#3161,#3162,#537,.T.);
#3862=EDGE_CURVE('',#3144,#3163,#2685,.T.);
#3863=EDGE_CURVE('',#3162,#3163,#2686,.T.);
#3864=EDGE_CURVE('',#3148,#3164,#2687,.T.);
#3865=EDGE_CURVE('',#3163,#3164,#538,.T.);
#3866=EDGE_CURVE('',#3150,#3165,#2688,.T.);
#3867=EDGE_CURVE('',#3164,#3165,#2689,.T.);
#3868=EDGE_CURVE('',#3146,#3166,#2690,.T.);
#3869=EDGE_CURVE('',#3165,#3166,#539,.T.);
#3870=EDGE_CURVE('',#3142,#3167,#2691,.T.);
#3871=EDGE_CURVE('',#3166,#3167,#2692,.T.);
#3872=EDGE_CURVE('',#3138,#3168,#2693,.T.);
#3873=EDGE_CURVE('',#3167,#3168,#540,.T.);
#3874=EDGE_CURVE('',#3168,#3161,#2694,.T.);
#3875=EDGE_CURVE('',#3169,#3170,#2695,.T.);
#3876=EDGE_CURVE('',#3171,#3169,#541,.T.);
#3877=EDGE_CURVE('',#3172,#3171,#2696,.T.);
#3878=EDGE_CURVE('',#3173,#3172,#542,.T.);
#3879=EDGE_CURVE('',#3174,#3173,#2697,.T.);
#3880=EDGE_CURVE('',#3175,#3174,#543,.T.);
#3881=EDGE_CURVE('',#3176,#3175,#2698,.T.);
#3882=EDGE_CURVE('',#3170,#3176,#544,.T.);
#3883=EDGE_CURVE('',#3157,#3177,#545,.T.);
#3884=EDGE_CURVE('',#3177,#3178,#546,.T.);
#3885=EDGE_CURVE('',#3158,#3178,#547,.T.);
#3886=EDGE_CURVE('',#3160,#3177,#2699,.T.);
#3887=EDGE_CURVE('',#3154,#3179,#548,.T.);
#3888=EDGE_CURVE('',#3179,#3159,#2700,.T.);
#3889=EDGE_CURVE('',#3153,#3180,#549,.T.);
#3890=EDGE_CURVE('',#3180,#3179,#550,.T.);
#3891=EDGE_CURVE('',#3151,#3181,#551,.T.);
#3892=EDGE_CURVE('',#3181,#3180,#2701,.T.);
#3893=EDGE_CURVE('',#3152,#3182,#552,.T.);
#3894=EDGE_CURVE('',#3182,#3181,#553,.T.);
#3895=EDGE_CURVE('',#3178,#3182,#2702,.T.);
#3896=EDGE_CURVE('',#3177,#3183,#2703,.T.);
#3897=EDGE_CURVE('',#3184,#3183,#554,.T.);
#3898=EDGE_CURVE('',#3178,#3184,#2704,.T.);
#3899=EDGE_CURVE('',#3185,#3160,#2705,.T.);
#3900=EDGE_CURVE('',#3183,#3185,#2706,.T.);
#3901=EDGE_CURVE('',#3159,#3186,#2707,.T.);
#3902=EDGE_CURVE('',#3185,#3186,#555,.T.);
#3903=EDGE_CURVE('',#3179,#3187,#2708,.T.);
#3904=EDGE_CURVE('',#3186,#3187,#2709,.T.);
#3905=EDGE_CURVE('',#3187,#3188,#556,.T.);
#3906=EDGE_CURVE('',#3180,#3188,#2710,.T.);
#3907=EDGE_CURVE('',#3181,#3189,#2711,.T.);
#3908=EDGE_CURVE('',#3188,#3189,#2712,.T.);
#3909=EDGE_CURVE('',#3182,#3190,#2713,.T.);
#3910=EDGE_CURVE('',#3189,#3190,#557,.T.);
#3911=EDGE_CURVE('',#3190,#3184,#2714,.T.);
#3912=EDGE_CURVE('',#3191,#3192,#2715,.T.);
#3913=EDGE_CURVE('',#3193,#3191,#558,.T.);
#3914=EDGE_CURVE('',#3194,#3193,#2716,.T.);
#3915=EDGE_CURVE('',#3195,#3194,#559,.T.);
#3916=EDGE_CURVE('',#3196,#3195,#2717,.T.);
#3917=EDGE_CURVE('',#3197,#3196,#560,.T.);
#3918=EDGE_CURVE('',#3198,#3197,#2718,.T.);
#3919=EDGE_CURVE('',#3192,#3198,#561,.T.);
#3920=EDGE_CURVE('',#3199,#3197,#562,.T.);
#3921=EDGE_CURVE('',#3200,#3199,#2719,.T.);
#3922=EDGE_CURVE('',#3200,#3198,#563,.T.);
#3923=EDGE_CURVE('',#3201,#3196,#564,.T.);
#3924=EDGE_CURVE('',#3199,#3201,#565,.T.);
#3925=EDGE_CURVE('',#3202,#3195,#566,.T.);
#3926=EDGE_CURVE('',#3201,#3202,#2720,.T.);
#3927=EDGE_CURVE('',#3203,#3194,#567,.T.);
#3928=EDGE_CURVE('',#3202,#3203,#568,.T.);
#3929=EDGE_CURVE('',#3204,#3172,#569,.T.);
#3930=EDGE_CURVE('',#3205,#3204,#570,.T.);
#3931=EDGE_CURVE('',#3205,#3173,#571,.T.);
#3932=EDGE_CURVE('',#3206,#3171,#572,.T.);
#3933=EDGE_CURVE('',#3204,#3206,#2721,.T.);
#3934=EDGE_CURVE('',#3207,#3169,#573,.T.);
#3935=EDGE_CURVE('',#3206,#3207,#574,.T.);
#3936=EDGE_CURVE('',#3208,#3200,#575,.T.);
#3937=EDGE_CURVE('',#3208,#3192,#576,.T.);
#3938=EDGE_CURVE('',#3209,#3208,#2722,.T.);
#3939=EDGE_CURVE('',#3209,#3191,#577,.T.);
#3940=EDGE_CURVE('',#3210,#3209,#578,.T.);
#3941=EDGE_CURVE('',#3210,#3193,#579,.T.);
#3942=EDGE_CURVE('',#3203,#3210,#2723,.T.);
#3943=EDGE_CURVE('',#3211,#3170,#580,.T.);
#3944=EDGE_CURVE('',#3207,#3211,#2724,.T.);
#3945=EDGE_CURVE('',#3212,#3205,#2725,.T.);
#3946=EDGE_CURVE('',#3212,#3174,#581,.T.);
#3947=EDGE_CURVE('',#3213,#3212,#582,.T.);
#3948=EDGE_CURVE('',#3213,#3175,#583,.T.);
#3949=EDGE_CURVE('',#3214,#3213,#2726,.T.);
#3950=EDGE_CURVE('',#3214,#3176,#584,.T.);
#3951=EDGE_CURVE('',#3211,#3214,#585,.T.);
#3952=EDGE_CURVE('',#3215,#3216,#2727,.T.);
#3953=EDGE_CURVE('',#3216,#3217,#129,.T.);
#3954=EDGE_CURVE('',#3217,#3215,#130,.T.);
#3955=EDGE_CURVE('',#3218,#3219,#2728,.T.);
#3956=EDGE_CURVE('',#3219,#3216,#2729,.T.);
#3957=EDGE_CURVE('',#3215,#3218,#2730,.T.);
#3958=EDGE_CURVE('',#3220,#3221,#2731,.T.);
#3959=EDGE_CURVE('',#3221,#3219,#586,.T.);
#3960=EDGE_CURVE('',#3218,#3220,#587,.T.);
#3961=EDGE_CURVE('',#3222,#3223,#2732,.T.);
#3962=EDGE_CURVE('',#3223,#3221,#2733,.T.);
#3963=EDGE_CURVE('',#3220,#3222,#2734,.T.);
#3964=EDGE_CURVE('',#3222,#3109,#131,.T.);
#3965=EDGE_CURVE('',#3109,#3223,#132,.T.);
#3966=EDGE_CURVE('',#3224,#3220,#588,.T.);
#3967=EDGE_CURVE('',#3225,#3224,#2735,.T.);
#3968=EDGE_CURVE('',#3101,#3225,#589,.T.);
#3969=EDGE_CURVE('',#3226,#3218,#590,.T.);
#3970=EDGE_CURVE('',#3224,#3226,#591,.T.);
#3971=EDGE_CURVE('',#3227,#3217,#592,.T.);
#3972=EDGE_CURVE('',#3228,#3227,#2736,.T.);
#3973=EDGE_CURVE('',#3228,#3229,#593,.T.);
#3974=EDGE_CURVE('',#3226,#3229,#2737,.T.);
#3975=EDGE_CURVE('',#3230,#3231,#2738,.T.);
#3976=EDGE_CURVE('',#3231,#3232,#133,.T.);
#3977=EDGE_CURVE('',#3232,#3230,#134,.T.);
#3978=EDGE_CURVE('',#3233,#3234,#2739,.T.);
#3979=EDGE_CURVE('',#3234,#3231,#2740,.T.);
#3980=EDGE_CURVE('',#3230,#3233,#2741,.T.);
#3981=EDGE_CURVE('',#3235,#3236,#2742,.T.);
#3982=EDGE_CURVE('',#3236,#3234,#594,.T.);
#3983=EDGE_CURVE('',#3233,#3235,#595,.T.);
#3984=EDGE_CURVE('',#3237,#3238,#2743,.T.);
#3985=EDGE_CURVE('',#3238,#3236,#2744,.T.);
#3986=EDGE_CURVE('',#3235,#3237,#2745,.T.);
#3987=EDGE_CURVE('',#3237,#3239,#135,.T.);
#3988=EDGE_CURVE('',#3239,#3238,#136,.T.);
#3989=EDGE_CURVE('',#3240,#3235,#596,.T.);
#3990=EDGE_CURVE('',#3241,#3240,#2746,.T.);
#3991=EDGE_CURVE('',#3242,#3241,#597,.T.);
#3992=EDGE_CURVE('',#3243,#3242,#2747,.T.);
#3993=EDGE_CURVE('',#3243,#3239,#598,.T.);
#3994=EDGE_CURVE('',#3244,#3233,#599,.T.);
#3995=EDGE_CURVE('',#3240,#3244,#600,.T.);
#3996=EDGE_CURVE('',#3099,#3245,#601,.T.);
#3997=EDGE_CURVE('',#3244,#3245,#2748,.T.);
#3998=EDGE_CURVE('',#3097,#3232,#602,.T.);
#3999=EDGE_CURVE('',#3246,#3247,#2749,.T.);
#4000=EDGE_CURVE('',#3247,#3248,#2750,.T.);
#4001=EDGE_CURVE('',#3248,#3249,#2751,.T.);
#4002=EDGE_CURVE('',#3249,#3246,#2752,.T.);
#4003=EDGE_CURVE('',#3250,#3251,#2753,.T.);
#4004=EDGE_CURVE('',#3251,#3249,#603,.T.);
#4005=EDGE_CURVE('',#3248,#3250,#604,.T.);
#4006=EDGE_CURVE('',#3252,#3253,#2754,.T.);
#4007=EDGE_CURVE('',#3253,#3251,#2755,.T.);
#4008=EDGE_CURVE('',#3250,#3252,#2756,.T.);
#4009=EDGE_CURVE('',#3254,#3255,#2757,.T.);
#4010=EDGE_CURVE('',#3255,#3253,#605,.T.);
#4011=EDGE_CURVE('',#3252,#3254,#606,.T.);
#4012=EDGE_CURVE('',#3256,#3257,#2758,.T.);
#4013=EDGE_CURVE('',#3257,#3255,#2759,.T.);
#4014=EDGE_CURVE('',#3254,#3256,#2760,.T.);
#4015=EDGE_CURVE('',#3258,#3259,#2761,.T.);
#4016=EDGE_CURVE('',#3259,#3257,#607,.T.);
#4017=EDGE_CURVE('',#3256,#3258,#608,.T.);
#4018=EDGE_CURVE('',#3260,#3261,#2762,.T.);
#4019=EDGE_CURVE('',#3261,#3259,#2763,.T.);
#4020=EDGE_CURVE('',#3258,#3260,#2764,.T.);
#4021=EDGE_CURVE('',#3246,#3261,#609,.T.);
#4022=EDGE_CURVE('',#3260,#3247,#610,.T.);
#4023=EDGE_CURVE('',#3262,#3252,#611,.T.);
#4024=EDGE_CURVE('',#3263,#3262,#612,.T.);
#4025=EDGE_CURVE('',#3263,#3254,#613,.T.);
#4026=EDGE_CURVE('',#3264,#3250,#614,.T.);
#4027=EDGE_CURVE('',#3262,#3264,#2765,.T.);
#4028=EDGE_CURVE('',#3265,#3248,#615,.T.);
#4029=EDGE_CURVE('',#3264,#3265,#616,.T.);
#4030=EDGE_CURVE('',#3266,#3247,#617,.T.);
#4031=EDGE_CURVE('',#3265,#3266,#2766,.T.);
#4032=EDGE_CURVE('',#3267,#3268,#2767,.T.);
#4033=EDGE_CURVE('',#3268,#3269,#2768,.T.);
#4034=EDGE_CURVE('',#3269,#3270,#2769,.T.);
#4035=EDGE_CURVE('',#3270,#3267,#2770,.T.);
#4036=EDGE_CURVE('',#3271,#3272,#2771,.T.);
#4037=EDGE_CURVE('',#3272,#3270,#618,.T.);
#4038=EDGE_CURVE('',#3269,#3271,#619,.T.);
#4039=EDGE_CURVE('',#3273,#3274,#2772,.T.);
#4040=EDGE_CURVE('',#3274,#3272,#2773,.T.);
#4041=EDGE_CURVE('',#3271,#3273,#2774,.T.);
#4042=EDGE_CURVE('',#3275,#3276,#2775,.T.);
#4043=EDGE_CURVE('',#3276,#3274,#620,.T.);
#4044=EDGE_CURVE('',#3273,#3275,#621,.T.);
#4045=EDGE_CURVE('',#3277,#3278,#2776,.T.);
#4046=EDGE_CURVE('',#3278,#3276,#2777,.T.);
#4047=EDGE_CURVE('',#3275,#3277,#2778,.T.);
#4048=EDGE_CURVE('',#3279,#3280,#2779,.T.);
#4049=EDGE_CURVE('',#3280,#3278,#622,.T.);
#4050=EDGE_CURVE('',#3277,#3279,#623,.T.);
#4051=EDGE_CURVE('',#3281,#3282,#2780,.T.);
#4052=EDGE_CURVE('',#3282,#3280,#2781,.T.);
#4053=EDGE_CURVE('',#3279,#3281,#2782,.T.);
#4054=EDGE_CURVE('',#3267,#3282,#624,.T.);
#4055=EDGE_CURVE('',#3281,#3268,#625,.T.);
#4056=EDGE_CURVE('',#3283,#3273,#626,.T.);
#4057=EDGE_CURVE('',#3284,#3283,#627,.T.);
#4058=EDGE_CURVE('',#3284,#3275,#628,.T.);
#4059=EDGE_CURVE('',#3285,#3271,#629,.T.);
#4060=EDGE_CURVE('',#3283,#3285,#2783,.T.);
#4061=EDGE_CURVE('',#3286,#3269,#630,.T.);
#4062=EDGE_CURVE('',#3285,#3286,#631,.T.);
#4063=EDGE_CURVE('',#3287,#3268,#632,.T.);
#4064=EDGE_CURVE('',#3286,#3287,#2784,.T.);
#4065=EDGE_CURVE('',#3118,#3288,#2785,.T.);
#4066=EDGE_CURVE('',#3288,#3289,#2786,.T.);
#4067=EDGE_CURVE('',#3289,#3117,#2787,.T.);
#4068=EDGE_CURVE('',#3290,#3119,#2788,.T.);
#4069=EDGE_CURVE('',#3289,#3290,#633,.T.);
#4070=EDGE_CURVE('',#3284,#3120,#2789,.T.);
#4071=EDGE_CURVE('',#3290,#3284,#2790,.T.);
#4072=EDGE_CURVE('',#3283,#3121,#2791,.T.);
#4073=EDGE_CURVE('',#3285,#3122,#2792,.T.);
#4074=EDGE_CURVE('',#3286,#3123,#2793,.T.);
#4075=EDGE_CURVE('',#3287,#3124,#2794,.T.);
#4076=EDGE_CURVE('',#3287,#3288,#634,.T.);
#4077=EDGE_CURVE('',#3290,#3277,#635,.T.);
#4078=EDGE_CURVE('',#3289,#3279,#636,.T.);
#4079=EDGE_CURVE('',#3288,#3281,#637,.T.);
#4080=EDGE_CURVE('',#3291,#3292,#2795,.T.);
#4081=EDGE_CURVE('',#3292,#3293,#2796,.T.);
#4082=EDGE_CURVE('',#3293,#3294,#2797,.T.);
#4083=EDGE_CURVE('',#3294,#3291,#2798,.T.);
#4084=EDGE_CURVE('',#3295,#3296,#2799,.T.);
#4085=EDGE_CURVE('',#3296,#3294,#638,.T.);
#4086=EDGE_CURVE('',#3293,#3295,#639,.T.);
#4087=EDGE_CURVE('',#3263,#3297,#2800,.T.);
#4088=EDGE_CURVE('',#3297,#3296,#2801,.T.);
#4089=EDGE_CURVE('',#3295,#3263,#2802,.T.);
#4090=EDGE_CURVE('',#3262,#3298,#2803,.T.);
#4091=EDGE_CURVE('',#3298,#3297,#640,.T.);
#4092=EDGE_CURVE('',#3264,#3299,#2804,.T.);
#4093=EDGE_CURVE('',#3299,#3298,#2805,.T.);
#4094=EDGE_CURVE('',#3265,#3300,#2806,.T.);
#4095=EDGE_CURVE('',#3300,#3299,#641,.T.);
#4096=EDGE_CURVE('',#3266,#3301,#2807,.T.);
#4097=EDGE_CURVE('',#3301,#3300,#2808,.T.);
#4098=EDGE_CURVE('',#3291,#3301,#642,.T.);
#4099=EDGE_CURVE('',#3266,#3292,#643,.T.);
#4100=EDGE_CURVE('',#3295,#3256,#644,.T.);
#4101=EDGE_CURVE('',#3293,#3258,#645,.T.);
#4102=EDGE_CURVE('',#3292,#3260,#646,.T.);
#4103=EDGE_CURVE('',#3227,#3302,#647,.T.);
#4104=EDGE_CURVE('',#3302,#3114,#2809,.T.);
#4105=EDGE_CURVE('',#3113,#3303,#2810,.T.);
#4106=EDGE_CURVE('',#3303,#3243,#648,.T.);
#4107=EDGE_CURVE('',#3242,#3228,#649,.T.);
#4108=EDGE_CURVE('',#3304,#3226,#2811,.T.);
#4109=EDGE_CURVE('',#3229,#3305,#2812,.T.);
#4110=EDGE_CURVE('',#3305,#3304,#2813,.T.);
#4111=EDGE_CURVE('',#3225,#3306,#2814,.T.);
#4112=EDGE_CURVE('',#3306,#3305,#650,.T.);
#4113=EDGE_CURVE('',#3229,#3225,#651,.T.);
#4114=EDGE_CURVE('',#3224,#3307,#2815,.T.);
#4115=EDGE_CURVE('',#3307,#3306,#2816,.T.);
#4116=EDGE_CURVE('',#3304,#3307,#652,.T.);
#4117=EDGE_CURVE('',#3245,#3241,#653,.T.);
#4118=EDGE_CURVE('',#3308,#3244,#2817,.T.);
#4119=EDGE_CURVE('',#3245,#3309,#2818,.T.);
#4120=EDGE_CURVE('',#3309,#3308,#2819,.T.);
#4121=EDGE_CURVE('',#3241,#3310,#2820,.T.);
#4122=EDGE_CURVE('',#3310,#3309,#654,.T.);
#4123=EDGE_CURVE('',#3240,#3311,#2821,.T.);
#4124=EDGE_CURVE('',#3311,#3310,#2822,.T.);
#4125=EDGE_CURVE('',#3308,#3311,#655,.T.);
#4126=EDGE_CURVE('',#3108,#3312,#2823,.T.);
#4127=EDGE_CURVE('',#3312,#3223,#656,.T.);
#4128=EDGE_CURVE('',#3110,#3313,#2824,.T.);
#4129=EDGE_CURVE('',#3313,#3312,#2825,.T.);
#4130=EDGE_CURVE('',#3115,#3314,#2826,.T.);
#4131=EDGE_CURVE('',#3314,#3313,#657,.T.);
#4132=EDGE_CURVE('',#3315,#3316,#2827,.T.);
#4133=EDGE_CURVE('',#3316,#3314,#2828,.T.);
#4134=EDGE_CURVE('',#3115,#3315,#2829,.T.);
#4135=EDGE_CURVE('',#3216,#3316,#658,.T.);
#4136=EDGE_CURVE('',#3315,#3217,#659,.T.);
#4137=EDGE_CURVE('',#3302,#3315,#660,.T.);
#4138=EDGE_CURVE('',#3239,#3317,#661,.T.);
#4139=EDGE_CURVE('',#3317,#3318,#2830,.T.);
#4140=EDGE_CURVE('',#3318,#3238,#662,.T.);
#4141=EDGE_CURVE('',#3112,#3319,#2831,.T.);
#4142=EDGE_CURVE('',#3319,#3318,#2832,.T.);
#4143=EDGE_CURVE('',#3317,#3112,#2833,.T.);
#4144=EDGE_CURVE('',#3111,#3320,#2834,.T.);
#4145=EDGE_CURVE('',#3320,#3319,#663,.T.);
#4146=EDGE_CURVE('',#3116,#3321,#2835,.T.);
#4147=EDGE_CURVE('',#3321,#3320,#2836,.T.);
#4148=EDGE_CURVE('',#3231,#3321,#664,.T.);
#4149=EDGE_CURVE('',#3116,#3232,#665,.T.);
#4150=EDGE_CURVE('',#3303,#3317,#666,.T.);
#4151=EDGE_CURVE('',#3125,#3322,#667,.T.);
#4152=EDGE_CURVE('',#3322,#3322,#2837,.T.);
#4153=EDGE_CURVE('',#3126,#3323,#668,.T.);
#4154=EDGE_CURVE('',#3323,#3323,#2838,.T.);
#4155=EDGE_CURVE('',#3324,#3324,#2839,.T.);
#4156=EDGE_CURVE('',#3324,#3325,#669,.T.);
#4157=EDGE_CURVE('',#3326,#3326,#2840,.T.);
#4158=EDGE_CURVE('',#3326,#3327,#670,.T.);
#4159=EDGE_CURVE('',#3327,#3327,#2841,.T.);
#4160=EDGE_CURVE('',#3327,#3324,#671,.T.);
#4161=EDGE_CURVE('',#3328,#3329,#137,.T.);
#4162=EDGE_CURVE('',#3330,#3329,#55,.T.);
#4163=EDGE_CURVE('',#3330,#3331,#138,.T.);
#4164=EDGE_CURVE('',#3331,#3332,#672,.T.);
#4165=EDGE_CURVE('',#3332,#3332,#2842,.T.);
#4166=EDGE_CURVE('',#3331,#3333,#139,.T.);
#4167=EDGE_CURVE('',#3334,#3333,#56,.T.);
#4168=EDGE_CURVE('',#3334,#3335,#140,.T.);
#4169=EDGE_CURVE('',#3336,#3335,#57,.T.);
#4170=EDGE_CURVE('',#3336,#3337,#141,.T.);
#4171=EDGE_CURVE('',#3338,#3337,#58,.T.);
#4172=EDGE_CURVE('',#3338,#3339,#142,.T.);
#4173=EDGE_CURVE('',#3340,#3339,#59,.T.);
#4174=EDGE_CURVE('',#3340,#3341,#143,.T.);
#4175=EDGE_CURVE('',#3328,#3341,#60,.T.);
#4176=EDGE_CURVE('',#3342,#3342,#2843,.T.);
#4177=EDGE_CURVE('',#3342,#3343,#673,.T.);
#4178=EDGE_CURVE('',#3343,#3344,#144,.T.);
#4179=EDGE_CURVE('',#3345,#3344,#61,.T.);
#4180=EDGE_CURVE('',#3345,#3346,#145,.T.);
#4181=EDGE_CURVE('',#3347,#3346,#62,.T.);
#4182=EDGE_CURVE('',#3347,#3348,#146,.T.);
#4183=EDGE_CURVE('',#3349,#3348,#63,.T.);
#4184=EDGE_CURVE('',#3349,#3350,#147,.T.);
#4185=EDGE_CURVE('',#3351,#3350,#64,.T.);
#4186=EDGE_CURVE('',#3351,#3352,#148,.T.);
#4187=EDGE_CURVE('',#3353,#3352,#65,.T.);
#4188=EDGE_CURVE('',#3353,#3354,#149,.T.);
#4189=EDGE_CURVE('',#3355,#3354,#66,.T.);
#4190=EDGE_CURVE('',#3355,#3343,#150,.T.);
#4191=EDGE_CURVE('',#3353,#3335,#674,.T.);
#4192=EDGE_CURVE('',#3336,#3352,#675,.T.);
#4193=EDGE_CURVE('',#3334,#3354,#676,.T.);
#4194=EDGE_CURVE('',#3355,#3333,#677,.T.);
#4195=EDGE_CURVE('',#3330,#3344,#678,.T.);
#4196=EDGE_CURVE('',#3345,#3329,#679,.T.);
#4197=EDGE_CURVE('',#3328,#3346,#680,.T.);
#4198=EDGE_CURVE('',#3356,#3356,#2844,.T.);
#4199=EDGE_CURVE('',#3351,#3337,#681,.T.);
#4200=EDGE_CURVE('',#3338,#3350,#682,.T.);
#4201=EDGE_CURVE('',#3349,#3339,#683,.T.);
#4202=EDGE_CURVE('',#3340,#3348,#684,.T.);
#4203=EDGE_CURVE('',#3347,#3341,#685,.T.);
#4204=EDGE_CURVE('',#3357,#3358,#2845,.T.);
#4205=EDGE_CURVE('',#3358,#3357,#2846,.T.);
#4206=EDGE_CURVE('',#3357,#3356,#2847,.T.);
#4207=EDGE_CURVE('',#3359,#3360,#2848,.T.);
#4208=EDGE_CURVE('',#3360,#3359,#2849,.T.);
#4209=EDGE_CURVE('',#3360,#3358,#686,.T.);
#4210=EDGE_CURVE('',#3361,#3361,#2850,.T.);
#4211=EDGE_CURVE('',#3361,#3359,#687,.T.);
#4212=EDGE_CURVE('',#3362,#3363,#688,.T.);
#4213=EDGE_CURVE('',#3362,#3364,#689,.T.);
#4214=EDGE_CURVE('',#3364,#3365,#690,.T.);
#4215=EDGE_CURVE('',#3363,#3365,#691,.T.);
#4216=EDGE_CURVE('',#3366,#3362,#151,.T.);
#4217=EDGE_CURVE('',#3366,#3367,#692,.T.);
#4218=EDGE_CURVE('',#3367,#3364,#152,.T.);
#4219=EDGE_CURVE('',#3368,#3366,#153,.T.);
#4220=EDGE_CURVE('',#3368,#3369,#693,.T.);
#4221=EDGE_CURVE('',#3369,#3367,#154,.T.);
#4222=EDGE_CURVE('',#3370,#3368,#694,.T.);
#4223=EDGE_CURVE('',#3370,#3371,#695,.T.);
#4224=EDGE_CURVE('',#3371,#3369,#696,.T.);
#4225=EDGE_CURVE('',#3372,#3370,#155,.T.);
#4226=EDGE_CURVE('',#3372,#3373,#697,.T.);
#4227=EDGE_CURVE('',#3373,#3371,#156,.T.);
#4228=EDGE_CURVE('',#3374,#3372,#157,.T.);
#4229=EDGE_CURVE('',#3374,#3375,#698,.T.);
#4230=EDGE_CURVE('',#3375,#3373,#158,.T.);
#4231=EDGE_CURVE('',#3376,#3374,#699,.T.);
#4232=EDGE_CURVE('',#3376,#3377,#700,.T.);
#4233=EDGE_CURVE('',#3377,#3375,#701,.T.);
#4234=EDGE_CURVE('',#3378,#3376,#159,.T.);
#4235=EDGE_CURVE('',#3378,#3379,#702,.T.);
#4236=EDGE_CURVE('',#3379,#3377,#160,.T.);
#4237=EDGE_CURVE('',#3380,#3378,#161,.T.);
#4238=EDGE_CURVE('',#3380,#3381,#703,.T.);
#4239=EDGE_CURVE('',#3381,#3379,#162,.T.);
#4240=EDGE_CURVE('',#3382,#3380,#163,.T.);
#4241=EDGE_CURVE('',#3382,#3383,#704,.T.);
#4242=EDGE_CURVE('',#3383,#3381,#164,.T.);
#4243=EDGE_CURVE('',#3363,#3382,#705,.T.);
#4244=EDGE_CURVE('',#3365,#3383,#706,.T.);
#4245=EDGE_CURVE('',#3384,#3385,#707,.T.);
#4246=EDGE_CURVE('',#3384,#3386,#708,.T.);
#4247=EDGE_CURVE('',#3386,#3387,#709,.T.);
#4248=EDGE_CURVE('',#3385,#3387,#710,.T.);
#4249=EDGE_CURVE('',#3385,#3388,#711,.T.);
#4250=EDGE_CURVE('',#3387,#3389,#712,.T.);
#4251=EDGE_CURVE('',#3388,#3389,#713,.T.);
#4252=EDGE_CURVE('',#3388,#3384,#714,.T.);
#4253=EDGE_CURVE('',#3389,#3386,#715,.T.);
#4254=EDGE_CURVE('',#3390,#3391,#165,.T.);
#4255=EDGE_CURVE('',#3390,#3392,#716,.T.);
#4256=EDGE_CURVE('',#3392,#3393,#166,.T.);
#4257=EDGE_CURVE('',#3391,#3393,#717,.T.);
#4258=EDGE_CURVE('',#3394,#3390,#718,.T.);
#4259=EDGE_CURVE('',#3394,#3395,#719,.T.);
#4260=EDGE_CURVE('',#3395,#3392,#720,.T.);
#4261=EDGE_CURVE('',#3396,#3394,#167,.T.);
#4262=EDGE_CURVE('',#3396,#3397,#721,.T.);
#4263=EDGE_CURVE('',#3397,#3395,#168,.T.);
#4264=EDGE_CURVE('',#3398,#3396,#169,.T.);
#4265=EDGE_CURVE('',#3398,#3399,#722,.T.);
#4266=EDGE_CURVE('',#3399,#3397,#170,.T.);
#4267=EDGE_CURVE('',#3400,#3398,#723,.T.);
#4268=EDGE_CURVE('',#3400,#3401,#724,.T.);
#4269=EDGE_CURVE('',#3401,#3399,#725,.T.);
#4270=EDGE_CURVE('',#3402,#3400,#171,.T.);
#4271=EDGE_CURVE('',#3402,#3403,#726,.T.);
#4272=EDGE_CURVE('',#3403,#3401,#172,.T.);
#4273=EDGE_CURVE('',#3404,#3402,#173,.T.);
#4274=EDGE_CURVE('',#3404,#3405,#727,.T.);
#4275=EDGE_CURVE('',#3405,#3403,#174,.T.);
#4276=EDGE_CURVE('',#3406,#3404,#175,.T.);
#4277=EDGE_CURVE('',#3406,#3407,#728,.T.);
#4278=EDGE_CURVE('',#3407,#3405,#176,.T.);
#4279=EDGE_CURVE('',#3408,#3406,#729,.T.);
#4280=EDGE_CURVE('',#3408,#3409,#730,.T.);
#4281=EDGE_CURVE('',#3409,#3407,#731,.T.);
#4282=EDGE_CURVE('',#3410,#3408,#732,.T.);
#4283=EDGE_CURVE('',#3410,#3411,#733,.T.);
#4284=EDGE_CURVE('',#3411,#3409,#734,.T.);
#4285=EDGE_CURVE('',#3412,#3410,#735,.T.);
#4286=EDGE_CURVE('',#3412,#3413,#736,.T.);
#4287=EDGE_CURVE('',#3413,#3411,#737,.T.);
#4288=EDGE_CURVE('',#3414,#3412,#177,.T.);
#4289=EDGE_CURVE('',#3414,#3415,#738,.T.);
#4290=EDGE_CURVE('',#3415,#3413,#178,.T.);
#4291=EDGE_CURVE('',#3391,#3414,#179,.T.);
#4292=EDGE_CURVE('',#3393,#3415,#180,.T.);
#4293=EDGE_CURVE('',#3416,#3417,#739,.T.);
#4294=EDGE_CURVE('',#3416,#3418,#740,.T.);
#4295=EDGE_CURVE('',#3418,#3419,#741,.T.);
#4296=EDGE_CURVE('',#3417,#3419,#742,.T.);
#4297=EDGE_CURVE('',#3417,#3420,#181,.T.);
#4298=EDGE_CURVE('',#3419,#3421,#182,.T.);
#4299=EDGE_CURVE('',#3420,#3421,#743,.T.);
#4300=EDGE_CURVE('',#3420,#3422,#183,.T.);
#4301=EDGE_CURVE('',#3421,#3423,#184,.T.);
#4302=EDGE_CURVE('',#3422,#3423,#744,.T.);
#4303=EDGE_CURVE('',#3422,#3424,#745,.T.);
#4304=EDGE_CURVE('',#3423,#3425,#746,.T.);
#4305=EDGE_CURVE('',#3424,#3425,#747,.T.);
#4306=EDGE_CURVE('',#3424,#3416,#748,.T.);
#4307=EDGE_CURVE('',#3425,#3418,#749,.T.);
#4308=EDGE_CURVE('',#3426,#3427,#750,.T.);
#4309=EDGE_CURVE('',#3426,#3428,#751,.T.);
#4310=EDGE_CURVE('',#3428,#3429,#752,.T.);
#4311=EDGE_CURVE('',#3427,#3429,#753,.T.);
#4312=EDGE_CURVE('',#3427,#3430,#185,.T.);
#4313=EDGE_CURVE('',#3429,#3431,#186,.T.);
#4314=EDGE_CURVE('',#3430,#3431,#754,.T.);
#4315=EDGE_CURVE('',#3430,#3432,#187,.T.);
#4316=EDGE_CURVE('',#3431,#3433,#188,.T.);
#4317=EDGE_CURVE('',#3432,#3433,#755,.T.);
#4318=EDGE_CURVE('',#3432,#3434,#756,.T.);
#4319=EDGE_CURVE('',#3433,#3435,#757,.T.);
#4320=EDGE_CURVE('',#3434,#3435,#758,.T.);
#4321=EDGE_CURVE('',#3434,#3426,#759,.T.);
#4322=EDGE_CURVE('',#3435,#3428,#760,.T.);
#4323=EDGE_CURVE('',#3436,#3437,#189,.T.);
#4324=EDGE_CURVE('',#3436,#3438,#761,.T.);
#4325=EDGE_CURVE('',#3438,#3439,#190,.T.);
#4326=EDGE_CURVE('',#3437,#3439,#762,.T.);
#4327=EDGE_CURVE('',#3440,#3436,#191,.T.);
#4328=EDGE_CURVE('',#3440,#3441,#763,.T.);
#4329=EDGE_CURVE('',#3441,#3438,#192,.T.);
#4330=EDGE_CURVE('',#3442,#3440,#764,.T.);
#4331=EDGE_CURVE('',#3442,#3443,#765,.T.);
#4332=EDGE_CURVE('',#3443,#3441,#766,.T.);
#4333=EDGE_CURVE('',#3444,#3442,#193,.T.);
#4334=EDGE_CURVE('',#3444,#3445,#767,.T.);
#4335=EDGE_CURVE('',#3445,#3443,#194,.T.);
#4336=EDGE_CURVE('',#3446,#3444,#768,.T.);
#4337=EDGE_CURVE('',#3446,#3447,#769,.T.);
#4338=EDGE_CURVE('',#3447,#3445,#770,.T.);
#4339=EDGE_CURVE('',#3448,#3446,#195,.T.);
#4340=EDGE_CURVE('',#3448,#3449,#771,.T.);
#4341=EDGE_CURVE('',#3449,#3447,#196,.T.);
#4342=EDGE_CURVE('',#3450,#3448,#772,.T.);
#4343=EDGE_CURVE('',#3450,#3451,#773,.T.);
#4344=EDGE_CURVE('',#3451,#3449,#774,.T.);
#4345=EDGE_CURVE('',#3452,#3450,#197,.T.);
#4346=EDGE_CURVE('',#3452,#3453,#775,.T.);
#4347=EDGE_CURVE('',#3453,#3451,#198,.T.);
#4348=EDGE_CURVE('',#3437,#3452,#199,.T.);
#4349=EDGE_CURVE('',#3439,#3453,#200,.T.);
#4350=EDGE_CURVE('',#3454,#3455,#2851,.T.);
#4351=EDGE_CURVE('',#3456,#3454,#776,.T.);
#4352=EDGE_CURVE('',#3457,#3456,#2852,.T.);
#4353=EDGE_CURVE('',#3458,#3457,#777,.T.);
#4354=EDGE_CURVE('',#3459,#3458,#2853,.T.);
#4355=EDGE_CURVE('',#3460,#3459,#778,.T.);
#4356=EDGE_CURVE('',#3461,#3460,#2854,.T.);
#4357=EDGE_CURVE('',#3455,#3461,#779,.T.);
#4358=EDGE_CURVE('',#3462,#3462,#2855,.T.);
#4359=EDGE_CURVE('',#3463,#3463,#2856,.T.);
#4360=EDGE_CURVE('',#3464,#3464,#2857,.T.);
#4361=EDGE_CURVE('',#3465,#3465,#2858,.T.);
#4362=EDGE_CURVE('',#3466,#3466,#2859,.T.);
#4363=EDGE_CURVE('',#3467,#3467,#2860,.T.);
#4364=EDGE_CURVE('',#3468,#3468,#2861,.T.);
#4365=EDGE_CURVE('',#3455,#3469,#2862,.T.);
#4366=EDGE_CURVE('',#3469,#3470,#2863,.T.);
#4367=EDGE_CURVE('',#3470,#3454,#2864,.T.);
#4368=EDGE_CURVE('',#3471,#3456,#2865,.T.);
#4369=EDGE_CURVE('',#3470,#3471,#780,.T.);
#4370=EDGE_CURVE('',#3472,#3457,#2866,.T.);
#4371=EDGE_CURVE('',#3471,#3472,#2867,.T.);
#4372=EDGE_CURVE('',#3473,#3458,#2868,.T.);
#4373=EDGE_CURVE('',#3472,#3473,#781,.T.);
#4374=EDGE_CURVE('',#3474,#3459,#2869,.T.);
#4375=EDGE_CURVE('',#3473,#3474,#2870,.T.);
#4376=EDGE_CURVE('',#3475,#3460,#2871,.T.);
#4377=EDGE_CURVE('',#3474,#3475,#782,.T.);
#4378=EDGE_CURVE('',#3476,#3461,#2872,.T.);
#4379=EDGE_CURVE('',#3475,#3476,#2873,.T.);
#4380=EDGE_CURVE('',#3476,#3469,#783,.T.);
#4381=EDGE_CURVE('',#3477,#3472,#784,.T.);
#4382=EDGE_CURVE('',#3478,#3477,#785,.T.);
#4383=EDGE_CURVE('',#3478,#3473,#786,.T.);
#4384=EDGE_CURVE('',#3479,#3471,#787,.T.);
#4385=EDGE_CURVE('',#3477,#3479,#2874,.T.);
#4386=EDGE_CURVE('',#3480,#3470,#788,.T.);
#4387=EDGE_CURVE('',#3479,#3480,#789,.T.);
#4388=EDGE_CURVE('',#3481,#3469,#790,.T.);
#4389=EDGE_CURVE('',#3480,#3481,#2875,.T.);
#4390=EDGE_CURVE('',#3482,#3483,#2876,.T.);
#4391=EDGE_CURVE('',#3483,#3484,#2877,.T.);
#4392=EDGE_CURVE('',#3484,#3485,#2878,.T.);
#4393=EDGE_CURVE('',#3485,#3482,#2879,.T.);
#4394=EDGE_CURVE('',#3486,#3487,#2880,.T.);
#4395=EDGE_CURVE('',#3487,#3485,#791,.T.);
#4396=EDGE_CURVE('',#3484,#3486,#792,.T.);
#4397=EDGE_CURVE('',#3488,#3489,#2881,.T.);
#4398=EDGE_CURVE('',#3489,#3487,#2882,.T.);
#4399=EDGE_CURVE('',#3486,#3488,#2883,.T.);
#4400=EDGE_CURVE('',#3490,#3491,#2884,.T.);
#4401=EDGE_CURVE('',#3491,#3489,#793,.T.);
#4402=EDGE_CURVE('',#3488,#3490,#794,.T.);
#4403=EDGE_CURVE('',#3492,#3493,#2885,.T.);
#4404=EDGE_CURVE('',#3493,#3491,#2886,.T.);
#4405=EDGE_CURVE('',#3490,#3492,#2887,.T.);
#4406=EDGE_CURVE('',#3494,#3495,#2888,.T.);
#4407=EDGE_CURVE('',#3495,#3493,#795,.T.);
#4408=EDGE_CURVE('',#3492,#3494,#796,.T.);
#4409=EDGE_CURVE('',#3496,#3497,#2889,.T.);
#4410=EDGE_CURVE('',#3497,#3495,#2890,.T.);
#4411=EDGE_CURVE('',#3494,#3496,#2891,.T.);
#4412=EDGE_CURVE('',#3482,#3497,#797,.T.);
#4413=EDGE_CURVE('',#3496,#3483,#798,.T.);
#4414=EDGE_CURVE('',#3498,#3488,#799,.T.);
#4415=EDGE_CURVE('',#3499,#3498,#800,.T.);
#4416=EDGE_CURVE('',#3499,#3490,#801,.T.);
#4417=EDGE_CURVE('',#3500,#3486,#802,.T.);
#4418=EDGE_CURVE('',#3498,#3500,#2892,.T.);
#4419=EDGE_CURVE('',#3501,#3484,#803,.T.);
#4420=EDGE_CURVE('',#3500,#3501,#804,.T.);
#4421=EDGE_CURVE('',#3502,#3483,#805,.T.);
#4422=EDGE_CURVE('',#3501,#3502,#2893,.T.);
#4423=EDGE_CURVE('',#3503,#3503,#2894,.T.);
#4424=EDGE_CURVE('',#3504,#3504,#2895,.T.);
#4425=EDGE_CURVE('',#3505,#3505,#2896,.T.);
#4426=EDGE_CURVE('',#3506,#3506,#2897,.T.);
#4427=EDGE_CURVE('',#3507,#3507,#2898,.T.);
#4428=EDGE_CURVE('',#3508,#3508,#2899,.T.);
#4429=EDGE_CURVE('',#3509,#3509,#2900,.T.);
#4430=EDGE_CURVE('',#3509,#3510,#806,.T.);
#4431=EDGE_CURVE('',#3510,#3510,#2901,.T.);
#4432=EDGE_CURVE('',#3508,#3511,#807,.T.);
#4433=EDGE_CURVE('',#3511,#3511,#2902,.T.);
#4434=EDGE_CURVE('',#3507,#3512,#808,.T.);
#4435=EDGE_CURVE('',#3512,#3512,#2903,.T.);
#4436=EDGE_CURVE('',#3506,#3513,#809,.T.);
#4437=EDGE_CURVE('',#3513,#3513,#2904,.T.);
#4438=EDGE_CURVE('',#3505,#3514,#810,.T.);
#4439=EDGE_CURVE('',#3514,#3514,#2905,.T.);
#4440=EDGE_CURVE('',#3515,#3515,#2906,.T.);
#4441=EDGE_CURVE('',#3516,#3516,#2907,.T.);
#4442=EDGE_CURVE('',#3516,#3515,#811,.T.);
#4443=EDGE_CURVE('',#3517,#3517,#2908,.T.);
#4444=EDGE_CURVE('',#3518,#3518,#2909,.T.);
#4445=EDGE_CURVE('',#3519,#3519,#2910,.T.);
#4446=EDGE_CURVE('',#3519,#3518,#812,.T.);
#4447=EDGE_CURVE('',#3520,#3520,#2911,.T.);
#4448=EDGE_CURVE('',#3521,#3521,#2912,.T.);
#4449=EDGE_CURVE('',#3522,#3522,#2913,.T.);
#4450=EDGE_CURVE('',#3522,#3521,#813,.T.);
#4451=EDGE_CURVE('',#3523,#3523,#2914,.T.);
#4452=EDGE_CURVE('',#3524,#3524,#2915,.T.);
#4453=EDGE_CURVE('',#3525,#3525,#2916,.T.);
#4454=EDGE_CURVE('',#3525,#3524,#814,.T.);
#4455=EDGE_CURVE('',#3526,#3526,#2917,.T.);
#4456=EDGE_CURVE('',#3527,#3527,#2918,.T.);
#4457=EDGE_CURVE('',#3528,#3528,#2919,.T.);
#4458=EDGE_CURVE('',#3528,#3527,#815,.T.);
#4459=EDGE_CURVE('',#3529,#3529,#2920,.T.);
#4460=EDGE_CURVE('',#3462,#3530,#816,.T.);
#4461=EDGE_CURVE('',#3530,#3530,#2921,.T.);
#4462=EDGE_CURVE('',#3530,#3529,#817,.T.);
#4463=EDGE_CURVE('',#3463,#3531,#818,.T.);
#4464=EDGE_CURVE('',#3531,#3531,#2922,.T.);
#4465=EDGE_CURVE('',#3531,#3520,#819,.T.);
#4466=EDGE_CURVE('',#3464,#3532,#820,.T.);
#4467=EDGE_CURVE('',#3532,#3532,#2923,.T.);
#4468=EDGE_CURVE('',#3532,#3523,#821,.T.);
#4469=EDGE_CURVE('',#3465,#3533,#822,.T.);
#4470=EDGE_CURVE('',#3533,#3533,#2924,.T.);
#4471=EDGE_CURVE('',#3533,#3526,#823,.T.);
#4472=EDGE_CURVE('',#3466,#3534,#824,.T.);
#4473=EDGE_CURVE('',#3534,#3534,#2925,.T.);
#4474=EDGE_CURVE('',#3534,#3517,#825,.T.);
#4475=EDGE_CURVE('',#3468,#3535,#826,.T.);
#4476=EDGE_CURVE('',#3535,#3536,#2926,.T.);
#4477=EDGE_CURVE('',#3536,#3535,#2927,.T.);
#4478=EDGE_CURVE('',#3536,#3537,#827,.T.);
#4479=EDGE_CURVE('',#3537,#3537,#2928,.T.);
#4480=EDGE_CURVE('',#3467,#3538,#828,.T.);
#4481=EDGE_CURVE('',#3538,#3539,#2929,.T.);
#4482=EDGE_CURVE('',#3539,#3538,#2930,.T.);
#4483=EDGE_CURVE('',#3539,#3540,#829,.T.);
#4484=EDGE_CURVE('',#3540,#3540,#2931,.T.);
#4485=EDGE_CURVE('',#3541,#3541,#2932,.T.);
#4486=EDGE_CURVE('',#3541,#3504,#830,.T.);
#4487=EDGE_CURVE('',#3542,#3542,#2933,.T.);
#4488=EDGE_CURVE('',#3542,#3503,#831,.T.);
#4489=EDGE_CURVE('',#3543,#3478,#2934,.T.);
#4490=EDGE_CURVE('',#3543,#3474,#832,.T.);
#4491=EDGE_CURVE('',#3544,#3476,#833,.T.);
#4492=EDGE_CURVE('',#3481,#3544,#834,.T.);
#4493=EDGE_CURVE('',#3545,#3475,#835,.T.);
#4494=EDGE_CURVE('',#3544,#3545,#2935,.T.);
#4495=EDGE_CURVE('',#3545,#3543,#836,.T.);
#4496=EDGE_CURVE('',#3546,#3547,#2936,.T.);
#4497=EDGE_CURVE('',#3547,#3548,#2937,.T.);
#4498=EDGE_CURVE('',#3548,#3549,#2938,.T.);
#4499=EDGE_CURVE('',#3549,#3546,#2939,.T.);
#4500=EDGE_CURVE('',#3550,#3551,#2940,.T.);
#4501=EDGE_CURVE('',#3551,#3549,#837,.T.);
#4502=EDGE_CURVE('',#3548,#3550,#838,.T.);
#4503=EDGE_CURVE('',#3552,#3553,#2941,.T.);
#4504=EDGE_CURVE('',#3553,#3551,#2942,.T.);
#4505=EDGE_CURVE('',#3550,#3552,#2943,.T.);
#4506=EDGE_CURVE('',#3554,#3555,#2944,.T.);
#4507=EDGE_CURVE('',#3555,#3553,#839,.T.);
#4508=EDGE_CURVE('',#3552,#3554,#840,.T.);
#4509=EDGE_CURVE('',#3556,#3557,#2945,.T.);
#4510=EDGE_CURVE('',#3557,#3555,#2946,.T.);
#4511=EDGE_CURVE('',#3554,#3556,#2947,.T.);
#4512=EDGE_CURVE('',#3558,#3559,#2948,.T.);
#4513=EDGE_CURVE('',#3559,#3557,#841,.T.);
#4514=EDGE_CURVE('',#3556,#3558,#842,.T.);
#4515=EDGE_CURVE('',#3560,#3561,#2949,.T.);
#4516=EDGE_CURVE('',#3561,#3559,#2950,.T.);
#4517=EDGE_CURVE('',#3558,#3560,#2951,.T.);
#4518=EDGE_CURVE('',#3546,#3561,#843,.T.);
#4519=EDGE_CURVE('',#3560,#3547,#844,.T.);
#4520=EDGE_CURVE('',#3562,#3552,#845,.T.);
#4521=EDGE_CURVE('',#3563,#3562,#846,.T.);
#4522=EDGE_CURVE('',#3563,#3554,#847,.T.);
#4523=EDGE_CURVE('',#3564,#3550,#848,.T.);
#4524=EDGE_CURVE('',#3562,#3564,#2952,.T.);
#4525=EDGE_CURVE('',#3565,#3548,#849,.T.);
#4526=EDGE_CURVE('',#3564,#3565,#850,.T.);
#4527=EDGE_CURVE('',#3566,#3547,#851,.T.);
#4528=EDGE_CURVE('',#3565,#3566,#2953,.T.);
#4529=EDGE_CURVE('',#3567,#3563,#2954,.T.);
#4530=EDGE_CURVE('',#3567,#3556,#852,.T.);
#4531=EDGE_CURVE('',#3568,#3560,#853,.T.);
#4532=EDGE_CURVE('',#3566,#3568,#854,.T.);
#4533=EDGE_CURVE('',#3569,#3558,#855,.T.);
#4534=EDGE_CURVE('',#3568,#3569,#2955,.T.);
#4535=EDGE_CURVE('',#3569,#3567,#856,.T.);
#4536=EDGE_CURVE('',#3570,#3496,#857,.T.);
#4537=EDGE_CURVE('',#3502,#3570,#858,.T.);
#4538=EDGE_CURVE('',#3571,#3494,#859,.T.);
#4539=EDGE_CURVE('',#3570,#3571,#2956,.T.);
#4540=EDGE_CURVE('',#3572,#3492,#860,.T.);
#4541=EDGE_CURVE('',#3571,#3572,#861,.T.);
#4542=EDGE_CURVE('',#3572,#3499,#2957,.T.);
#4543=EDGE_CURVE('',#3573,#3574,#2958,.T.);
#4544=EDGE_CURVE('',#3574,#3575,#2959,.T.);
#4545=EDGE_CURVE('',#3575,#3576,#2960,.T.);
#4546=EDGE_CURVE('',#3576,#3573,#2961,.T.);
#4547=EDGE_CURVE('',#3577,#3578,#2962,.T.);
#4548=EDGE_CURVE('',#3578,#3576,#862,.T.);
#4549=EDGE_CURVE('',#3575,#3577,#863,.T.);
#4550=EDGE_CURVE('',#3579,#3580,#2963,.T.);
#4551=EDGE_CURVE('',#3580,#3578,#2964,.T.);
#4552=EDGE_CURVE('',#3577,#3579,#2965,.T.);
#4553=EDGE_CURVE('',#3581,#3582,#2966,.T.);
#4554=EDGE_CURVE('',#3582,#3580,#864,.T.);
#4555=EDGE_CURVE('',#3579,#3581,#865,.T.);
#4556=EDGE_CURVE('',#3583,#3584,#2967,.T.);
#4557=EDGE_CURVE('',#3584,#3582,#2968,.T.);
#4558=EDGE_CURVE('',#3581,#3583,#2969,.T.);
#4559=EDGE_CURVE('',#3585,#3586,#2970,.T.);
#4560=EDGE_CURVE('',#3586,#3584,#866,.T.);
#4561=EDGE_CURVE('',#3583,#3585,#867,.T.);
#4562=EDGE_CURVE('',#3587,#3588,#2971,.T.);
#4563=EDGE_CURVE('',#3588,#3586,#2972,.T.);
#4564=EDGE_CURVE('',#3585,#3587,#2973,.T.);
#4565=EDGE_CURVE('',#3573,#3588,#868,.T.);
#4566=EDGE_CURVE('',#3587,#3574,#869,.T.);
#4567=EDGE_CURVE('',#3589,#3579,#870,.T.);
#4568=EDGE_CURVE('',#3589,#3590,#871,.T.);
#4569=EDGE_CURVE('',#3590,#3581,#872,.T.);
#4570=EDGE_CURVE('',#3591,#3577,#873,.T.);
#4571=EDGE_CURVE('',#3591,#3589,#2974,.T.);
#4572=EDGE_CURVE('',#3592,#3575,#874,.T.);
#4573=EDGE_CURVE('',#3592,#3591,#875,.T.);
#4574=EDGE_CURVE('',#3593,#3574,#876,.T.);
#4575=EDGE_CURVE('',#3593,#3592,#2975,.T.);
#4576=EDGE_CURVE('',#3594,#3587,#877,.T.);
#4577=EDGE_CURVE('',#3594,#3593,#878,.T.);
#4578=EDGE_CURVE('',#3595,#3585,#879,.T.);
#4579=EDGE_CURVE('',#3595,#3594,#2976,.T.);
#4580=EDGE_CURVE('',#3596,#3583,#880,.T.);
#4581=EDGE_CURVE('',#3596,#3595,#881,.T.);
#4582=EDGE_CURVE('',#3590,#3596,#2977,.T.);
#4583=EDGE_CURVE('',#3597,#3598,#882,.T.);
#4584=EDGE_CURVE('',#3597,#3599,#883,.T.);
#4585=EDGE_CURVE('',#3600,#3599,#884,.T.);
#4586=EDGE_CURVE('',#3601,#3600,#67,.T.);
#4587=EDGE_CURVE('',#3598,#3601,#885,.T.);
#4588=EDGE_CURVE('',#3602,#3603,#886,.T.);
#4589=EDGE_CURVE('',#3602,#3604,#887,.T.);
#4590=EDGE_CURVE('',#3605,#3604,#888,.T.);
#4591=EDGE_CURVE('',#3606,#3605,#68,.T.);
#4592=EDGE_CURVE('',#3603,#3606,#889,.T.);
#4593=EDGE_CURVE('',#3607,#3608,#890,.T.);
#4594=EDGE_CURVE('',#3607,#3609,#891,.T.);
#4595=EDGE_CURVE('',#3610,#3609,#892,.T.);
#4596=EDGE_CURVE('',#3611,#3610,#69,.T.);
#4597=EDGE_CURVE('',#3608,#3611,#893,.T.);
#4598=EDGE_CURVE('',#3612,#3613,#894,.T.);
#4599=EDGE_CURVE('',#3612,#3614,#895,.T.);
#4600=EDGE_CURVE('',#3615,#3614,#896,.T.);
#4601=EDGE_CURVE('',#3616,#3615,#70,.T.);
#4602=EDGE_CURVE('',#3613,#3616,#897,.T.);
#4603=EDGE_CURVE('',#3617,#3618,#2978,.T.);
#4604=EDGE_CURVE('',#3619,#3617,#898,.T.);
#4605=EDGE_CURVE('',#3619,#3620,#2979,.T.);
#4606=EDGE_CURVE('',#3620,#3614,#2980,.T.);
#4607=EDGE_CURVE('',#3618,#3612,#2981,.T.);
#4608=EDGE_CURVE('',#3621,#3607,#2982,.T.);
#4609=EDGE_CURVE('',#3622,#3621,#899,.T.);
#4610=EDGE_CURVE('',#3622,#3609,#2983,.T.);
#4611=EDGE_CURVE('',#3623,#3602,#2984,.T.);
#4612=EDGE_CURVE('',#3624,#3623,#900,.T.);
#4613=EDGE_CURVE('',#3624,#3604,#2985,.T.);
#4614=EDGE_CURVE('',#3625,#3626,#901,.T.);
#4615=EDGE_CURVE('',#3627,#3625,#902,.T.);
#4616=EDGE_CURVE('',#3628,#3627,#71,.T.);
#4617=EDGE_CURVE('',#3629,#3628,#903,.T.);
#4618=EDGE_CURVE('',#3629,#3626,#904,.T.);
#4619=EDGE_CURVE('',#3630,#3623,#905,.T.);
#4620=EDGE_CURVE('',#3631,#3630,#906,.T.);
#4621=EDGE_CURVE('',#3632,#3631,#72,.T.);
#4622=EDGE_CURVE('',#3624,#3632,#907,.T.);
#4623=EDGE_CURVE('',#3633,#3621,#908,.T.);
#4624=EDGE_CURVE('',#3634,#3633,#909,.T.);
#4625=EDGE_CURVE('',#3635,#3634,#73,.T.);
#4626=EDGE_CURVE('',#3622,#3635,#910,.T.);
#4627=EDGE_CURVE('',#3636,#3617,#911,.T.);
#4628=EDGE_CURVE('',#3637,#3636,#912,.T.);
#4629=EDGE_CURVE('',#3638,#3637,#74,.T.);
#4630=EDGE_CURVE('',#3619,#3638,#913,.T.);
#4631=EDGE_CURVE('',#3626,#3597,#2986,.T.);
#4632=EDGE_CURVE('',#3629,#3599,#2987,.T.);
#4633=EDGE_CURVE('',#3613,#3633,#2988,.T.);
#4634=EDGE_CURVE('',#3616,#3634,#2989,.T.);
#4635=EDGE_CURVE('',#3608,#3630,#2990,.T.);
#4636=EDGE_CURVE('',#3611,#3631,#2991,.T.);
#4637=EDGE_CURVE('',#3603,#3625,#2992,.T.);
#4638=EDGE_CURVE('',#3606,#3627,#2993,.T.);
#4639=EDGE_CURVE('',#3601,#3637,#2994,.T.);
#4640=EDGE_CURVE('',#3598,#3636,#2995,.T.);
#4641=EDGE_CURVE('',#3615,#3635,#2996,.T.);
#4642=EDGE_CURVE('',#3610,#3632,#2997,.T.);
#4643=EDGE_CURVE('',#3605,#3628,#2998,.T.);
#4644=EDGE_CURVE('',#3600,#3638,#2999,.T.);
#4645=EDGE_CURVE('',#3614,#3622,#3000,.T.);
#4646=EDGE_CURVE('',#3609,#3624,#3001,.T.);
#4647=EDGE_CURVE('',#3604,#3629,#3002,.T.);
#4648=EDGE_CURVE('',#3599,#3619,#3003,.T.);
#4649=EDGE_CURVE('',#3639,#3639,#3004,.T.);
#4650=EDGE_CURVE('',#3639,#3640,#914,.T.);
#4651=EDGE_CURVE('',#3640,#3640,#3005,.T.);
#4652=EDGE_CURVE('',#3641,#3620,#915,.T.);
#4653=EDGE_CURVE('',#3642,#3642,#3006,.T.);
#4654=EDGE_CURVE('',#3642,#3618,#916,.T.);
#4655=EDGE_CURVE('',#3643,#3643,#3007,.T.);
#4656=EDGE_CURVE('',#3644,#3644,#3008,.T.);
#4657=EDGE_CURVE('',#3644,#3643,#917,.T.);
#4658=EDGE_CURVE('',#3645,#3645,#3009,.T.);
#4659=EDGE_CURVE('',#3645,#3646,#918,.T.);
#4660=EDGE_CURVE('',#3646,#3647,#3010,.T.);
#4661=EDGE_CURVE('',#3647,#3646,#3011,.T.);
#4662=EDGE_CURVE('',#3647,#3648,#919,.T.);
#4663=EDGE_CURVE('',#3648,#3649,#3012,.T.);
#4664=EDGE_CURVE('',#3649,#3648,#3013,.T.);
#4665=EDGE_CURVE('',#3649,#3650,#3014,.T.);
#4666=EDGE_CURVE('',#3650,#3651,#3015,.T.);
#4667=EDGE_CURVE('',#3651,#3650,#3016,.T.);
#4668=EDGE_CURVE('',#3651,#3652,#920,.T.);
#4669=EDGE_CURVE('',#3652,#3652,#3017,.T.);
#4670=EDGE_CURVE('',#3653,#3654,#921,.T.);
#4671=EDGE_CURVE('',#3653,#3655,#922,.T.);
#4672=EDGE_CURVE('',#3656,#3655,#923,.T.);
#4673=EDGE_CURVE('',#3657,#3656,#75,.T.);
#4674=EDGE_CURVE('',#3654,#3657,#924,.T.);
#4675=EDGE_CURVE('',#3658,#3659,#925,.T.);
#4676=EDGE_CURVE('',#3658,#3660,#926,.T.);
#4677=EDGE_CURVE('',#3661,#3660,#927,.T.);
#4678=EDGE_CURVE('',#3662,#3661,#76,.T.);
#4679=EDGE_CURVE('',#3659,#3662,#928,.T.);
#4680=EDGE_CURVE('',#3663,#3664,#929,.T.);
#4681=EDGE_CURVE('',#3663,#3665,#930,.T.);
#4682=EDGE_CURVE('',#3666,#3665,#931,.T.);
#4683=EDGE_CURVE('',#3667,#3666,#77,.T.);
#4684=EDGE_CURVE('',#3664,#3667,#932,.T.);
#4685=EDGE_CURVE('',#3668,#3669,#933,.T.);
#4686=EDGE_CURVE('',#3668,#3670,#934,.T.);
#4687=EDGE_CURVE('',#3671,#3670,#935,.T.);
#4688=EDGE_CURVE('',#3672,#3671,#78,.T.);
#4689=EDGE_CURVE('',#3669,#3672,#936,.T.);
#4690=EDGE_CURVE('',#3673,#3674,#937,.T.);
#4691=EDGE_CURVE('',#3675,#3673,#938,.T.);
#4692=EDGE_CURVE('',#3676,#3675,#79,.T.);
#4693=EDGE_CURVE('',#3677,#3676,#939,.T.);
#4694=EDGE_CURVE('',#3677,#3674,#940,.T.);
#4695=EDGE_CURVE('',#3678,#3679,#941,.T.);
#4696=EDGE_CURVE('',#3680,#3678,#942,.T.);
#4697=EDGE_CURVE('',#3681,#3680,#80,.T.);
#4698=EDGE_CURVE('',#3682,#3681,#943,.T.);
#4699=EDGE_CURVE('',#3682,#3679,#944,.T.);
#4700=EDGE_CURVE('',#3683,#3684,#945,.T.);
#4701=EDGE_CURVE('',#3685,#3683,#946,.T.);
#4702=EDGE_CURVE('',#3686,#3685,#81,.T.);
#4703=EDGE_CURVE('',#3687,#3686,#947,.T.);
#4704=EDGE_CURVE('',#3687,#3684,#948,.T.);
#4705=EDGE_CURVE('',#3688,#3689,#949,.T.);
#4706=EDGE_CURVE('',#3690,#3688,#950,.T.);
#4707=EDGE_CURVE('',#3691,#3690,#82,.T.);
#4708=EDGE_CURVE('',#3692,#3691,#951,.T.);
#4709=EDGE_CURVE('',#3692,#3689,#952,.T.);
#4710=EDGE_CURVE('',#3660,#3687,#3018,.T.);
#4711=EDGE_CURVE('',#3693,#3658,#3019,.T.);
#4712=EDGE_CURVE('',#3689,#3693,#3020,.T.);
#4713=EDGE_CURVE('',#3670,#3692,#3021,.T.);
#4714=EDGE_CURVE('',#3674,#3668,#3022,.T.);
#4715=EDGE_CURVE('',#3665,#3677,#3023,.T.);
#4716=EDGE_CURVE('',#3679,#3663,#3024,.T.);
#4717=EDGE_CURVE('',#3655,#3682,#3025,.T.);
#4718=EDGE_CURVE('',#3684,#3653,#3026,.T.);
#4719=EDGE_CURVE('',#3666,#3676,#3027,.T.);
#4720=EDGE_CURVE('',#3671,#3691,#3028,.T.);
#4721=EDGE_CURVE('',#3661,#3686,#3029,.T.);
#4722=EDGE_CURVE('',#3656,#3681,#3030,.T.);
#4723=EDGE_CURVE('',#3675,#3667,#3031,.T.);
#4724=EDGE_CURVE('',#3664,#3673,#3032,.T.);
#4725=EDGE_CURVE('',#3669,#3688,#3033,.T.);
#4726=EDGE_CURVE('',#3690,#3672,#3034,.T.);
#4727=EDGE_CURVE('',#3659,#3683,#3035,.T.);
#4728=EDGE_CURVE('',#3685,#3662,#3036,.T.);
#4729=EDGE_CURVE('',#3680,#3657,#3037,.T.);
#4730=EDGE_CURVE('',#3654,#3678,#3038,.T.);
#4731=EDGE_CURVE('',#3694,#3694,#3039,.T.);
#4732=EDGE_CURVE('',#3694,#3695,#953,.T.);
#4733=EDGE_CURVE('',#3695,#3695,#3040,.T.);
#4734=EDGE_CURVE('',#3696,#3696,#3041,.T.);
#4735=EDGE_CURVE('',#3696,#3693,#954,.T.);
#4736=EDGE_CURVE('',#3697,#3697,#3042,.T.);
#4737=EDGE_CURVE('',#3695,#3697,#955,.T.);
#4738=EDGE_CURVE('',#3698,#3698,#3043,.T.);
#4739=EDGE_CURVE('',#3698,#3699,#956,.T.);
#4740=EDGE_CURVE('',#3699,#3700,#3044,.T.);
#4741=EDGE_CURVE('',#3700,#3699,#3045,.T.);
#4742=EDGE_CURVE('',#3700,#3701,#957,.T.);
#4743=EDGE_CURVE('',#3701,#3701,#3046,.T.);
#4744=EDGE_CURVE('',#3701,#3702,#958,.T.);
#4745=EDGE_CURVE('',#3702,#3703,#3047,.T.);
#4746=EDGE_CURVE('',#3703,#3702,#3048,.T.);
#4747=EDGE_CURVE('',#3703,#3704,#959,.T.);
#4748=EDGE_CURVE('',#3704,#3705,#3049,.T.);
#4749=EDGE_CURVE('',#3705,#3704,#3050,.T.);
#4750=EDGE_CURVE('',#3705,#3706,#3051,.T.);
#4751=EDGE_CURVE('',#3706,#3707,#3052,.T.);
#4752=EDGE_CURVE('',#3707,#3706,#3053,.T.);
#4753=EDGE_CURVE('',#3707,#3708,#960,.T.);
#4754=EDGE_CURVE('',#3708,#3708,#3054,.T.);
#4755=EDGE_CURVE('',#3709,#3710,#961,.T.);
#4756=EDGE_CURVE('',#3709,#3711,#962,.T.);
#4757=EDGE_CURVE('',#3712,#3711,#963,.T.);
#4758=EDGE_CURVE('',#3713,#3712,#83,.T.);
#4759=EDGE_CURVE('',#3710,#3713,#964,.T.);
#4760=EDGE_CURVE('',#3714,#3715,#965,.T.);
#4761=EDGE_CURVE('',#3714,#3716,#966,.T.);
#4762=EDGE_CURVE('',#3717,#3716,#967,.T.);
#4763=EDGE_CURVE('',#3718,#3717,#84,.T.);
#4764=EDGE_CURVE('',#3715,#3718,#968,.T.);
#4765=EDGE_CURVE('',#3719,#3720,#969,.T.);
#4766=EDGE_CURVE('',#3719,#3721,#970,.T.);
#4767=EDGE_CURVE('',#3722,#3721,#971,.T.);
#4768=EDGE_CURVE('',#3723,#3722,#85,.T.);
#4769=EDGE_CURVE('',#3720,#3723,#972,.T.);
#4770=EDGE_CURVE('',#3724,#3725,#973,.T.);
#4771=EDGE_CURVE('',#3724,#3726,#974,.T.);
#4772=EDGE_CURVE('',#3727,#3726,#975,.T.);
#4773=EDGE_CURVE('',#3728,#3727,#86,.T.);
#4774=EDGE_CURVE('',#3725,#3728,#976,.T.);
#4775=EDGE_CURVE('',#3729,#3730,#977,.T.);
#4776=EDGE_CURVE('',#3731,#3729,#978,.T.);
#4777=EDGE_CURVE('',#3732,#3731,#87,.T.);
#4778=EDGE_CURVE('',#3733,#3732,#979,.T.);
#4779=EDGE_CURVE('',#3733,#3730,#980,.T.);
#4780=EDGE_CURVE('',#3734,#3735,#981,.T.);
#4781=EDGE_CURVE('',#3736,#3734,#982,.T.);
#4782=EDGE_CURVE('',#3737,#3736,#88,.T.);
#4783=EDGE_CURVE('',#3738,#3737,#983,.T.);
#4784=EDGE_CURVE('',#3738,#3735,#984,.T.);
#4785=EDGE_CURVE('',#3739,#3740,#985,.T.);
#4786=EDGE_CURVE('',#3741,#3739,#986,.T.);
#4787=EDGE_CURVE('',#3742,#3741,#89,.T.);
#4788=EDGE_CURVE('',#3743,#3742,#987,.T.);
#4789=EDGE_CURVE('',#3743,#3740,#988,.T.);
#4790=EDGE_CURVE('',#3744,#3745,#989,.T.);
#4791=EDGE_CURVE('',#3746,#3744,#990,.T.);
#4792=EDGE_CURVE('',#3747,#3746,#90,.T.);
#4793=EDGE_CURVE('',#3748,#3747,#991,.T.);
#4794=EDGE_CURVE('',#3748,#3745,#992,.T.);
#4795=EDGE_CURVE('',#3716,#3743,#3055,.T.);
#4796=EDGE_CURVE('',#3749,#3714,#3056,.T.);
#4797=EDGE_CURVE('',#3745,#3749,#3057,.T.);
#4798=EDGE_CURVE('',#3726,#3748,#3058,.T.);
#4799=EDGE_CURVE('',#3730,#3724,#3059,.T.);
#4800=EDGE_CURVE('',#3721,#3733,#3060,.T.);
#4801=EDGE_CURVE('',#3735,#3719,#3061,.T.);
#4802=EDGE_CURVE('',#3711,#3738,#3062,.T.);
#4803=EDGE_CURVE('',#3740,#3709,#3063,.T.);
#4804=EDGE_CURVE('',#3722,#3732,#3064,.T.);
#4805=EDGE_CURVE('',#3727,#3747,#3065,.T.);
#4806=EDGE_CURVE('',#3717,#3742,#3066,.T.);
#4807=EDGE_CURVE('',#3712,#3737,#3067,.T.);
#4808=EDGE_CURVE('',#3731,#3723,#3068,.T.);
#4809=EDGE_CURVE('',#3720,#3729,#3069,.T.);
#4810=EDGE_CURVE('',#3725,#3744,#3070,.T.);
#4811=EDGE_CURVE('',#3746,#3728,#3071,.T.);
#4812=EDGE_CURVE('',#3715,#3739,#3072,.T.);
#4813=EDGE_CURVE('',#3741,#3718,#3073,.T.);
#4814=EDGE_CURVE('',#3736,#3713,#3074,.T.);
#4815=EDGE_CURVE('',#3710,#3734,#3075,.T.);
#4816=EDGE_CURVE('',#3750,#3750,#3076,.T.);
#4817=EDGE_CURVE('',#3750,#3751,#993,.T.);
#4818=EDGE_CURVE('',#3751,#3751,#3077,.T.);
#4819=EDGE_CURVE('',#3752,#3752,#3078,.T.);
#4820=EDGE_CURVE('',#3752,#3749,#994,.T.);
#4821=EDGE_CURVE('',#3753,#3753,#3079,.T.);
#4822=EDGE_CURVE('',#3751,#3753,#995,.T.);
#4823=EDGE_CURVE('',#3754,#3754,#3080,.T.);
#4824=EDGE_CURVE('',#3754,#3755,#996,.T.);
#4825=EDGE_CURVE('',#3755,#3756,#3081,.T.);
#4826=EDGE_CURVE('',#3756,#3755,#3082,.T.);
#4827=EDGE_CURVE('',#3756,#3757,#997,.T.);
#4828=EDGE_CURVE('',#3757,#3757,#3083,.T.);
#4829=EDGE_CURVE('',#3757,#3758,#998,.T.);
#4830=EDGE_CURVE('',#3758,#3759,#3084,.T.);
#4831=EDGE_CURVE('',#3759,#3758,#3085,.T.);
#4832=EDGE_CURVE('',#3759,#3760,#999,.T.);
#4833=EDGE_CURVE('',#3760,#3761,#3086,.T.);
#4834=EDGE_CURVE('',#3761,#3760,#3087,.T.);
#4835=EDGE_CURVE('',#3761,#3762,#3088,.T.);
#4836=EDGE_CURVE('',#3762,#3763,#3089,.T.);
#4837=EDGE_CURVE('',#3763,#3762,#3090,.T.);
#4838=EDGE_CURVE('',#3763,#3764,#1000,.T.);
#4839=EDGE_CURVE('',#3764,#3764,#3091,.T.);
#4840=ORIENTED_EDGE('',*,*,#3765,.T.);
#4841=ORIENTED_EDGE('',*,*,#3766,.T.);
#4842=ORIENTED_EDGE('',*,*,#3767,.T.);
#4843=ORIENTED_EDGE('',*,*,#3768,.T.);
#4844=ORIENTED_EDGE('',*,*,#3769,.T.);
#4845=ORIENTED_EDGE('',*,*,#3770,.T.);
#4846=ORIENTED_EDGE('',*,*,#3767,.F.);
#4847=ORIENTED_EDGE('',*,*,#3771,.T.);
#4848=ORIENTED_EDGE('',*,*,#3772,.T.);
#4849=ORIENTED_EDGE('',*,*,#3773,.T.);
#4850=ORIENTED_EDGE('',*,*,#3769,.F.);
#4851=ORIENTED_EDGE('',*,*,#3774,.T.);
#4852=ORIENTED_EDGE('',*,*,#3775,.T.);
#4853=ORIENTED_EDGE('',*,*,#3776,.T.);
#4854=ORIENTED_EDGE('',*,*,#3772,.F.);
#4855=ORIENTED_EDGE('',*,*,#3777,.T.);
#4856=ORIENTED_EDGE('',*,*,#3778,.T.);
#4857=ORIENTED_EDGE('',*,*,#3779,.T.);
#4858=ORIENTED_EDGE('',*,*,#3775,.F.);
#4859=ORIENTED_EDGE('',*,*,#3780,.T.);
#4860=ORIENTED_EDGE('',*,*,#3781,.T.);
#4861=ORIENTED_EDGE('',*,*,#3782,.T.);
#4862=ORIENTED_EDGE('',*,*,#3778,.F.);
#4863=ORIENTED_EDGE('',*,*,#3783,.T.);
#4864=ORIENTED_EDGE('',*,*,#3784,.T.);
#4865=ORIENTED_EDGE('',*,*,#3785,.T.);
#4866=ORIENTED_EDGE('',*,*,#3781,.F.);
#4867=ORIENTED_EDGE('',*,*,#3786,.T.);
#4868=ORIENTED_EDGE('',*,*,#3765,.F.);
#4869=ORIENTED_EDGE('',*,*,#3787,.T.);
#4870=ORIENTED_EDGE('',*,*,#3784,.F.);
#4871=ORIENTED_EDGE('',*,*,#3788,.T.);
#4872=ORIENTED_EDGE('',*,*,#3782,.F.);
#4873=ORIENTED_EDGE('',*,*,#3789,.T.);
#4874=ORIENTED_EDGE('',*,*,#3790,.F.);
#4875=ORIENTED_EDGE('',*,*,#3791,.F.);
#4876=ORIENTED_EDGE('',*,*,#3785,.F.);
#4877=ORIENTED_EDGE('',*,*,#3792,.T.);
#4878=ORIENTED_EDGE('',*,*,#3793,.F.);
#4879=ORIENTED_EDGE('',*,*,#3789,.F.);
#4880=ORIENTED_EDGE('',*,*,#3787,.F.);
#4881=ORIENTED_EDGE('',*,*,#3794,.T.);
#4882=ORIENTED_EDGE('',*,*,#3795,.F.);
#4883=ORIENTED_EDGE('',*,*,#3796,.F.);
#4884=ORIENTED_EDGE('',*,*,#3797,.F.);
#4885=ORIENTED_EDGE('',*,*,#3798,.T.);
#4886=ORIENTED_EDGE('',*,*,#3799,.F.);
#4887=ORIENTED_EDGE('',*,*,#3792,.F.);
#4888=ORIENTED_EDGE('',*,*,#3768,.F.);
#4889=ORIENTED_EDGE('',*,*,#3800,.T.);
#4890=ORIENTED_EDGE('',*,*,#3801,.F.);
#4891=ORIENTED_EDGE('',*,*,#3794,.F.);
#4892=ORIENTED_EDGE('',*,*,#3766,.F.);
#4893=ORIENTED_EDGE('',*,*,#3788,.F.);
#4894=ORIENTED_EDGE('',*,*,#3786,.F.);
#4895=ORIENTED_EDGE('',*,*,#3783,.F.);
#4896=ORIENTED_EDGE('',*,*,#3780,.F.);
#4897=ORIENTED_EDGE('',*,*,#3777,.F.);
#4898=ORIENTED_EDGE('',*,*,#3774,.F.);
#4899=ORIENTED_EDGE('',*,*,#3771,.F.);
#4900=ORIENTED_EDGE('',*,*,#3802,.F.);
#4901=ORIENTED_EDGE('',*,*,#3803,.F.);
#4902=ORIENTED_EDGE('',*,*,#3804,.F.);
#4903=ORIENTED_EDGE('',*,*,#3805,.F.);
#4904=ORIENTED_EDGE('',*,*,#3806,.F.);
#4905=ORIENTED_EDGE('',*,*,#3807,.F.);
#4906=ORIENTED_EDGE('',*,*,#3808,.F.);
#4907=ORIENTED_EDGE('',*,*,#3809,.F.);
#4908=ORIENTED_EDGE('',*,*,#3810,.T.);
#4909=ORIENTED_EDGE('',*,*,#3811,.T.);
#4910=ORIENTED_EDGE('',*,*,#3812,.T.);
#4911=ORIENTED_EDGE('',*,*,#3813,.T.);
#4912=ORIENTED_EDGE('',*,*,#3814,.T.);
#4913=ORIENTED_EDGE('',*,*,#3815,.T.);
#4914=ORIENTED_EDGE('',*,*,#3813,.F.);
#4915=ORIENTED_EDGE('',*,*,#3814,.F.);
#4916=ORIENTED_EDGE('',*,*,#3815,.F.);
#4917=ORIENTED_EDGE('',*,*,#3816,.T.);
#4918=ORIENTED_EDGE('',*,*,#3817,.F.);
#4919=ORIENTED_EDGE('',*,*,#3816,.F.);
#4920=ORIENTED_EDGE('',*,*,#3812,.F.);
#4921=ORIENTED_EDGE('',*,*,#3818,.T.);
#4922=ORIENTED_EDGE('',*,*,#3819,.T.);
#4923=ORIENTED_EDGE('',*,*,#3820,.T.);
#4924=ORIENTED_EDGE('',*,*,#3821,.T.);
#4925=ORIENTED_EDGE('',*,*,#3819,.F.);
#4926=ORIENTED_EDGE('',*,*,#3820,.F.);
#4927=ORIENTED_EDGE('',*,*,#3821,.F.);
#4928=ORIENTED_EDGE('',*,*,#3822,.T.);
#4929=ORIENTED_EDGE('',*,*,#3823,.F.);
#4930=ORIENTED_EDGE('',*,*,#3822,.F.);
#4931=ORIENTED_EDGE('',*,*,#3818,.F.);
#4932=ORIENTED_EDGE('',*,*,#3824,.F.);
#4933=ORIENTED_EDGE('',*,*,#3825,.T.);
#4934=ORIENTED_EDGE('',*,*,#3826,.T.);
#4935=ORIENTED_EDGE('',*,*,#3827,.F.);
#4936=ORIENTED_EDGE('',*,*,#3828,.F.);
#4937=ORIENTED_EDGE('',*,*,#3829,.T.);
#4938=ORIENTED_EDGE('',*,*,#3830,.T.);
#4939=ORIENTED_EDGE('',*,*,#3825,.F.);
#4940=ORIENTED_EDGE('',*,*,#3831,.F.);
#4941=ORIENTED_EDGE('',*,*,#3827,.T.);
#4942=ORIENTED_EDGE('',*,*,#3832,.T.);
#4943=ORIENTED_EDGE('',*,*,#3833,.F.);
#4944=ORIENTED_EDGE('',*,*,#3834,.F.);
#4945=ORIENTED_EDGE('',*,*,#3835,.T.);
#4946=ORIENTED_EDGE('',*,*,#3836,.T.);
#4947=ORIENTED_EDGE('',*,*,#3829,.F.);
#4948=ORIENTED_EDGE('',*,*,#3837,.F.);
#4949=ORIENTED_EDGE('',*,*,#3833,.T.);
#4950=ORIENTED_EDGE('',*,*,#3838,.T.);
#4951=ORIENTED_EDGE('',*,*,#3839,.F.);
#4952=ORIENTED_EDGE('',*,*,#3840,.F.);
#4953=ORIENTED_EDGE('',*,*,#3841,.T.);
#4954=ORIENTED_EDGE('',*,*,#3842,.T.);
#4955=ORIENTED_EDGE('',*,*,#3835,.F.);
#4956=ORIENTED_EDGE('',*,*,#3843,.F.);
#4957=ORIENTED_EDGE('',*,*,#3839,.T.);
#4958=ORIENTED_EDGE('',*,*,#3844,.T.);
#4959=ORIENTED_EDGE('',*,*,#3845,.F.);
#4960=ORIENTED_EDGE('',*,*,#3846,.F.);
#4961=ORIENTED_EDGE('',*,*,#3845,.T.);
#4962=ORIENTED_EDGE('',*,*,#3847,.T.);
#4963=ORIENTED_EDGE('',*,*,#3841,.F.);
#4964=ORIENTED_EDGE('',*,*,#3848,.F.);
#4965=ORIENTED_EDGE('',*,*,#3849,.F.);
#4966=ORIENTED_EDGE('',*,*,#3850,.F.);
#4967=ORIENTED_EDGE('',*,*,#3851,.F.);
#4968=ORIENTED_EDGE('',*,*,#3852,.T.);
#4969=ORIENTED_EDGE('',*,*,#3853,.F.);
#4970=ORIENTED_EDGE('',*,*,#3854,.F.);
#4971=ORIENTED_EDGE('',*,*,#3855,.F.);
#4972=ORIENTED_EDGE('',*,*,#3824,.T.);
#4973=ORIENTED_EDGE('',*,*,#3831,.T.);
#4974=ORIENTED_EDGE('',*,*,#3837,.T.);
#4975=ORIENTED_EDGE('',*,*,#3843,.T.);
#4976=ORIENTED_EDGE('',*,*,#3846,.T.);
#4977=ORIENTED_EDGE('',*,*,#3840,.T.);
#4978=ORIENTED_EDGE('',*,*,#3834,.T.);
#4979=ORIENTED_EDGE('',*,*,#3828,.T.);
#4980=ORIENTED_EDGE('',*,*,#3852,.F.);
#4981=ORIENTED_EDGE('',*,*,#3856,.T.);
#4982=ORIENTED_EDGE('',*,*,#3857,.T.);
#4983=ORIENTED_EDGE('',*,*,#3858,.F.);
#4984=ORIENTED_EDGE('',*,*,#3859,.T.);
#4985=ORIENTED_EDGE('',*,*,#3830,.F.);
#4986=ORIENTED_EDGE('',*,*,#3860,.T.);
#4987=ORIENTED_EDGE('',*,*,#3861,.F.);
#4988=ORIENTED_EDGE('',*,*,#3860,.F.);
#4989=ORIENTED_EDGE('',*,*,#3836,.F.);
#4990=ORIENTED_EDGE('',*,*,#3862,.T.);
#4991=ORIENTED_EDGE('',*,*,#3863,.F.);
#4992=ORIENTED_EDGE('',*,*,#3862,.F.);
#4993=ORIENTED_EDGE('',*,*,#3842,.F.);
#4994=ORIENTED_EDGE('',*,*,#3864,.T.);
#4995=ORIENTED_EDGE('',*,*,#3865,.F.);
#4996=ORIENTED_EDGE('',*,*,#3864,.F.);
#4997=ORIENTED_EDGE('',*,*,#3847,.F.);
#4998=ORIENTED_EDGE('',*,*,#3866,.T.);
#4999=ORIENTED_EDGE('',*,*,#3867,.F.);
#5000=ORIENTED_EDGE('',*,*,#3866,.F.);
#5001=ORIENTED_EDGE('',*,*,#3844,.F.);
#5002=ORIENTED_EDGE('',*,*,#3868,.T.);
#5003=ORIENTED_EDGE('',*,*,#3869,.F.);
#5004=ORIENTED_EDGE('',*,*,#3868,.F.);
#5005=ORIENTED_EDGE('',*,*,#3838,.F.);
#5006=ORIENTED_EDGE('',*,*,#3870,.T.);
#5007=ORIENTED_EDGE('',*,*,#3871,.F.);
#5008=ORIENTED_EDGE('',*,*,#3870,.F.);
#5009=ORIENTED_EDGE('',*,*,#3832,.F.);
#5010=ORIENTED_EDGE('',*,*,#3872,.T.);
#5011=ORIENTED_EDGE('',*,*,#3873,.F.);
#5012=ORIENTED_EDGE('',*,*,#3859,.F.);
#5013=ORIENTED_EDGE('',*,*,#3874,.F.);
#5014=ORIENTED_EDGE('',*,*,#3872,.F.);
#5015=ORIENTED_EDGE('',*,*,#3826,.F.);
#5016=ORIENTED_EDGE('',*,*,#3874,.T.);
#5017=ORIENTED_EDGE('',*,*,#3861,.T.);
#5018=ORIENTED_EDGE('',*,*,#3863,.T.);
#5019=ORIENTED_EDGE('',*,*,#3865,.T.);
#5020=ORIENTED_EDGE('',*,*,#3867,.T.);
#5021=ORIENTED_EDGE('',*,*,#3869,.T.);
#5022=ORIENTED_EDGE('',*,*,#3871,.T.);
#5023=ORIENTED_EDGE('',*,*,#3873,.T.);
#5024=ORIENTED_EDGE('',*,*,#3875,.F.);
#5025=ORIENTED_EDGE('',*,*,#3876,.F.);
#5026=ORIENTED_EDGE('',*,*,#3877,.F.);
#5027=ORIENTED_EDGE('',*,*,#3878,.F.);
#5028=ORIENTED_EDGE('',*,*,#3879,.F.);
#5029=ORIENTED_EDGE('',*,*,#3880,.F.);
#5030=ORIENTED_EDGE('',*,*,#3881,.F.);
#5031=ORIENTED_EDGE('',*,*,#3882,.F.);
#5032=ORIENTED_EDGE('',*,*,#3854,.T.);
#5033=ORIENTED_EDGE('',*,*,#3883,.T.);
#5034=ORIENTED_EDGE('',*,*,#3884,.T.);
#5035=ORIENTED_EDGE('',*,*,#3885,.F.);
#5036=ORIENTED_EDGE('',*,*,#3853,.T.);
#5037=ORIENTED_EDGE('',*,*,#3858,.T.);
#5038=ORIENTED_EDGE('',*,*,#3886,.T.);
#5039=ORIENTED_EDGE('',*,*,#3883,.F.);
#5040=ORIENTED_EDGE('',*,*,#3851,.T.);
#5041=ORIENTED_EDGE('',*,*,#3887,.T.);
#5042=ORIENTED_EDGE('',*,*,#3888,.T.);
#5043=ORIENTED_EDGE('',*,*,#3856,.F.);
#5044=ORIENTED_EDGE('',*,*,#3850,.T.);
#5045=ORIENTED_EDGE('',*,*,#3889,.T.);
#5046=ORIENTED_EDGE('',*,*,#3890,.T.);
#5047=ORIENTED_EDGE('',*,*,#3887,.F.);
#5048=ORIENTED_EDGE('',*,*,#3849,.T.);
#5049=ORIENTED_EDGE('',*,*,#3891,.T.);
#5050=ORIENTED_EDGE('',*,*,#3892,.T.);
#5051=ORIENTED_EDGE('',*,*,#3889,.F.);
#5052=ORIENTED_EDGE('',*,*,#3848,.T.);
#5053=ORIENTED_EDGE('',*,*,#3893,.T.);
#5054=ORIENTED_EDGE('',*,*,#3894,.T.);
#5055=ORIENTED_EDGE('',*,*,#3891,.F.);
#5056=ORIENTED_EDGE('',*,*,#3855,.T.);
#5057=ORIENTED_EDGE('',*,*,#3885,.T.);
#5058=ORIENTED_EDGE('',*,*,#3895,.T.);
#5059=ORIENTED_EDGE('',*,*,#3893,.F.);
#5060=ORIENTED_EDGE('',*,*,#3884,.F.);
#5061=ORIENTED_EDGE('',*,*,#3896,.T.);
#5062=ORIENTED_EDGE('',*,*,#3897,.F.);
#5063=ORIENTED_EDGE('',*,*,#3898,.F.);
#5064=ORIENTED_EDGE('',*,*,#3899,.F.);
#5065=ORIENTED_EDGE('',*,*,#3900,.F.);
#5066=ORIENTED_EDGE('',*,*,#3896,.F.);
#5067=ORIENTED_EDGE('',*,*,#3886,.F.);
#5068=ORIENTED_EDGE('',*,*,#3899,.T.);
#5069=ORIENTED_EDGE('',*,*,#3857,.F.);
#5070=ORIENTED_EDGE('',*,*,#3901,.T.);
#5071=ORIENTED_EDGE('',*,*,#3902,.F.);
#5072=ORIENTED_EDGE('',*,*,#3901,.F.);
#5073=ORIENTED_EDGE('',*,*,#3888,.F.);
#5074=ORIENTED_EDGE('',*,*,#3903,.T.);
#5075=ORIENTED_EDGE('',*,*,#3904,.F.);
#5076=ORIENTED_EDGE('',*,*,#3905,.F.);
#5077=ORIENTED_EDGE('',*,*,#3903,.F.);
#5078=ORIENTED_EDGE('',*,*,#3890,.F.);
#5079=ORIENTED_EDGE('',*,*,#3906,.T.);
#5080=ORIENTED_EDGE('',*,*,#3907,.T.);
#5081=ORIENTED_EDGE('',*,*,#3908,.F.);
#5082=ORIENTED_EDGE('',*,*,#3906,.F.);
#5083=ORIENTED_EDGE('',*,*,#3892,.F.);
#5084=ORIENTED_EDGE('',*,*,#3909,.T.);
#5085=ORIENTED_EDGE('',*,*,#3910,.F.);
#5086=ORIENTED_EDGE('',*,*,#3907,.F.);
#5087=ORIENTED_EDGE('',*,*,#3894,.F.);
#5088=ORIENTED_EDGE('',*,*,#3911,.F.);
#5089=ORIENTED_EDGE('',*,*,#3909,.F.);
#5090=ORIENTED_EDGE('',*,*,#3895,.F.);
#5091=ORIENTED_EDGE('',*,*,#3898,.T.);
#5092=ORIENTED_EDGE('',*,*,#3911,.T.);
#5093=ORIENTED_EDGE('',*,*,#3897,.T.);
#5094=ORIENTED_EDGE('',*,*,#3900,.T.);
#5095=ORIENTED_EDGE('',*,*,#3902,.T.);
#5096=ORIENTED_EDGE('',*,*,#3904,.T.);
#5097=ORIENTED_EDGE('',*,*,#3905,.T.);
#5098=ORIENTED_EDGE('',*,*,#3908,.T.);
#5099=ORIENTED_EDGE('',*,*,#3910,.T.);
#5100=ORIENTED_EDGE('',*,*,#3912,.F.);
#5101=ORIENTED_EDGE('',*,*,#3913,.F.);
#5102=ORIENTED_EDGE('',*,*,#3914,.F.);
#5103=ORIENTED_EDGE('',*,*,#3915,.F.);
#5104=ORIENTED_EDGE('',*,*,#3916,.F.);
#5105=ORIENTED_EDGE('',*,*,#3917,.F.);
#5106=ORIENTED_EDGE('',*,*,#3918,.F.);
#5107=ORIENTED_EDGE('',*,*,#3919,.F.);
#5108=ORIENTED_EDGE('',*,*,#3918,.T.);
#5109=ORIENTED_EDGE('',*,*,#3920,.F.);
#5110=ORIENTED_EDGE('',*,*,#3921,.F.);
#5111=ORIENTED_EDGE('',*,*,#3922,.T.);
#5112=ORIENTED_EDGE('',*,*,#3917,.T.);
#5113=ORIENTED_EDGE('',*,*,#3923,.F.);
#5114=ORIENTED_EDGE('',*,*,#3924,.F.);
#5115=ORIENTED_EDGE('',*,*,#3920,.T.);
#5116=ORIENTED_EDGE('',*,*,#3916,.T.);
#5117=ORIENTED_EDGE('',*,*,#3925,.F.);
#5118=ORIENTED_EDGE('',*,*,#3926,.F.);
#5119=ORIENTED_EDGE('',*,*,#3923,.T.);
#5120=ORIENTED_EDGE('',*,*,#3915,.T.);
#5121=ORIENTED_EDGE('',*,*,#3927,.F.);
#5122=ORIENTED_EDGE('',*,*,#3928,.F.);
#5123=ORIENTED_EDGE('',*,*,#3925,.T.);
#5124=ORIENTED_EDGE('',*,*,#3878,.T.);
#5125=ORIENTED_EDGE('',*,*,#3929,.F.);
#5126=ORIENTED_EDGE('',*,*,#3930,.F.);
#5127=ORIENTED_EDGE('',*,*,#3931,.T.);
#5128=ORIENTED_EDGE('',*,*,#3877,.T.);
#5129=ORIENTED_EDGE('',*,*,#3932,.F.);
#5130=ORIENTED_EDGE('',*,*,#3933,.F.);
#5131=ORIENTED_EDGE('',*,*,#3929,.T.);
#5132=ORIENTED_EDGE('',*,*,#3876,.T.);
#5133=ORIENTED_EDGE('',*,*,#3934,.F.);
#5134=ORIENTED_EDGE('',*,*,#3935,.F.);
#5135=ORIENTED_EDGE('',*,*,#3932,.T.);
#5136=ORIENTED_EDGE('',*,*,#3919,.T.);
#5137=ORIENTED_EDGE('',*,*,#3922,.F.);
#5138=ORIENTED_EDGE('',*,*,#3936,.F.);
#5139=ORIENTED_EDGE('',*,*,#3937,.T.);
#5140=ORIENTED_EDGE('',*,*,#3912,.T.);
#5141=ORIENTED_EDGE('',*,*,#3937,.F.);
#5142=ORIENTED_EDGE('',*,*,#3938,.F.);
#5143=ORIENTED_EDGE('',*,*,#3939,.T.);
#5144=ORIENTED_EDGE('',*,*,#3913,.T.);
#5145=ORIENTED_EDGE('',*,*,#3939,.F.);
#5146=ORIENTED_EDGE('',*,*,#3940,.F.);
#5147=ORIENTED_EDGE('',*,*,#3941,.T.);
#5148=ORIENTED_EDGE('',*,*,#3914,.T.);
#5149=ORIENTED_EDGE('',*,*,#3941,.F.);
#5150=ORIENTED_EDGE('',*,*,#3942,.F.);
#5151=ORIENTED_EDGE('',*,*,#3927,.T.);
#5152=ORIENTED_EDGE('',*,*,#3875,.T.);
#5153=ORIENTED_EDGE('',*,*,#3943,.F.);
#5154=ORIENTED_EDGE('',*,*,#3944,.F.);
#5155=ORIENTED_EDGE('',*,*,#3934,.T.);
#5156=ORIENTED_EDGE('',*,*,#3879,.T.);
#5157=ORIENTED_EDGE('',*,*,#3931,.F.);
#5158=ORIENTED_EDGE('',*,*,#3945,.F.);
#5159=ORIENTED_EDGE('',*,*,#3946,.T.);
#5160=ORIENTED_EDGE('',*,*,#3880,.T.);
#5161=ORIENTED_EDGE('',*,*,#3946,.F.);
#5162=ORIENTED_EDGE('',*,*,#3947,.F.);
#5163=ORIENTED_EDGE('',*,*,#3948,.T.);
#5164=ORIENTED_EDGE('',*,*,#3881,.T.);
#5165=ORIENTED_EDGE('',*,*,#3948,.F.);
#5166=ORIENTED_EDGE('',*,*,#3949,.F.);
#5167=ORIENTED_EDGE('',*,*,#3950,.T.);
#5168=ORIENTED_EDGE('',*,*,#3882,.T.);
#5169=ORIENTED_EDGE('',*,*,#3950,.F.);
#5170=ORIENTED_EDGE('',*,*,#3951,.F.);
#5171=ORIENTED_EDGE('',*,*,#3943,.T.);
#5172=ORIENTED_EDGE('',*,*,#3952,.T.);
#5173=ORIENTED_EDGE('',*,*,#3953,.T.);
#5174=ORIENTED_EDGE('',*,*,#3954,.T.);
#5175=ORIENTED_EDGE('',*,*,#3955,.T.);
#5176=ORIENTED_EDGE('',*,*,#3956,.T.);
#5177=ORIENTED_EDGE('',*,*,#3952,.F.);
#5178=ORIENTED_EDGE('',*,*,#3957,.T.);
#5179=ORIENTED_EDGE('',*,*,#3958,.T.);
#5180=ORIENTED_EDGE('',*,*,#3959,.T.);
#5181=ORIENTED_EDGE('',*,*,#3955,.F.);
#5182=ORIENTED_EDGE('',*,*,#3960,.T.);
#5183=ORIENTED_EDGE('',*,*,#3961,.T.);
#5184=ORIENTED_EDGE('',*,*,#3962,.T.);
#5185=ORIENTED_EDGE('',*,*,#3958,.F.);
#5186=ORIENTED_EDGE('',*,*,#3963,.T.);
#5187=ORIENTED_EDGE('',*,*,#3964,.T.);
#5188=ORIENTED_EDGE('',*,*,#3965,.T.);
#5189=ORIENTED_EDGE('',*,*,#3961,.F.);
#5190=ORIENTED_EDGE('',*,*,#3779,.F.);
#5191=ORIENTED_EDGE('',*,*,#3791,.T.);
#5192=ORIENTED_EDGE('',*,*,#3964,.F.);
#5193=ORIENTED_EDGE('',*,*,#3963,.F.);
#5194=ORIENTED_EDGE('',*,*,#3966,.F.);
#5195=ORIENTED_EDGE('',*,*,#3967,.F.);
#5196=ORIENTED_EDGE('',*,*,#3968,.F.);
#5197=ORIENTED_EDGE('',*,*,#3960,.F.);
#5198=ORIENTED_EDGE('',*,*,#3969,.F.);
#5199=ORIENTED_EDGE('',*,*,#3970,.F.);
#5200=ORIENTED_EDGE('',*,*,#3966,.T.);
#5201=ORIENTED_EDGE('',*,*,#3957,.F.);
#5202=ORIENTED_EDGE('',*,*,#3954,.F.);
#5203=ORIENTED_EDGE('',*,*,#3971,.F.);
#5204=ORIENTED_EDGE('',*,*,#3972,.F.);
#5205=ORIENTED_EDGE('',*,*,#3973,.T.);
#5206=ORIENTED_EDGE('',*,*,#3974,.F.);
#5207=ORIENTED_EDGE('',*,*,#3969,.T.);
#5208=ORIENTED_EDGE('',*,*,#3975,.T.);
#5209=ORIENTED_EDGE('',*,*,#3976,.T.);
#5210=ORIENTED_EDGE('',*,*,#3977,.T.);
#5211=ORIENTED_EDGE('',*,*,#3978,.T.);
#5212=ORIENTED_EDGE('',*,*,#3979,.T.);
#5213=ORIENTED_EDGE('',*,*,#3975,.F.);
#5214=ORIENTED_EDGE('',*,*,#3980,.T.);
#5215=ORIENTED_EDGE('',*,*,#3981,.T.);
#5216=ORIENTED_EDGE('',*,*,#3982,.T.);
#5217=ORIENTED_EDGE('',*,*,#3978,.F.);
#5218=ORIENTED_EDGE('',*,*,#3983,.T.);
#5219=ORIENTED_EDGE('',*,*,#3984,.T.);
#5220=ORIENTED_EDGE('',*,*,#3985,.T.);
#5221=ORIENTED_EDGE('',*,*,#3981,.F.);
#5222=ORIENTED_EDGE('',*,*,#3986,.T.);
#5223=ORIENTED_EDGE('',*,*,#3987,.T.);
#5224=ORIENTED_EDGE('',*,*,#3988,.T.);
#5225=ORIENTED_EDGE('',*,*,#3984,.F.);
#5226=ORIENTED_EDGE('',*,*,#3987,.F.);
#5227=ORIENTED_EDGE('',*,*,#3986,.F.);
#5228=ORIENTED_EDGE('',*,*,#3989,.F.);
#5229=ORIENTED_EDGE('',*,*,#3990,.F.);
#5230=ORIENTED_EDGE('',*,*,#3991,.F.);
#5231=ORIENTED_EDGE('',*,*,#3992,.F.);
#5232=ORIENTED_EDGE('',*,*,#3993,.T.);
#5233=ORIENTED_EDGE('',*,*,#3983,.F.);
#5234=ORIENTED_EDGE('',*,*,#3994,.F.);
#5235=ORIENTED_EDGE('',*,*,#3995,.F.);
#5236=ORIENTED_EDGE('',*,*,#3989,.T.);
#5237=ORIENTED_EDGE('',*,*,#3773,.F.);
#5238=ORIENTED_EDGE('',*,*,#3996,.T.);
#5239=ORIENTED_EDGE('',*,*,#3997,.F.);
#5240=ORIENTED_EDGE('',*,*,#3994,.T.);
#5241=ORIENTED_EDGE('',*,*,#3980,.F.);
#5242=ORIENTED_EDGE('',*,*,#3977,.F.);
#5243=ORIENTED_EDGE('',*,*,#3998,.F.);
#5244=ORIENTED_EDGE('',*,*,#3999,.T.);
#5245=ORIENTED_EDGE('',*,*,#4000,.T.);
#5246=ORIENTED_EDGE('',*,*,#4001,.T.);
#5247=ORIENTED_EDGE('',*,*,#4002,.T.);
#5248=ORIENTED_EDGE('',*,*,#4003,.T.);
#5249=ORIENTED_EDGE('',*,*,#4004,.T.);
#5250=ORIENTED_EDGE('',*,*,#4001,.F.);
#5251=ORIENTED_EDGE('',*,*,#4005,.T.);
#5252=ORIENTED_EDGE('',*,*,#4006,.T.);
#5253=ORIENTED_EDGE('',*,*,#4007,.T.);
#5254=ORIENTED_EDGE('',*,*,#4003,.F.);
#5255=ORIENTED_EDGE('',*,*,#4008,.T.);
#5256=ORIENTED_EDGE('',*,*,#4009,.T.);
#5257=ORIENTED_EDGE('',*,*,#4010,.T.);
#5258=ORIENTED_EDGE('',*,*,#4006,.F.);
#5259=ORIENTED_EDGE('',*,*,#4011,.T.);
#5260=ORIENTED_EDGE('',*,*,#4012,.T.);
#5261=ORIENTED_EDGE('',*,*,#4013,.T.);
#5262=ORIENTED_EDGE('',*,*,#4009,.F.);
#5263=ORIENTED_EDGE('',*,*,#4014,.T.);
#5264=ORIENTED_EDGE('',*,*,#4015,.T.);
#5265=ORIENTED_EDGE('',*,*,#4016,.T.);
#5266=ORIENTED_EDGE('',*,*,#4012,.F.);
#5267=ORIENTED_EDGE('',*,*,#4017,.T.);
#5268=ORIENTED_EDGE('',*,*,#4018,.T.);
#5269=ORIENTED_EDGE('',*,*,#4019,.T.);
#5270=ORIENTED_EDGE('',*,*,#4015,.F.);
#5271=ORIENTED_EDGE('',*,*,#4020,.T.);
#5272=ORIENTED_EDGE('',*,*,#3999,.F.);
#5273=ORIENTED_EDGE('',*,*,#4021,.T.);
#5274=ORIENTED_EDGE('',*,*,#4018,.F.);
#5275=ORIENTED_EDGE('',*,*,#4022,.T.);
#5276=ORIENTED_EDGE('',*,*,#4011,.F.);
#5277=ORIENTED_EDGE('',*,*,#4023,.F.);
#5278=ORIENTED_EDGE('',*,*,#4024,.F.);
#5279=ORIENTED_EDGE('',*,*,#4025,.T.);
#5280=ORIENTED_EDGE('',*,*,#4008,.F.);
#5281=ORIENTED_EDGE('',*,*,#4026,.F.);
#5282=ORIENTED_EDGE('',*,*,#4027,.F.);
#5283=ORIENTED_EDGE('',*,*,#4023,.T.);
#5284=ORIENTED_EDGE('',*,*,#4005,.F.);
#5285=ORIENTED_EDGE('',*,*,#4028,.F.);
#5286=ORIENTED_EDGE('',*,*,#4029,.F.);
#5287=ORIENTED_EDGE('',*,*,#4026,.T.);
#5288=ORIENTED_EDGE('',*,*,#4000,.F.);
#5289=ORIENTED_EDGE('',*,*,#4030,.F.);
#5290=ORIENTED_EDGE('',*,*,#4031,.F.);
#5291=ORIENTED_EDGE('',*,*,#4028,.T.);
#5292=ORIENTED_EDGE('',*,*,#4002,.F.);
#5293=ORIENTED_EDGE('',*,*,#4004,.F.);
#5294=ORIENTED_EDGE('',*,*,#4007,.F.);
#5295=ORIENTED_EDGE('',*,*,#4010,.F.);
#5296=ORIENTED_EDGE('',*,*,#4013,.F.);
#5297=ORIENTED_EDGE('',*,*,#4016,.F.);
#5298=ORIENTED_EDGE('',*,*,#4019,.F.);
#5299=ORIENTED_EDGE('',*,*,#4021,.F.);
#5300=ORIENTED_EDGE('',*,*,#3926,.T.);
#5301=ORIENTED_EDGE('',*,*,#3928,.T.);
#5302=ORIENTED_EDGE('',*,*,#3942,.T.);
#5303=ORIENTED_EDGE('',*,*,#3940,.T.);
#5304=ORIENTED_EDGE('',*,*,#3938,.T.);
#5305=ORIENTED_EDGE('',*,*,#3936,.T.);
#5306=ORIENTED_EDGE('',*,*,#3921,.T.);
#5307=ORIENTED_EDGE('',*,*,#3924,.T.);
#5308=ORIENTED_EDGE('',*,*,#4032,.T.);
#5309=ORIENTED_EDGE('',*,*,#4033,.T.);
#5310=ORIENTED_EDGE('',*,*,#4034,.T.);
#5311=ORIENTED_EDGE('',*,*,#4035,.T.);
#5312=ORIENTED_EDGE('',*,*,#4036,.T.);
#5313=ORIENTED_EDGE('',*,*,#4037,.T.);
#5314=ORIENTED_EDGE('',*,*,#4034,.F.);
#5315=ORIENTED_EDGE('',*,*,#4038,.T.);
#5316=ORIENTED_EDGE('',*,*,#4039,.T.);
#5317=ORIENTED_EDGE('',*,*,#4040,.T.);
#5318=ORIENTED_EDGE('',*,*,#4036,.F.);
#5319=ORIENTED_EDGE('',*,*,#4041,.T.);
#5320=ORIENTED_EDGE('',*,*,#4042,.T.);
#5321=ORIENTED_EDGE('',*,*,#4043,.T.);
#5322=ORIENTED_EDGE('',*,*,#4039,.F.);
#5323=ORIENTED_EDGE('',*,*,#4044,.T.);
#5324=ORIENTED_EDGE('',*,*,#4045,.T.);
#5325=ORIENTED_EDGE('',*,*,#4046,.T.);
#5326=ORIENTED_EDGE('',*,*,#4042,.F.);
#5327=ORIENTED_EDGE('',*,*,#4047,.T.);
#5328=ORIENTED_EDGE('',*,*,#4048,.T.);
#5329=ORIENTED_EDGE('',*,*,#4049,.T.);
#5330=ORIENTED_EDGE('',*,*,#4045,.F.);
#5331=ORIENTED_EDGE('',*,*,#4050,.T.);
#5332=ORIENTED_EDGE('',*,*,#4051,.T.);
#5333=ORIENTED_EDGE('',*,*,#4052,.T.);
#5334=ORIENTED_EDGE('',*,*,#4048,.F.);
#5335=ORIENTED_EDGE('',*,*,#4053,.T.);
#5336=ORIENTED_EDGE('',*,*,#4032,.F.);
#5337=ORIENTED_EDGE('',*,*,#4054,.T.);
#5338=ORIENTED_EDGE('',*,*,#4051,.F.);
#5339=ORIENTED_EDGE('',*,*,#4055,.T.);
#5340=ORIENTED_EDGE('',*,*,#4044,.F.);
#5341=ORIENTED_EDGE('',*,*,#4056,.F.);
#5342=ORIENTED_EDGE('',*,*,#4057,.F.);
#5343=ORIENTED_EDGE('',*,*,#4058,.T.);
#5344=ORIENTED_EDGE('',*,*,#4041,.F.);
#5345=ORIENTED_EDGE('',*,*,#4059,.F.);
#5346=ORIENTED_EDGE('',*,*,#4060,.F.);
#5347=ORIENTED_EDGE('',*,*,#4056,.T.);
#5348=ORIENTED_EDGE('',*,*,#4038,.F.);
#5349=ORIENTED_EDGE('',*,*,#4061,.F.);
#5350=ORIENTED_EDGE('',*,*,#4062,.F.);
#5351=ORIENTED_EDGE('',*,*,#4059,.T.);
#5352=ORIENTED_EDGE('',*,*,#4033,.F.);
#5353=ORIENTED_EDGE('',*,*,#4063,.F.);
#5354=ORIENTED_EDGE('',*,*,#4064,.F.);
#5355=ORIENTED_EDGE('',*,*,#4061,.T.);
#5356=ORIENTED_EDGE('',*,*,#4035,.F.);
#5357=ORIENTED_EDGE('',*,*,#4037,.F.);
#5358=ORIENTED_EDGE('',*,*,#4040,.F.);
#5359=ORIENTED_EDGE('',*,*,#4043,.F.);
#5360=ORIENTED_EDGE('',*,*,#4046,.F.);
#5361=ORIENTED_EDGE('',*,*,#4049,.F.);
#5362=ORIENTED_EDGE('',*,*,#4052,.F.);
#5363=ORIENTED_EDGE('',*,*,#4054,.F.);
#5364=ORIENTED_EDGE('',*,*,#3944,.T.);
#5365=ORIENTED_EDGE('',*,*,#3951,.T.);
#5366=ORIENTED_EDGE('',*,*,#3949,.T.);
#5367=ORIENTED_EDGE('',*,*,#3947,.T.);
#5368=ORIENTED_EDGE('',*,*,#3945,.T.);
#5369=ORIENTED_EDGE('',*,*,#3930,.T.);
#5370=ORIENTED_EDGE('',*,*,#3933,.T.);
#5371=ORIENTED_EDGE('',*,*,#3935,.T.);
#5372=ORIENTED_EDGE('',*,*,#4065,.T.);
#5373=ORIENTED_EDGE('',*,*,#4066,.T.);
#5374=ORIENTED_EDGE('',*,*,#4067,.T.);
#5375=ORIENTED_EDGE('',*,*,#3802,.T.);
#5376=ORIENTED_EDGE('',*,*,#4068,.T.);
#5377=ORIENTED_EDGE('',*,*,#3803,.T.);
#5378=ORIENTED_EDGE('',*,*,#4067,.F.);
#5379=ORIENTED_EDGE('',*,*,#4069,.T.);
#5380=ORIENTED_EDGE('',*,*,#4070,.T.);
#5381=ORIENTED_EDGE('',*,*,#3804,.T.);
#5382=ORIENTED_EDGE('',*,*,#4068,.F.);
#5383=ORIENTED_EDGE('',*,*,#4071,.T.);
#5384=ORIENTED_EDGE('',*,*,#4072,.T.);
#5385=ORIENTED_EDGE('',*,*,#3805,.T.);
#5386=ORIENTED_EDGE('',*,*,#4070,.F.);
#5387=ORIENTED_EDGE('',*,*,#4057,.T.);
#5388=ORIENTED_EDGE('',*,*,#4073,.T.);
#5389=ORIENTED_EDGE('',*,*,#3806,.T.);
#5390=ORIENTED_EDGE('',*,*,#4072,.F.);
#5391=ORIENTED_EDGE('',*,*,#4060,.T.);
#5392=ORIENTED_EDGE('',*,*,#4074,.T.);
#5393=ORIENTED_EDGE('',*,*,#3807,.T.);
#5394=ORIENTED_EDGE('',*,*,#4073,.F.);
#5395=ORIENTED_EDGE('',*,*,#4062,.T.);
#5396=ORIENTED_EDGE('',*,*,#4075,.T.);
#5397=ORIENTED_EDGE('',*,*,#3808,.T.);
#5398=ORIENTED_EDGE('',*,*,#4074,.F.);
#5399=ORIENTED_EDGE('',*,*,#4064,.T.);
#5400=ORIENTED_EDGE('',*,*,#4065,.F.);
#5401=ORIENTED_EDGE('',*,*,#3809,.T.);
#5402=ORIENTED_EDGE('',*,*,#4075,.F.);
#5403=ORIENTED_EDGE('',*,*,#4076,.T.);
#5404=ORIENTED_EDGE('',*,*,#4047,.F.);
#5405=ORIENTED_EDGE('',*,*,#4058,.F.);
#5406=ORIENTED_EDGE('',*,*,#4071,.F.);
#5407=ORIENTED_EDGE('',*,*,#4077,.T.);
#5408=ORIENTED_EDGE('',*,*,#4050,.F.);
#5409=ORIENTED_EDGE('',*,*,#4077,.F.);
#5410=ORIENTED_EDGE('',*,*,#4069,.F.);
#5411=ORIENTED_EDGE('',*,*,#4078,.T.);
#5412=ORIENTED_EDGE('',*,*,#4053,.F.);
#5413=ORIENTED_EDGE('',*,*,#4078,.F.);
#5414=ORIENTED_EDGE('',*,*,#4066,.F.);
#5415=ORIENTED_EDGE('',*,*,#4079,.T.);
#5416=ORIENTED_EDGE('',*,*,#4080,.T.);
#5417=ORIENTED_EDGE('',*,*,#4081,.T.);
#5418=ORIENTED_EDGE('',*,*,#4082,.T.);
#5419=ORIENTED_EDGE('',*,*,#4083,.T.);
#5420=ORIENTED_EDGE('',*,*,#4084,.T.);
#5421=ORIENTED_EDGE('',*,*,#4085,.T.);
#5422=ORIENTED_EDGE('',*,*,#4082,.F.);
#5423=ORIENTED_EDGE('',*,*,#4086,.T.);
#5424=ORIENTED_EDGE('',*,*,#4087,.T.);
#5425=ORIENTED_EDGE('',*,*,#4088,.T.);
#5426=ORIENTED_EDGE('',*,*,#4084,.F.);
#5427=ORIENTED_EDGE('',*,*,#4089,.T.);
#5428=ORIENTED_EDGE('',*,*,#4090,.T.);
#5429=ORIENTED_EDGE('',*,*,#4091,.T.);
#5430=ORIENTED_EDGE('',*,*,#4087,.F.);
#5431=ORIENTED_EDGE('',*,*,#4024,.T.);
#5432=ORIENTED_EDGE('',*,*,#4092,.T.);
#5433=ORIENTED_EDGE('',*,*,#4093,.T.);
#5434=ORIENTED_EDGE('',*,*,#4090,.F.);
#5435=ORIENTED_EDGE('',*,*,#4027,.T.);
#5436=ORIENTED_EDGE('',*,*,#4094,.T.);
#5437=ORIENTED_EDGE('',*,*,#4095,.T.);
#5438=ORIENTED_EDGE('',*,*,#4092,.F.);
#5439=ORIENTED_EDGE('',*,*,#4029,.T.);
#5440=ORIENTED_EDGE('',*,*,#4096,.T.);
#5441=ORIENTED_EDGE('',*,*,#4097,.T.);
#5442=ORIENTED_EDGE('',*,*,#4094,.F.);
#5443=ORIENTED_EDGE('',*,*,#4031,.T.);
#5444=ORIENTED_EDGE('',*,*,#4080,.F.);
#5445=ORIENTED_EDGE('',*,*,#4098,.T.);
#5446=ORIENTED_EDGE('',*,*,#4096,.F.);
#5447=ORIENTED_EDGE('',*,*,#4099,.T.);
#5448=ORIENTED_EDGE('',*,*,#4014,.F.);
#5449=ORIENTED_EDGE('',*,*,#4025,.F.);
#5450=ORIENTED_EDGE('',*,*,#4089,.F.);
#5451=ORIENTED_EDGE('',*,*,#4100,.T.);
#5452=ORIENTED_EDGE('',*,*,#4017,.F.);
#5453=ORIENTED_EDGE('',*,*,#4100,.F.);
#5454=ORIENTED_EDGE('',*,*,#4086,.F.);
#5455=ORIENTED_EDGE('',*,*,#4101,.T.);
#5456=ORIENTED_EDGE('',*,*,#4020,.F.);
#5457=ORIENTED_EDGE('',*,*,#4101,.F.);
#5458=ORIENTED_EDGE('',*,*,#4081,.F.);
#5459=ORIENTED_EDGE('',*,*,#4102,.T.);
#5460=ORIENTED_EDGE('',*,*,#3972,.T.);
#5461=ORIENTED_EDGE('',*,*,#4103,.T.);
#5462=ORIENTED_EDGE('',*,*,#4104,.T.);
#5463=ORIENTED_EDGE('',*,*,#3797,.T.);
#5464=ORIENTED_EDGE('',*,*,#4105,.T.);
#5465=ORIENTED_EDGE('',*,*,#4106,.T.);
#5466=ORIENTED_EDGE('',*,*,#3992,.T.);
#5467=ORIENTED_EDGE('',*,*,#4107,.T.);
#5468=ORIENTED_EDGE('',*,*,#4083,.F.);
#5469=ORIENTED_EDGE('',*,*,#4085,.F.);
#5470=ORIENTED_EDGE('',*,*,#4088,.F.);
#5471=ORIENTED_EDGE('',*,*,#4091,.F.);
#5472=ORIENTED_EDGE('',*,*,#4093,.F.);
#5473=ORIENTED_EDGE('',*,*,#4095,.F.);
#5474=ORIENTED_EDGE('',*,*,#4097,.F.);
#5475=ORIENTED_EDGE('',*,*,#4098,.F.);
#5476=ORIENTED_EDGE('',*,*,#4108,.T.);
#5477=ORIENTED_EDGE('',*,*,#3974,.T.);
#5478=ORIENTED_EDGE('',*,*,#4109,.T.);
#5479=ORIENTED_EDGE('',*,*,#4110,.T.);
#5480=ORIENTED_EDGE('',*,*,#4111,.T.);
#5481=ORIENTED_EDGE('',*,*,#4112,.T.);
#5482=ORIENTED_EDGE('',*,*,#4109,.F.);
#5483=ORIENTED_EDGE('',*,*,#4113,.T.);
#5484=ORIENTED_EDGE('',*,*,#4114,.T.);
#5485=ORIENTED_EDGE('',*,*,#4115,.T.);
#5486=ORIENTED_EDGE('',*,*,#4111,.F.);
#5487=ORIENTED_EDGE('',*,*,#3967,.T.);
#5488=ORIENTED_EDGE('',*,*,#4108,.F.);
#5489=ORIENTED_EDGE('',*,*,#4116,.T.);
#5490=ORIENTED_EDGE('',*,*,#4114,.F.);
#5491=ORIENTED_EDGE('',*,*,#3970,.T.);
#5492=ORIENTED_EDGE('',*,*,#3776,.F.);
#5493=ORIENTED_EDGE('',*,*,#3968,.T.);
#5494=ORIENTED_EDGE('',*,*,#4113,.F.);
#5495=ORIENTED_EDGE('',*,*,#3973,.F.);
#5496=ORIENTED_EDGE('',*,*,#4107,.F.);
#5497=ORIENTED_EDGE('',*,*,#3991,.T.);
#5498=ORIENTED_EDGE('',*,*,#4117,.F.);
#5499=ORIENTED_EDGE('',*,*,#3996,.F.);
#5500=ORIENTED_EDGE('',*,*,#3823,.T.);
#5501=ORIENTED_EDGE('',*,*,#3817,.T.);
#5502=ORIENTED_EDGE('',*,*,#4110,.F.);
#5503=ORIENTED_EDGE('',*,*,#4112,.F.);
#5504=ORIENTED_EDGE('',*,*,#4115,.F.);
#5505=ORIENTED_EDGE('',*,*,#4116,.F.);
#5506=ORIENTED_EDGE('',*,*,#4118,.T.);
#5507=ORIENTED_EDGE('',*,*,#3997,.T.);
#5508=ORIENTED_EDGE('',*,*,#4119,.T.);
#5509=ORIENTED_EDGE('',*,*,#4120,.T.);
#5510=ORIENTED_EDGE('',*,*,#4121,.T.);
#5511=ORIENTED_EDGE('',*,*,#4122,.T.);
#5512=ORIENTED_EDGE('',*,*,#4119,.F.);
#5513=ORIENTED_EDGE('',*,*,#4117,.T.);
#5514=ORIENTED_EDGE('',*,*,#4123,.T.);
#5515=ORIENTED_EDGE('',*,*,#4124,.T.);
#5516=ORIENTED_EDGE('',*,*,#4121,.F.);
#5517=ORIENTED_EDGE('',*,*,#3990,.T.);
#5518=ORIENTED_EDGE('',*,*,#4118,.F.);
#5519=ORIENTED_EDGE('',*,*,#4125,.T.);
#5520=ORIENTED_EDGE('',*,*,#4123,.F.);
#5521=ORIENTED_EDGE('',*,*,#3995,.T.);
#5522=ORIENTED_EDGE('',*,*,#4120,.F.);
#5523=ORIENTED_EDGE('',*,*,#4122,.F.);
#5524=ORIENTED_EDGE('',*,*,#4124,.F.);
#5525=ORIENTED_EDGE('',*,*,#4125,.F.);
#5526=ORIENTED_EDGE('',*,*,#3965,.F.);
#5527=ORIENTED_EDGE('',*,*,#3790,.T.);
#5528=ORIENTED_EDGE('',*,*,#4126,.T.);
#5529=ORIENTED_EDGE('',*,*,#4127,.T.);
#5530=ORIENTED_EDGE('',*,*,#4128,.T.);
#5531=ORIENTED_EDGE('',*,*,#4129,.T.);
#5532=ORIENTED_EDGE('',*,*,#4126,.F.);
#5533=ORIENTED_EDGE('',*,*,#3793,.T.);
#5534=ORIENTED_EDGE('',*,*,#4130,.T.);
#5535=ORIENTED_EDGE('',*,*,#4131,.T.);
#5536=ORIENTED_EDGE('',*,*,#4128,.F.);
#5537=ORIENTED_EDGE('',*,*,#3799,.T.);
#5538=ORIENTED_EDGE('',*,*,#4132,.T.);
#5539=ORIENTED_EDGE('',*,*,#4133,.T.);
#5540=ORIENTED_EDGE('',*,*,#4130,.F.);
#5541=ORIENTED_EDGE('',*,*,#4134,.T.);
#5542=ORIENTED_EDGE('',*,*,#3953,.F.);
#5543=ORIENTED_EDGE('',*,*,#4135,.T.);
#5544=ORIENTED_EDGE('',*,*,#4132,.F.);
#5545=ORIENTED_EDGE('',*,*,#4136,.T.);
#5546=ORIENTED_EDGE('',*,*,#4136,.F.);
#5547=ORIENTED_EDGE('',*,*,#4137,.F.);
#5548=ORIENTED_EDGE('',*,*,#4103,.F.);
#5549=ORIENTED_EDGE('',*,*,#3971,.T.);
#5550=ORIENTED_EDGE('',*,*,#4134,.F.);
#5551=ORIENTED_EDGE('',*,*,#3798,.F.);
#5552=ORIENTED_EDGE('',*,*,#4104,.F.);
#5553=ORIENTED_EDGE('',*,*,#4137,.T.);
#5554=ORIENTED_EDGE('',*,*,#3988,.F.);
#5555=ORIENTED_EDGE('',*,*,#4138,.T.);
#5556=ORIENTED_EDGE('',*,*,#4139,.T.);
#5557=ORIENTED_EDGE('',*,*,#4140,.T.);
#5558=ORIENTED_EDGE('',*,*,#4141,.T.);
#5559=ORIENTED_EDGE('',*,*,#4142,.T.);
#5560=ORIENTED_EDGE('',*,*,#4139,.F.);
#5561=ORIENTED_EDGE('',*,*,#4143,.T.);
#5562=ORIENTED_EDGE('',*,*,#4144,.T.);
#5563=ORIENTED_EDGE('',*,*,#4145,.T.);
#5564=ORIENTED_EDGE('',*,*,#4141,.F.);
#5565=ORIENTED_EDGE('',*,*,#3795,.T.);
#5566=ORIENTED_EDGE('',*,*,#4146,.T.);
#5567=ORIENTED_EDGE('',*,*,#4147,.T.);
#5568=ORIENTED_EDGE('',*,*,#4144,.F.);
#5569=ORIENTED_EDGE('',*,*,#3801,.T.);
#5570=ORIENTED_EDGE('',*,*,#3976,.F.);
#5571=ORIENTED_EDGE('',*,*,#4148,.T.);
#5572=ORIENTED_EDGE('',*,*,#4146,.F.);
#5573=ORIENTED_EDGE('',*,*,#4149,.T.);
#5574=ORIENTED_EDGE('',*,*,#3770,.F.);
#5575=ORIENTED_EDGE('',*,*,#3998,.T.);
#5576=ORIENTED_EDGE('',*,*,#4149,.F.);
#5577=ORIENTED_EDGE('',*,*,#3800,.F.);
#5578=ORIENTED_EDGE('',*,*,#4143,.F.);
#5579=ORIENTED_EDGE('',*,*,#4150,.F.);
#5580=ORIENTED_EDGE('',*,*,#4105,.F.);
#5581=ORIENTED_EDGE('',*,*,#3796,.T.);
#5582=ORIENTED_EDGE('',*,*,#4138,.F.);
#5583=ORIENTED_EDGE('',*,*,#3993,.F.);
#5584=ORIENTED_EDGE('',*,*,#4106,.F.);
#5585=ORIENTED_EDGE('',*,*,#4150,.T.);
#5586=ORIENTED_EDGE('',*,*,#3810,.F.);
#5587=ORIENTED_EDGE('',*,*,#4151,.T.);
#5588=ORIENTED_EDGE('',*,*,#4152,.F.);
#5589=ORIENTED_EDGE('',*,*,#4151,.F.);
#5590=ORIENTED_EDGE('',*,*,#3811,.F.);
#5591=ORIENTED_EDGE('',*,*,#4153,.T.);
#5592=ORIENTED_EDGE('',*,*,#4154,.F.);
#5593=ORIENTED_EDGE('',*,*,#4153,.F.);
#5594=ORIENTED_EDGE('',*,*,#3985,.F.);
#5595=ORIENTED_EDGE('',*,*,#4140,.F.);
#5596=ORIENTED_EDGE('',*,*,#4142,.F.);
#5597=ORIENTED_EDGE('',*,*,#4145,.F.);
#5598=ORIENTED_EDGE('',*,*,#4147,.F.);
#5599=ORIENTED_EDGE('',*,*,#4148,.F.);
#5600=ORIENTED_EDGE('',*,*,#3979,.F.);
#5601=ORIENTED_EDGE('',*,*,#3982,.F.);
#5602=ORIENTED_EDGE('',*,*,#4154,.T.);
#5603=ORIENTED_EDGE('',*,*,#3962,.F.);
#5604=ORIENTED_EDGE('',*,*,#4127,.F.);
#5605=ORIENTED_EDGE('',*,*,#4129,.F.);
#5606=ORIENTED_EDGE('',*,*,#4131,.F.);
#5607=ORIENTED_EDGE('',*,*,#4133,.F.);
#5608=ORIENTED_EDGE('',*,*,#4135,.F.);
#5609=ORIENTED_EDGE('',*,*,#3956,.F.);
#5610=ORIENTED_EDGE('',*,*,#3959,.F.);
#5611=ORIENTED_EDGE('',*,*,#4152,.T.);
#5612=ORIENTED_EDGE('',*,*,#4022,.F.);
#5613=ORIENTED_EDGE('',*,*,#4102,.F.);
#5614=ORIENTED_EDGE('',*,*,#4099,.F.);
#5615=ORIENTED_EDGE('',*,*,#4030,.T.);
#5616=ORIENTED_EDGE('',*,*,#4055,.F.);
#5617=ORIENTED_EDGE('',*,*,#4079,.F.);
#5618=ORIENTED_EDGE('',*,*,#4076,.F.);
#5619=ORIENTED_EDGE('',*,*,#4063,.T.);
#5620=ORIENTED_EDGE('',*,*,#4155,.T.);
#5621=ORIENTED_EDGE('',*,*,#4156,.T.);
#5622=ORIENTED_EDGE('',*,*,#4156,.F.);
#5623=ORIENTED_EDGE('',*,*,#4157,.F.);
#5624=ORIENTED_EDGE('',*,*,#4158,.T.);
#5625=ORIENTED_EDGE('',*,*,#4159,.F.);
#5626=ORIENTED_EDGE('',*,*,#4158,.F.);
#5627=ORIENTED_EDGE('',*,*,#4159,.T.);
#5628=ORIENTED_EDGE('',*,*,#4160,.T.);
#5629=ORIENTED_EDGE('',*,*,#4155,.F.);
#5630=ORIENTED_EDGE('',*,*,#4160,.F.);
#5631=ORIENTED_EDGE('',*,*,#4161,.T.);
#5632=ORIENTED_EDGE('',*,*,#4162,.F.);
#5633=ORIENTED_EDGE('',*,*,#4163,.T.);
#5634=ORIENTED_EDGE('',*,*,#4164,.T.);
#5635=ORIENTED_EDGE('',*,*,#4165,.F.);
#5636=ORIENTED_EDGE('',*,*,#4164,.F.);
#5637=ORIENTED_EDGE('',*,*,#4166,.T.);
#5638=ORIENTED_EDGE('',*,*,#4167,.F.);
#5639=ORIENTED_EDGE('',*,*,#4168,.T.);
#5640=ORIENTED_EDGE('',*,*,#4169,.F.);
#5641=ORIENTED_EDGE('',*,*,#4170,.T.);
#5642=ORIENTED_EDGE('',*,*,#4171,.F.);
#5643=ORIENTED_EDGE('',*,*,#4172,.T.);
#5644=ORIENTED_EDGE('',*,*,#4173,.F.);
#5645=ORIENTED_EDGE('',*,*,#4174,.T.);
#5646=ORIENTED_EDGE('',*,*,#4175,.F.);
#5647=ORIENTED_EDGE('',*,*,#4176,.F.);
#5648=ORIENTED_EDGE('',*,*,#4177,.T.);
#5649=ORIENTED_EDGE('',*,*,#4178,.T.);
#5650=ORIENTED_EDGE('',*,*,#4179,.F.);
#5651=ORIENTED_EDGE('',*,*,#4180,.T.);
#5652=ORIENTED_EDGE('',*,*,#4181,.F.);
#5653=ORIENTED_EDGE('',*,*,#4182,.T.);
#5654=ORIENTED_EDGE('',*,*,#4183,.F.);
#5655=ORIENTED_EDGE('',*,*,#4184,.T.);
#5656=ORIENTED_EDGE('',*,*,#4185,.F.);
#5657=ORIENTED_EDGE('',*,*,#4186,.T.);
#5658=ORIENTED_EDGE('',*,*,#4187,.F.);
#5659=ORIENTED_EDGE('',*,*,#4188,.T.);
#5660=ORIENTED_EDGE('',*,*,#4189,.F.);
#5661=ORIENTED_EDGE('',*,*,#4190,.T.);
#5662=ORIENTED_EDGE('',*,*,#4177,.F.);
#5663=ORIENTED_EDGE('',*,*,#4169,.T.);
#5664=ORIENTED_EDGE('',*,*,#4191,.F.);
#5665=ORIENTED_EDGE('',*,*,#4187,.T.);
#5666=ORIENTED_EDGE('',*,*,#4192,.F.);
#5667=ORIENTED_EDGE('',*,*,#4168,.F.);
#5668=ORIENTED_EDGE('',*,*,#4193,.T.);
#5669=ORIENTED_EDGE('',*,*,#4188,.F.);
#5670=ORIENTED_EDGE('',*,*,#4191,.T.);
#5671=ORIENTED_EDGE('',*,*,#4167,.T.);
#5672=ORIENTED_EDGE('',*,*,#4194,.F.);
#5673=ORIENTED_EDGE('',*,*,#4189,.T.);
#5674=ORIENTED_EDGE('',*,*,#4193,.F.);
#5675=ORIENTED_EDGE('',*,*,#4163,.F.);
#5676=ORIENTED_EDGE('',*,*,#4195,.T.);
#5677=ORIENTED_EDGE('',*,*,#4178,.F.);
#5678=ORIENTED_EDGE('',*,*,#4190,.F.);
#5679=ORIENTED_EDGE('',*,*,#4194,.T.);
#5680=ORIENTED_EDGE('',*,*,#4166,.F.);
#5681=ORIENTED_EDGE('',*,*,#4162,.T.);
#5682=ORIENTED_EDGE('',*,*,#4196,.F.);
#5683=ORIENTED_EDGE('',*,*,#4179,.T.);
#5684=ORIENTED_EDGE('',*,*,#4195,.F.);
#5685=ORIENTED_EDGE('',*,*,#4161,.F.);
#5686=ORIENTED_EDGE('',*,*,#4197,.T.);
#5687=ORIENTED_EDGE('',*,*,#4180,.F.);
#5688=ORIENTED_EDGE('',*,*,#4196,.T.);
#5689=ORIENTED_EDGE('',*,*,#4165,.T.);
#5690=ORIENTED_EDGE('',*,*,#4198,.F.);
#5691=ORIENTED_EDGE('',*,*,#4170,.F.);
#5692=ORIENTED_EDGE('',*,*,#4192,.T.);
#5693=ORIENTED_EDGE('',*,*,#4186,.F.);
#5694=ORIENTED_EDGE('',*,*,#4199,.T.);
#5695=ORIENTED_EDGE('',*,*,#4172,.F.);
#5696=ORIENTED_EDGE('',*,*,#4200,.T.);
#5697=ORIENTED_EDGE('',*,*,#4184,.F.);
#5698=ORIENTED_EDGE('',*,*,#4201,.T.);
#5699=ORIENTED_EDGE('',*,*,#4173,.T.);
#5700=ORIENTED_EDGE('',*,*,#4201,.F.);
#5701=ORIENTED_EDGE('',*,*,#4183,.T.);
#5702=ORIENTED_EDGE('',*,*,#4202,.F.);
#5703=ORIENTED_EDGE('',*,*,#4174,.F.);
#5704=ORIENTED_EDGE('',*,*,#4202,.T.);
#5705=ORIENTED_EDGE('',*,*,#4182,.F.);
#5706=ORIENTED_EDGE('',*,*,#4203,.T.);
#5707=ORIENTED_EDGE('',*,*,#4204,.T.);
#5708=ORIENTED_EDGE('',*,*,#4205,.T.);
#5709=ORIENTED_EDGE('',*,*,#4206,.T.);
#5710=ORIENTED_EDGE('',*,*,#4198,.T.);
#5711=ORIENTED_EDGE('',*,*,#4206,.F.);
#5712=ORIENTED_EDGE('',*,*,#4207,.F.);
#5713=ORIENTED_EDGE('',*,*,#4208,.F.);
#5714=ORIENTED_EDGE('',*,*,#4209,.T.);
#5715=ORIENTED_EDGE('',*,*,#4204,.F.);
#5716=ORIENTED_EDGE('',*,*,#4205,.F.);
#5717=ORIENTED_EDGE('',*,*,#4209,.F.);
#5718=ORIENTED_EDGE('',*,*,#4210,.T.);
#5719=ORIENTED_EDGE('',*,*,#4211,.T.);
#5720=ORIENTED_EDGE('',*,*,#4207,.T.);
#5721=ORIENTED_EDGE('',*,*,#4208,.T.);
#5722=ORIENTED_EDGE('',*,*,#4211,.F.);
#5723=ORIENTED_EDGE('',*,*,#4210,.F.);
#5724=ORIENTED_EDGE('',*,*,#4171,.T.);
#5725=ORIENTED_EDGE('',*,*,#4199,.F.);
#5726=ORIENTED_EDGE('',*,*,#4185,.T.);
#5727=ORIENTED_EDGE('',*,*,#4200,.F.);
#5728=ORIENTED_EDGE('',*,*,#4175,.T.);
#5729=ORIENTED_EDGE('',*,*,#4203,.F.);
#5730=ORIENTED_EDGE('',*,*,#4181,.T.);
#5731=ORIENTED_EDGE('',*,*,#4197,.F.);
#5732=ORIENTED_EDGE('',*,*,#4176,.T.);
#5733=ORIENTED_EDGE('',*,*,#4157,.T.);
#5734=ORIENTED_EDGE('',*,*,#4212,.F.);
#5735=ORIENTED_EDGE('',*,*,#4213,.T.);
#5736=ORIENTED_EDGE('',*,*,#4214,.T.);
#5737=ORIENTED_EDGE('',*,*,#4215,.F.);
#5738=ORIENTED_EDGE('',*,*,#4216,.F.);
#5739=ORIENTED_EDGE('',*,*,#4217,.T.);
#5740=ORIENTED_EDGE('',*,*,#4218,.T.);
#5741=ORIENTED_EDGE('',*,*,#4213,.F.);
#5742=ORIENTED_EDGE('',*,*,#4219,.F.);
#5743=ORIENTED_EDGE('',*,*,#4220,.T.);
#5744=ORIENTED_EDGE('',*,*,#4221,.T.);
#5745=ORIENTED_EDGE('',*,*,#4217,.F.);
#5746=ORIENTED_EDGE('',*,*,#4222,.F.);
#5747=ORIENTED_EDGE('',*,*,#4223,.T.);
#5748=ORIENTED_EDGE('',*,*,#4224,.T.);
#5749=ORIENTED_EDGE('',*,*,#4220,.F.);
#5750=ORIENTED_EDGE('',*,*,#4225,.F.);
#5751=ORIENTED_EDGE('',*,*,#4226,.T.);
#5752=ORIENTED_EDGE('',*,*,#4227,.T.);
#5753=ORIENTED_EDGE('',*,*,#4223,.F.);
#5754=ORIENTED_EDGE('',*,*,#4228,.F.);
#5755=ORIENTED_EDGE('',*,*,#4229,.T.);
#5756=ORIENTED_EDGE('',*,*,#4230,.T.);
#5757=ORIENTED_EDGE('',*,*,#4226,.F.);
#5758=ORIENTED_EDGE('',*,*,#4231,.F.);
#5759=ORIENTED_EDGE('',*,*,#4232,.T.);
#5760=ORIENTED_EDGE('',*,*,#4233,.T.);
#5761=ORIENTED_EDGE('',*,*,#4229,.F.);
#5762=ORIENTED_EDGE('',*,*,#4234,.F.);
#5763=ORIENTED_EDGE('',*,*,#4235,.T.);
#5764=ORIENTED_EDGE('',*,*,#4236,.T.);
#5765=ORIENTED_EDGE('',*,*,#4232,.F.);
#5766=ORIENTED_EDGE('',*,*,#4237,.F.);
#5767=ORIENTED_EDGE('',*,*,#4238,.T.);
#5768=ORIENTED_EDGE('',*,*,#4239,.T.);
#5769=ORIENTED_EDGE('',*,*,#4235,.F.);
#5770=ORIENTED_EDGE('',*,*,#4240,.F.);
#5771=ORIENTED_EDGE('',*,*,#4241,.T.);
#5772=ORIENTED_EDGE('',*,*,#4242,.T.);
#5773=ORIENTED_EDGE('',*,*,#4238,.F.);
#5774=ORIENTED_EDGE('',*,*,#4243,.F.);
#5775=ORIENTED_EDGE('',*,*,#4215,.T.);
#5776=ORIENTED_EDGE('',*,*,#4244,.T.);
#5777=ORIENTED_EDGE('',*,*,#4241,.F.);
#5778=ORIENTED_EDGE('',*,*,#4244,.F.);
#5779=ORIENTED_EDGE('',*,*,#4214,.F.);
#5780=ORIENTED_EDGE('',*,*,#4218,.F.);
#5781=ORIENTED_EDGE('',*,*,#4221,.F.);
#5782=ORIENTED_EDGE('',*,*,#4224,.F.);
#5783=ORIENTED_EDGE('',*,*,#4227,.F.);
#5784=ORIENTED_EDGE('',*,*,#4230,.F.);
#5785=ORIENTED_EDGE('',*,*,#4233,.F.);
#5786=ORIENTED_EDGE('',*,*,#4236,.F.);
#5787=ORIENTED_EDGE('',*,*,#4239,.F.);
#5788=ORIENTED_EDGE('',*,*,#4242,.F.);
#5789=ORIENTED_EDGE('',*,*,#4245,.F.);
#5790=ORIENTED_EDGE('',*,*,#4246,.T.);
#5791=ORIENTED_EDGE('',*,*,#4247,.T.);
#5792=ORIENTED_EDGE('',*,*,#4248,.F.);
#5793=ORIENTED_EDGE('',*,*,#4249,.F.);
#5794=ORIENTED_EDGE('',*,*,#4248,.T.);
#5795=ORIENTED_EDGE('',*,*,#4250,.T.);
#5796=ORIENTED_EDGE('',*,*,#4251,.F.);
#5797=ORIENTED_EDGE('',*,*,#4252,.F.);
#5798=ORIENTED_EDGE('',*,*,#4251,.T.);
#5799=ORIENTED_EDGE('',*,*,#4253,.T.);
#5800=ORIENTED_EDGE('',*,*,#4246,.F.);
#5801=ORIENTED_EDGE('',*,*,#4254,.F.);
#5802=ORIENTED_EDGE('',*,*,#4255,.T.);
#5803=ORIENTED_EDGE('',*,*,#4256,.T.);
#5804=ORIENTED_EDGE('',*,*,#4257,.F.);
#5805=ORIENTED_EDGE('',*,*,#4258,.F.);
#5806=ORIENTED_EDGE('',*,*,#4259,.T.);
#5807=ORIENTED_EDGE('',*,*,#4260,.T.);
#5808=ORIENTED_EDGE('',*,*,#4255,.F.);
#5809=ORIENTED_EDGE('',*,*,#4261,.F.);
#5810=ORIENTED_EDGE('',*,*,#4262,.T.);
#5811=ORIENTED_EDGE('',*,*,#4263,.T.);
#5812=ORIENTED_EDGE('',*,*,#4259,.F.);
#5813=ORIENTED_EDGE('',*,*,#4264,.F.);
#5814=ORIENTED_EDGE('',*,*,#4265,.T.);
#5815=ORIENTED_EDGE('',*,*,#4266,.T.);
#5816=ORIENTED_EDGE('',*,*,#4262,.F.);
#5817=ORIENTED_EDGE('',*,*,#4267,.F.);
#5818=ORIENTED_EDGE('',*,*,#4268,.T.);
#5819=ORIENTED_EDGE('',*,*,#4269,.T.);
#5820=ORIENTED_EDGE('',*,*,#4265,.F.);
#5821=ORIENTED_EDGE('',*,*,#4270,.F.);
#5822=ORIENTED_EDGE('',*,*,#4271,.T.);
#5823=ORIENTED_EDGE('',*,*,#4272,.T.);
#5824=ORIENTED_EDGE('',*,*,#4268,.F.);
#5825=ORIENTED_EDGE('',*,*,#4273,.F.);
#5826=ORIENTED_EDGE('',*,*,#4274,.T.);
#5827=ORIENTED_EDGE('',*,*,#4275,.T.);
#5828=ORIENTED_EDGE('',*,*,#4271,.F.);
#5829=ORIENTED_EDGE('',*,*,#4276,.F.);
#5830=ORIENTED_EDGE('',*,*,#4277,.T.);
#5831=ORIENTED_EDGE('',*,*,#4278,.T.);
#5832=ORIENTED_EDGE('',*,*,#4274,.F.);
#5833=ORIENTED_EDGE('',*,*,#4279,.F.);
#5834=ORIENTED_EDGE('',*,*,#4280,.T.);
#5835=ORIENTED_EDGE('',*,*,#4281,.T.);
#5836=ORIENTED_EDGE('',*,*,#4277,.F.);
#5837=ORIENTED_EDGE('',*,*,#4282,.F.);
#5838=ORIENTED_EDGE('',*,*,#4283,.T.);
#5839=ORIENTED_EDGE('',*,*,#4284,.T.);
#5840=ORIENTED_EDGE('',*,*,#4280,.F.);
#5841=ORIENTED_EDGE('',*,*,#4285,.F.);
#5842=ORIENTED_EDGE('',*,*,#4286,.T.);
#5843=ORIENTED_EDGE('',*,*,#4287,.T.);
#5844=ORIENTED_EDGE('',*,*,#4283,.F.);
#5845=ORIENTED_EDGE('',*,*,#4288,.F.);
#5846=ORIENTED_EDGE('',*,*,#4289,.T.);
#5847=ORIENTED_EDGE('',*,*,#4290,.T.);
#5848=ORIENTED_EDGE('',*,*,#4286,.F.);
#5849=ORIENTED_EDGE('',*,*,#4291,.F.);
#5850=ORIENTED_EDGE('',*,*,#4257,.T.);
#5851=ORIENTED_EDGE('',*,*,#4292,.T.);
#5852=ORIENTED_EDGE('',*,*,#4289,.F.);
#5853=ORIENTED_EDGE('',*,*,#4292,.F.);
#5854=ORIENTED_EDGE('',*,*,#4256,.F.);
#5855=ORIENTED_EDGE('',*,*,#4260,.F.);
#5856=ORIENTED_EDGE('',*,*,#4263,.F.);
#5857=ORIENTED_EDGE('',*,*,#4266,.F.);
#5858=ORIENTED_EDGE('',*,*,#4269,.F.);
#5859=ORIENTED_EDGE('',*,*,#4272,.F.);
#5860=ORIENTED_EDGE('',*,*,#4275,.F.);
#5861=ORIENTED_EDGE('',*,*,#4278,.F.);
#5862=ORIENTED_EDGE('',*,*,#4281,.F.);
#5863=ORIENTED_EDGE('',*,*,#4284,.F.);
#5864=ORIENTED_EDGE('',*,*,#4287,.F.);
#5865=ORIENTED_EDGE('',*,*,#4290,.F.);
#5866=ORIENTED_EDGE('',*,*,#4247,.F.);
#5867=ORIENTED_EDGE('',*,*,#4253,.F.);
#5868=ORIENTED_EDGE('',*,*,#4250,.F.);
#5869=ORIENTED_EDGE('',*,*,#4293,.F.);
#5870=ORIENTED_EDGE('',*,*,#4294,.T.);
#5871=ORIENTED_EDGE('',*,*,#4295,.T.);
#5872=ORIENTED_EDGE('',*,*,#4296,.F.);
#5873=ORIENTED_EDGE('',*,*,#4297,.F.);
#5874=ORIENTED_EDGE('',*,*,#4296,.T.);
#5875=ORIENTED_EDGE('',*,*,#4298,.T.);
#5876=ORIENTED_EDGE('',*,*,#4299,.F.);
#5877=ORIENTED_EDGE('',*,*,#4300,.F.);
#5878=ORIENTED_EDGE('',*,*,#4299,.T.);
#5879=ORIENTED_EDGE('',*,*,#4301,.T.);
#5880=ORIENTED_EDGE('',*,*,#4302,.F.);
#5881=ORIENTED_EDGE('',*,*,#4303,.F.);
#5882=ORIENTED_EDGE('',*,*,#4302,.T.);
#5883=ORIENTED_EDGE('',*,*,#4304,.T.);
#5884=ORIENTED_EDGE('',*,*,#4305,.F.);
#5885=ORIENTED_EDGE('',*,*,#4306,.F.);
#5886=ORIENTED_EDGE('',*,*,#4305,.T.);
#5887=ORIENTED_EDGE('',*,*,#4307,.T.);
#5888=ORIENTED_EDGE('',*,*,#4294,.F.);
#5889=ORIENTED_EDGE('',*,*,#4308,.F.);
#5890=ORIENTED_EDGE('',*,*,#4309,.T.);
#5891=ORIENTED_EDGE('',*,*,#4310,.T.);
#5892=ORIENTED_EDGE('',*,*,#4311,.F.);
#5893=ORIENTED_EDGE('',*,*,#4312,.F.);
#5894=ORIENTED_EDGE('',*,*,#4311,.T.);
#5895=ORIENTED_EDGE('',*,*,#4313,.T.);
#5896=ORIENTED_EDGE('',*,*,#4314,.F.);
#5897=ORIENTED_EDGE('',*,*,#4315,.F.);
#5898=ORIENTED_EDGE('',*,*,#4314,.T.);
#5899=ORIENTED_EDGE('',*,*,#4316,.T.);
#5900=ORIENTED_EDGE('',*,*,#4317,.F.);
#5901=ORIENTED_EDGE('',*,*,#4318,.F.);
#5902=ORIENTED_EDGE('',*,*,#4317,.T.);
#5903=ORIENTED_EDGE('',*,*,#4319,.T.);
#5904=ORIENTED_EDGE('',*,*,#4320,.F.);
#5905=ORIENTED_EDGE('',*,*,#4321,.F.);
#5906=ORIENTED_EDGE('',*,*,#4320,.T.);
#5907=ORIENTED_EDGE('',*,*,#4322,.T.);
#5908=ORIENTED_EDGE('',*,*,#4309,.F.);
#5909=ORIENTED_EDGE('',*,*,#4323,.F.);
#5910=ORIENTED_EDGE('',*,*,#4324,.T.);
#5911=ORIENTED_EDGE('',*,*,#4325,.T.);
#5912=ORIENTED_EDGE('',*,*,#4326,.F.);
#5913=ORIENTED_EDGE('',*,*,#4327,.F.);
#5914=ORIENTED_EDGE('',*,*,#4328,.T.);
#5915=ORIENTED_EDGE('',*,*,#4329,.T.);
#5916=ORIENTED_EDGE('',*,*,#4324,.F.);
#5917=ORIENTED_EDGE('',*,*,#4330,.F.);
#5918=ORIENTED_EDGE('',*,*,#4331,.T.);
#5919=ORIENTED_EDGE('',*,*,#4332,.T.);
#5920=ORIENTED_EDGE('',*,*,#4328,.F.);
#5921=ORIENTED_EDGE('',*,*,#4333,.F.);
#5922=ORIENTED_EDGE('',*,*,#4334,.T.);
#5923=ORIENTED_EDGE('',*,*,#4335,.T.);
#5924=ORIENTED_EDGE('',*,*,#4331,.F.);
#5925=ORIENTED_EDGE('',*,*,#4336,.F.);
#5926=ORIENTED_EDGE('',*,*,#4337,.T.);
#5927=ORIENTED_EDGE('',*,*,#4338,.T.);
#5928=ORIENTED_EDGE('',*,*,#4334,.F.);
#5929=ORIENTED_EDGE('',*,*,#4339,.F.);
#5930=ORIENTED_EDGE('',*,*,#4340,.T.);
#5931=ORIENTED_EDGE('',*,*,#4341,.T.);
#5932=ORIENTED_EDGE('',*,*,#4337,.F.);
#5933=ORIENTED_EDGE('',*,*,#4342,.F.);
#5934=ORIENTED_EDGE('',*,*,#4343,.T.);
#5935=ORIENTED_EDGE('',*,*,#4344,.T.);
#5936=ORIENTED_EDGE('',*,*,#4340,.F.);
#5937=ORIENTED_EDGE('',*,*,#4345,.F.);
#5938=ORIENTED_EDGE('',*,*,#4346,.T.);
#5939=ORIENTED_EDGE('',*,*,#4347,.T.);
#5940=ORIENTED_EDGE('',*,*,#4343,.F.);
#5941=ORIENTED_EDGE('',*,*,#4348,.F.);
#5942=ORIENTED_EDGE('',*,*,#4326,.T.);
#5943=ORIENTED_EDGE('',*,*,#4349,.T.);
#5944=ORIENTED_EDGE('',*,*,#4346,.F.);
#5945=ORIENTED_EDGE('',*,*,#4349,.F.);
#5946=ORIENTED_EDGE('',*,*,#4325,.F.);
#5947=ORIENTED_EDGE('',*,*,#4329,.F.);
#5948=ORIENTED_EDGE('',*,*,#4332,.F.);
#5949=ORIENTED_EDGE('',*,*,#4335,.F.);
#5950=ORIENTED_EDGE('',*,*,#4338,.F.);
#5951=ORIENTED_EDGE('',*,*,#4341,.F.);
#5952=ORIENTED_EDGE('',*,*,#4344,.F.);
#5953=ORIENTED_EDGE('',*,*,#4347,.F.);
#5954=ORIENTED_EDGE('',*,*,#4295,.F.);
#5955=ORIENTED_EDGE('',*,*,#4307,.F.);
#5956=ORIENTED_EDGE('',*,*,#4304,.F.);
#5957=ORIENTED_EDGE('',*,*,#4301,.F.);
#5958=ORIENTED_EDGE('',*,*,#4298,.F.);
#5959=ORIENTED_EDGE('',*,*,#4310,.F.);
#5960=ORIENTED_EDGE('',*,*,#4322,.F.);
#5961=ORIENTED_EDGE('',*,*,#4319,.F.);
#5962=ORIENTED_EDGE('',*,*,#4316,.F.);
#5963=ORIENTED_EDGE('',*,*,#4313,.F.);
#5964=ORIENTED_EDGE('',*,*,#4350,.F.);
#5965=ORIENTED_EDGE('',*,*,#4351,.F.);
#5966=ORIENTED_EDGE('',*,*,#4352,.F.);
#5967=ORIENTED_EDGE('',*,*,#4353,.F.);
#5968=ORIENTED_EDGE('',*,*,#4354,.F.);
#5969=ORIENTED_EDGE('',*,*,#4355,.F.);
#5970=ORIENTED_EDGE('',*,*,#4356,.F.);
#5971=ORIENTED_EDGE('',*,*,#4357,.F.);
#5972=ORIENTED_EDGE('',*,*,#4358,.T.);
#5973=ORIENTED_EDGE('',*,*,#4359,.T.);
#5974=ORIENTED_EDGE('',*,*,#4360,.T.);
#5975=ORIENTED_EDGE('',*,*,#4361,.T.);
#5976=ORIENTED_EDGE('',*,*,#4362,.T.);
#5977=ORIENTED_EDGE('',*,*,#4363,.F.);
#5978=ORIENTED_EDGE('',*,*,#4364,.F.);
#5979=ORIENTED_EDGE('',*,*,#4323,.T.);
#5980=ORIENTED_EDGE('',*,*,#4348,.T.);
#5981=ORIENTED_EDGE('',*,*,#4345,.T.);
#5982=ORIENTED_EDGE('',*,*,#4342,.T.);
#5983=ORIENTED_EDGE('',*,*,#4339,.T.);
#5984=ORIENTED_EDGE('',*,*,#4336,.T.);
#5985=ORIENTED_EDGE('',*,*,#4333,.T.);
#5986=ORIENTED_EDGE('',*,*,#4330,.T.);
#5987=ORIENTED_EDGE('',*,*,#4327,.T.);
#5988=ORIENTED_EDGE('',*,*,#4254,.T.);
#5989=ORIENTED_EDGE('',*,*,#4291,.T.);
#5990=ORIENTED_EDGE('',*,*,#4288,.T.);
#5991=ORIENTED_EDGE('',*,*,#4285,.T.);
#5992=ORIENTED_EDGE('',*,*,#4282,.T.);
#5993=ORIENTED_EDGE('',*,*,#4279,.T.);
#5994=ORIENTED_EDGE('',*,*,#4276,.T.);
#5995=ORIENTED_EDGE('',*,*,#4273,.T.);
#5996=ORIENTED_EDGE('',*,*,#4270,.T.);
#5997=ORIENTED_EDGE('',*,*,#4267,.T.);
#5998=ORIENTED_EDGE('',*,*,#4264,.T.);
#5999=ORIENTED_EDGE('',*,*,#4261,.T.);
#6000=ORIENTED_EDGE('',*,*,#4258,.T.);
#6001=ORIENTED_EDGE('',*,*,#4212,.T.);
#6002=ORIENTED_EDGE('',*,*,#4243,.T.);
#6003=ORIENTED_EDGE('',*,*,#4240,.T.);
#6004=ORIENTED_EDGE('',*,*,#4237,.T.);
#6005=ORIENTED_EDGE('',*,*,#4234,.T.);
#6006=ORIENTED_EDGE('',*,*,#4231,.T.);
#6007=ORIENTED_EDGE('',*,*,#4228,.T.);
#6008=ORIENTED_EDGE('',*,*,#4225,.T.);
#6009=ORIENTED_EDGE('',*,*,#4222,.T.);
#6010=ORIENTED_EDGE('',*,*,#4219,.T.);
#6011=ORIENTED_EDGE('',*,*,#4216,.T.);
#6012=ORIENTED_EDGE('',*,*,#4308,.T.);
#6013=ORIENTED_EDGE('',*,*,#4312,.T.);
#6014=ORIENTED_EDGE('',*,*,#4315,.T.);
#6015=ORIENTED_EDGE('',*,*,#4318,.T.);
#6016=ORIENTED_EDGE('',*,*,#4321,.T.);
#6017=ORIENTED_EDGE('',*,*,#4293,.T.);
#6018=ORIENTED_EDGE('',*,*,#4297,.T.);
#6019=ORIENTED_EDGE('',*,*,#4300,.T.);
#6020=ORIENTED_EDGE('',*,*,#4303,.T.);
#6021=ORIENTED_EDGE('',*,*,#4306,.T.);
#6022=ORIENTED_EDGE('',*,*,#4365,.T.);
#6023=ORIENTED_EDGE('',*,*,#4366,.T.);
#6024=ORIENTED_EDGE('',*,*,#4367,.T.);
#6025=ORIENTED_EDGE('',*,*,#4350,.T.);
#6026=ORIENTED_EDGE('',*,*,#4368,.T.);
#6027=ORIENTED_EDGE('',*,*,#4351,.T.);
#6028=ORIENTED_EDGE('',*,*,#4367,.F.);
#6029=ORIENTED_EDGE('',*,*,#4369,.T.);
#6030=ORIENTED_EDGE('',*,*,#4370,.T.);
#6031=ORIENTED_EDGE('',*,*,#4352,.T.);
#6032=ORIENTED_EDGE('',*,*,#4368,.F.);
#6033=ORIENTED_EDGE('',*,*,#4371,.T.);
#6034=ORIENTED_EDGE('',*,*,#4372,.T.);
#6035=ORIENTED_EDGE('',*,*,#4353,.T.);
#6036=ORIENTED_EDGE('',*,*,#4370,.F.);
#6037=ORIENTED_EDGE('',*,*,#4373,.T.);
#6038=ORIENTED_EDGE('',*,*,#4374,.T.);
#6039=ORIENTED_EDGE('',*,*,#4354,.T.);
#6040=ORIENTED_EDGE('',*,*,#4372,.F.);
#6041=ORIENTED_EDGE('',*,*,#4375,.T.);
#6042=ORIENTED_EDGE('',*,*,#4376,.T.);
#6043=ORIENTED_EDGE('',*,*,#4355,.T.);
#6044=ORIENTED_EDGE('',*,*,#4374,.F.);
#6045=ORIENTED_EDGE('',*,*,#4377,.T.);
#6046=ORIENTED_EDGE('',*,*,#4378,.T.);
#6047=ORIENTED_EDGE('',*,*,#4356,.T.);
#6048=ORIENTED_EDGE('',*,*,#4376,.F.);
#6049=ORIENTED_EDGE('',*,*,#4379,.T.);
#6050=ORIENTED_EDGE('',*,*,#4365,.F.);
#6051=ORIENTED_EDGE('',*,*,#4357,.T.);
#6052=ORIENTED_EDGE('',*,*,#4378,.F.);
#6053=ORIENTED_EDGE('',*,*,#4380,.T.);
#6054=ORIENTED_EDGE('',*,*,#4373,.F.);
#6055=ORIENTED_EDGE('',*,*,#4381,.F.);
#6056=ORIENTED_EDGE('',*,*,#4382,.F.);
#6057=ORIENTED_EDGE('',*,*,#4383,.T.);
#6058=ORIENTED_EDGE('',*,*,#4371,.F.);
#6059=ORIENTED_EDGE('',*,*,#4384,.F.);
#6060=ORIENTED_EDGE('',*,*,#4385,.F.);
#6061=ORIENTED_EDGE('',*,*,#4381,.T.);
#6062=ORIENTED_EDGE('',*,*,#4369,.F.);
#6063=ORIENTED_EDGE('',*,*,#4386,.F.);
#6064=ORIENTED_EDGE('',*,*,#4387,.F.);
#6065=ORIENTED_EDGE('',*,*,#4384,.T.);
#6066=ORIENTED_EDGE('',*,*,#4366,.F.);
#6067=ORIENTED_EDGE('',*,*,#4388,.F.);
#6068=ORIENTED_EDGE('',*,*,#4389,.F.);
#6069=ORIENTED_EDGE('',*,*,#4386,.T.);
#6070=ORIENTED_EDGE('',*,*,#4245,.T.);
#6071=ORIENTED_EDGE('',*,*,#4249,.T.);
#6072=ORIENTED_EDGE('',*,*,#4252,.T.);
#6073=ORIENTED_EDGE('',*,*,#4390,.T.);
#6074=ORIENTED_EDGE('',*,*,#4391,.T.);
#6075=ORIENTED_EDGE('',*,*,#4392,.T.);
#6076=ORIENTED_EDGE('',*,*,#4393,.T.);
#6077=ORIENTED_EDGE('',*,*,#4394,.T.);
#6078=ORIENTED_EDGE('',*,*,#4395,.T.);
#6079=ORIENTED_EDGE('',*,*,#4392,.F.);
#6080=ORIENTED_EDGE('',*,*,#4396,.T.);
#6081=ORIENTED_EDGE('',*,*,#4397,.T.);
#6082=ORIENTED_EDGE('',*,*,#4398,.T.);
#6083=ORIENTED_EDGE('',*,*,#4394,.F.);
#6084=ORIENTED_EDGE('',*,*,#4399,.T.);
#6085=ORIENTED_EDGE('',*,*,#4400,.T.);
#6086=ORIENTED_EDGE('',*,*,#4401,.T.);
#6087=ORIENTED_EDGE('',*,*,#4397,.F.);
#6088=ORIENTED_EDGE('',*,*,#4402,.T.);
#6089=ORIENTED_EDGE('',*,*,#4403,.T.);
#6090=ORIENTED_EDGE('',*,*,#4404,.T.);
#6091=ORIENTED_EDGE('',*,*,#4400,.F.);
#6092=ORIENTED_EDGE('',*,*,#4405,.T.);
#6093=ORIENTED_EDGE('',*,*,#4406,.T.);
#6094=ORIENTED_EDGE('',*,*,#4407,.T.);
#6095=ORIENTED_EDGE('',*,*,#4403,.F.);
#6096=ORIENTED_EDGE('',*,*,#4408,.T.);
#6097=ORIENTED_EDGE('',*,*,#4409,.T.);
#6098=ORIENTED_EDGE('',*,*,#4410,.T.);
#6099=ORIENTED_EDGE('',*,*,#4406,.F.);
#6100=ORIENTED_EDGE('',*,*,#4411,.T.);
#6101=ORIENTED_EDGE('',*,*,#4390,.F.);
#6102=ORIENTED_EDGE('',*,*,#4412,.T.);
#6103=ORIENTED_EDGE('',*,*,#4409,.F.);
#6104=ORIENTED_EDGE('',*,*,#4413,.T.);
#6105=ORIENTED_EDGE('',*,*,#4402,.F.);
#6106=ORIENTED_EDGE('',*,*,#4414,.F.);
#6107=ORIENTED_EDGE('',*,*,#4415,.F.);
#6108=ORIENTED_EDGE('',*,*,#4416,.T.);
#6109=ORIENTED_EDGE('',*,*,#4399,.F.);
#6110=ORIENTED_EDGE('',*,*,#4417,.F.);
#6111=ORIENTED_EDGE('',*,*,#4418,.F.);
#6112=ORIENTED_EDGE('',*,*,#4414,.T.);
#6113=ORIENTED_EDGE('',*,*,#4396,.F.);
#6114=ORIENTED_EDGE('',*,*,#4419,.F.);
#6115=ORIENTED_EDGE('',*,*,#4420,.F.);
#6116=ORIENTED_EDGE('',*,*,#4417,.T.);
#6117=ORIENTED_EDGE('',*,*,#4391,.F.);
#6118=ORIENTED_EDGE('',*,*,#4421,.F.);
#6119=ORIENTED_EDGE('',*,*,#4422,.F.);
#6120=ORIENTED_EDGE('',*,*,#4419,.T.);
#6121=ORIENTED_EDGE('',*,*,#4393,.F.);
#6122=ORIENTED_EDGE('',*,*,#4395,.F.);
#6123=ORIENTED_EDGE('',*,*,#4398,.F.);
#6124=ORIENTED_EDGE('',*,*,#4401,.F.);
#6125=ORIENTED_EDGE('',*,*,#4404,.F.);
#6126=ORIENTED_EDGE('',*,*,#4407,.F.);
#6127=ORIENTED_EDGE('',*,*,#4410,.F.);
#6128=ORIENTED_EDGE('',*,*,#4412,.F.);
#6129=ORIENTED_EDGE('',*,*,#4423,.T.);
#6130=ORIENTED_EDGE('',*,*,#4424,.T.);
#6131=ORIENTED_EDGE('',*,*,#4425,.T.);
#6132=ORIENTED_EDGE('',*,*,#4426,.T.);
#6133=ORIENTED_EDGE('',*,*,#4427,.T.);
#6134=ORIENTED_EDGE('',*,*,#4428,.T.);
#6135=ORIENTED_EDGE('',*,*,#4429,.T.);
#6136=ORIENTED_EDGE('',*,*,#4429,.F.);
#6137=ORIENTED_EDGE('',*,*,#4430,.T.);
#6138=ORIENTED_EDGE('',*,*,#4431,.F.);
#6139=ORIENTED_EDGE('',*,*,#4430,.F.);
#6140=ORIENTED_EDGE('',*,*,#4428,.F.);
#6141=ORIENTED_EDGE('',*,*,#4432,.T.);
#6142=ORIENTED_EDGE('',*,*,#4433,.F.);
#6143=ORIENTED_EDGE('',*,*,#4432,.F.);
#6144=ORIENTED_EDGE('',*,*,#4427,.F.);
#6145=ORIENTED_EDGE('',*,*,#4434,.T.);
#6146=ORIENTED_EDGE('',*,*,#4435,.F.);
#6147=ORIENTED_EDGE('',*,*,#4434,.F.);
#6148=ORIENTED_EDGE('',*,*,#4426,.F.);
#6149=ORIENTED_EDGE('',*,*,#4436,.T.);
#6150=ORIENTED_EDGE('',*,*,#4437,.F.);
#6151=ORIENTED_EDGE('',*,*,#4436,.F.);
#6152=ORIENTED_EDGE('',*,*,#4425,.F.);
#6153=ORIENTED_EDGE('',*,*,#4438,.T.);
#6154=ORIENTED_EDGE('',*,*,#4439,.F.);
#6155=ORIENTED_EDGE('',*,*,#4438,.F.);
#6156=ORIENTED_EDGE('',*,*,#4440,.F.);
#6157=ORIENTED_EDGE('',*,*,#4431,.T.);
#6158=ORIENTED_EDGE('',*,*,#4441,.F.);
#6159=ORIENTED_EDGE('',*,*,#4442,.T.);
#6160=ORIENTED_EDGE('',*,*,#4440,.T.);
#6161=ORIENTED_EDGE('',*,*,#4442,.F.);
#6162=ORIENTED_EDGE('',*,*,#4441,.T.);
#6163=ORIENTED_EDGE('',*,*,#4443,.T.);
#6164=ORIENTED_EDGE('',*,*,#4444,.F.);
#6165=ORIENTED_EDGE('',*,*,#4435,.T.);
#6166=ORIENTED_EDGE('',*,*,#4445,.F.);
#6167=ORIENTED_EDGE('',*,*,#4446,.T.);
#6168=ORIENTED_EDGE('',*,*,#4444,.T.);
#6169=ORIENTED_EDGE('',*,*,#4446,.F.);
#6170=ORIENTED_EDGE('',*,*,#4445,.T.);
#6171=ORIENTED_EDGE('',*,*,#4447,.T.);
#6172=ORIENTED_EDGE('',*,*,#4448,.F.);
#6173=ORIENTED_EDGE('',*,*,#4433,.T.);
#6174=ORIENTED_EDGE('',*,*,#4449,.F.);
#6175=ORIENTED_EDGE('',*,*,#4450,.T.);
#6176=ORIENTED_EDGE('',*,*,#4448,.T.);
#6177=ORIENTED_EDGE('',*,*,#4450,.F.);
#6178=ORIENTED_EDGE('',*,*,#4449,.T.);
#6179=ORIENTED_EDGE('',*,*,#4451,.T.);
#6180=ORIENTED_EDGE('',*,*,#4452,.F.);
#6181=ORIENTED_EDGE('',*,*,#4439,.T.);
#6182=ORIENTED_EDGE('',*,*,#4453,.F.);
#6183=ORIENTED_EDGE('',*,*,#4454,.T.);
#6184=ORIENTED_EDGE('',*,*,#4452,.T.);
#6185=ORIENTED_EDGE('',*,*,#4454,.F.);
#6186=ORIENTED_EDGE('',*,*,#4453,.T.);
#6187=ORIENTED_EDGE('',*,*,#4455,.T.);
#6188=ORIENTED_EDGE('',*,*,#4456,.F.);
#6189=ORIENTED_EDGE('',*,*,#4437,.T.);
#6190=ORIENTED_EDGE('',*,*,#4457,.F.);
#6191=ORIENTED_EDGE('',*,*,#4458,.T.);
#6192=ORIENTED_EDGE('',*,*,#4456,.T.);
#6193=ORIENTED_EDGE('',*,*,#4458,.F.);
#6194=ORIENTED_EDGE('',*,*,#4457,.T.);
#6195=ORIENTED_EDGE('',*,*,#4459,.T.);
#6196=ORIENTED_EDGE('',*,*,#4358,.F.);
#6197=ORIENTED_EDGE('',*,*,#4460,.T.);
#6198=ORIENTED_EDGE('',*,*,#4461,.F.);
#6199=ORIENTED_EDGE('',*,*,#4460,.F.);
#6200=ORIENTED_EDGE('',*,*,#4461,.T.);
#6201=ORIENTED_EDGE('',*,*,#4462,.T.);
#6202=ORIENTED_EDGE('',*,*,#4459,.F.);
#6203=ORIENTED_EDGE('',*,*,#4462,.F.);
#6204=ORIENTED_EDGE('',*,*,#4359,.F.);
#6205=ORIENTED_EDGE('',*,*,#4463,.T.);
#6206=ORIENTED_EDGE('',*,*,#4464,.F.);
#6207=ORIENTED_EDGE('',*,*,#4463,.F.);
#6208=ORIENTED_EDGE('',*,*,#4464,.T.);
#6209=ORIENTED_EDGE('',*,*,#4465,.T.);
#6210=ORIENTED_EDGE('',*,*,#4447,.F.);
#6211=ORIENTED_EDGE('',*,*,#4465,.F.);
#6212=ORIENTED_EDGE('',*,*,#4360,.F.);
#6213=ORIENTED_EDGE('',*,*,#4466,.T.);
#6214=ORIENTED_EDGE('',*,*,#4467,.F.);
#6215=ORIENTED_EDGE('',*,*,#4466,.F.);
#6216=ORIENTED_EDGE('',*,*,#4467,.T.);
#6217=ORIENTED_EDGE('',*,*,#4468,.T.);
#6218=ORIENTED_EDGE('',*,*,#4451,.F.);
#6219=ORIENTED_EDGE('',*,*,#4468,.F.);
#6220=ORIENTED_EDGE('',*,*,#4361,.F.);
#6221=ORIENTED_EDGE('',*,*,#4469,.T.);
#6222=ORIENTED_EDGE('',*,*,#4470,.F.);
#6223=ORIENTED_EDGE('',*,*,#4469,.F.);
#6224=ORIENTED_EDGE('',*,*,#4470,.T.);
#6225=ORIENTED_EDGE('',*,*,#4471,.T.);
#6226=ORIENTED_EDGE('',*,*,#4455,.F.);
#6227=ORIENTED_EDGE('',*,*,#4471,.F.);
#6228=ORIENTED_EDGE('',*,*,#4362,.F.);
#6229=ORIENTED_EDGE('',*,*,#4472,.T.);
#6230=ORIENTED_EDGE('',*,*,#4473,.F.);
#6231=ORIENTED_EDGE('',*,*,#4472,.F.);
#6232=ORIENTED_EDGE('',*,*,#4473,.T.);
#6233=ORIENTED_EDGE('',*,*,#4474,.T.);
#6234=ORIENTED_EDGE('',*,*,#4443,.F.);
#6235=ORIENTED_EDGE('',*,*,#4474,.F.);
#6236=ORIENTED_EDGE('',*,*,#4364,.T.);
#6237=ORIENTED_EDGE('',*,*,#4475,.T.);
#6238=ORIENTED_EDGE('',*,*,#4476,.T.);
#6239=ORIENTED_EDGE('',*,*,#4477,.T.);
#6240=ORIENTED_EDGE('',*,*,#4475,.F.);
#6241=ORIENTED_EDGE('',*,*,#4476,.F.);
#6242=ORIENTED_EDGE('',*,*,#4477,.F.);
#6243=ORIENTED_EDGE('',*,*,#4478,.T.);
#6244=ORIENTED_EDGE('',*,*,#4479,.F.);
#6245=ORIENTED_EDGE('',*,*,#4478,.F.);
#6246=ORIENTED_EDGE('',*,*,#4363,.T.);
#6247=ORIENTED_EDGE('',*,*,#4480,.T.);
#6248=ORIENTED_EDGE('',*,*,#4481,.T.);
#6249=ORIENTED_EDGE('',*,*,#4482,.T.);
#6250=ORIENTED_EDGE('',*,*,#4480,.F.);
#6251=ORIENTED_EDGE('',*,*,#4481,.F.);
#6252=ORIENTED_EDGE('',*,*,#4482,.F.);
#6253=ORIENTED_EDGE('',*,*,#4483,.T.);
#6254=ORIENTED_EDGE('',*,*,#4484,.F.);
#6255=ORIENTED_EDGE('',*,*,#4483,.F.);
#6256=ORIENTED_EDGE('',*,*,#4484,.T.);
#6257=ORIENTED_EDGE('',*,*,#4485,.F.);
#6258=ORIENTED_EDGE('',*,*,#4485,.T.);
#6259=ORIENTED_EDGE('',*,*,#4486,.T.);
#6260=ORIENTED_EDGE('',*,*,#4424,.F.);
#6261=ORIENTED_EDGE('',*,*,#4486,.F.);
#6262=ORIENTED_EDGE('',*,*,#4479,.T.);
#6263=ORIENTED_EDGE('',*,*,#4487,.F.);
#6264=ORIENTED_EDGE('',*,*,#4487,.T.);
#6265=ORIENTED_EDGE('',*,*,#4488,.T.);
#6266=ORIENTED_EDGE('',*,*,#4423,.F.);
#6267=ORIENTED_EDGE('',*,*,#4488,.F.);
#6268=ORIENTED_EDGE('',*,*,#4375,.F.);
#6269=ORIENTED_EDGE('',*,*,#4383,.F.);
#6270=ORIENTED_EDGE('',*,*,#4489,.F.);
#6271=ORIENTED_EDGE('',*,*,#4490,.T.);
#6272=ORIENTED_EDGE('',*,*,#4380,.F.);
#6273=ORIENTED_EDGE('',*,*,#4491,.F.);
#6274=ORIENTED_EDGE('',*,*,#4492,.F.);
#6275=ORIENTED_EDGE('',*,*,#4388,.T.);
#6276=ORIENTED_EDGE('',*,*,#4379,.F.);
#6277=ORIENTED_EDGE('',*,*,#4493,.F.);
#6278=ORIENTED_EDGE('',*,*,#4494,.F.);
#6279=ORIENTED_EDGE('',*,*,#4491,.T.);
#6280=ORIENTED_EDGE('',*,*,#4377,.F.);
#6281=ORIENTED_EDGE('',*,*,#4490,.F.);
#6282=ORIENTED_EDGE('',*,*,#4495,.F.);
#6283=ORIENTED_EDGE('',*,*,#4493,.T.);
#6284=ORIENTED_EDGE('',*,*,#4496,.T.);
#6285=ORIENTED_EDGE('',*,*,#4497,.T.);
#6286=ORIENTED_EDGE('',*,*,#4498,.T.);
#6287=ORIENTED_EDGE('',*,*,#4499,.T.);
#6288=ORIENTED_EDGE('',*,*,#4500,.T.);
#6289=ORIENTED_EDGE('',*,*,#4501,.T.);
#6290=ORIENTED_EDGE('',*,*,#4498,.F.);
#6291=ORIENTED_EDGE('',*,*,#4502,.T.);
#6292=ORIENTED_EDGE('',*,*,#4503,.T.);
#6293=ORIENTED_EDGE('',*,*,#4504,.T.);
#6294=ORIENTED_EDGE('',*,*,#4500,.F.);
#6295=ORIENTED_EDGE('',*,*,#4505,.T.);
#6296=ORIENTED_EDGE('',*,*,#4506,.T.);
#6297=ORIENTED_EDGE('',*,*,#4507,.T.);
#6298=ORIENTED_EDGE('',*,*,#4503,.F.);
#6299=ORIENTED_EDGE('',*,*,#4508,.T.);
#6300=ORIENTED_EDGE('',*,*,#4509,.T.);
#6301=ORIENTED_EDGE('',*,*,#4510,.T.);
#6302=ORIENTED_EDGE('',*,*,#4506,.F.);
#6303=ORIENTED_EDGE('',*,*,#4511,.T.);
#6304=ORIENTED_EDGE('',*,*,#4512,.T.);
#6305=ORIENTED_EDGE('',*,*,#4513,.T.);
#6306=ORIENTED_EDGE('',*,*,#4509,.F.);
#6307=ORIENTED_EDGE('',*,*,#4514,.T.);
#6308=ORIENTED_EDGE('',*,*,#4515,.T.);
#6309=ORIENTED_EDGE('',*,*,#4516,.T.);
#6310=ORIENTED_EDGE('',*,*,#4512,.F.);
#6311=ORIENTED_EDGE('',*,*,#4517,.T.);
#6312=ORIENTED_EDGE('',*,*,#4496,.F.);
#6313=ORIENTED_EDGE('',*,*,#4518,.T.);
#6314=ORIENTED_EDGE('',*,*,#4515,.F.);
#6315=ORIENTED_EDGE('',*,*,#4519,.T.);
#6316=ORIENTED_EDGE('',*,*,#4508,.F.);
#6317=ORIENTED_EDGE('',*,*,#4520,.F.);
#6318=ORIENTED_EDGE('',*,*,#4521,.F.);
#6319=ORIENTED_EDGE('',*,*,#4522,.T.);
#6320=ORIENTED_EDGE('',*,*,#4505,.F.);
#6321=ORIENTED_EDGE('',*,*,#4523,.F.);
#6322=ORIENTED_EDGE('',*,*,#4524,.F.);
#6323=ORIENTED_EDGE('',*,*,#4520,.T.);
#6324=ORIENTED_EDGE('',*,*,#4502,.F.);
#6325=ORIENTED_EDGE('',*,*,#4525,.F.);
#6326=ORIENTED_EDGE('',*,*,#4526,.F.);
#6327=ORIENTED_EDGE('',*,*,#4523,.T.);
#6328=ORIENTED_EDGE('',*,*,#4497,.F.);
#6329=ORIENTED_EDGE('',*,*,#4527,.F.);
#6330=ORIENTED_EDGE('',*,*,#4528,.F.);
#6331=ORIENTED_EDGE('',*,*,#4525,.T.);
#6332=ORIENTED_EDGE('',*,*,#4499,.F.);
#6333=ORIENTED_EDGE('',*,*,#4501,.F.);
#6334=ORIENTED_EDGE('',*,*,#4504,.F.);
#6335=ORIENTED_EDGE('',*,*,#4507,.F.);
#6336=ORIENTED_EDGE('',*,*,#4510,.F.);
#6337=ORIENTED_EDGE('',*,*,#4513,.F.);
#6338=ORIENTED_EDGE('',*,*,#4516,.F.);
#6339=ORIENTED_EDGE('',*,*,#4518,.F.);
#6340=ORIENTED_EDGE('',*,*,#4489,.T.);
#6341=ORIENTED_EDGE('',*,*,#4382,.T.);
#6342=ORIENTED_EDGE('',*,*,#4385,.T.);
#6343=ORIENTED_EDGE('',*,*,#4387,.T.);
#6344=ORIENTED_EDGE('',*,*,#4389,.T.);
#6345=ORIENTED_EDGE('',*,*,#4492,.T.);
#6346=ORIENTED_EDGE('',*,*,#4494,.T.);
#6347=ORIENTED_EDGE('',*,*,#4495,.T.);
#6348=ORIENTED_EDGE('',*,*,#4511,.F.);
#6349=ORIENTED_EDGE('',*,*,#4522,.F.);
#6350=ORIENTED_EDGE('',*,*,#4529,.F.);
#6351=ORIENTED_EDGE('',*,*,#4530,.T.);
#6352=ORIENTED_EDGE('',*,*,#4519,.F.);
#6353=ORIENTED_EDGE('',*,*,#4531,.F.);
#6354=ORIENTED_EDGE('',*,*,#4532,.F.);
#6355=ORIENTED_EDGE('',*,*,#4527,.T.);
#6356=ORIENTED_EDGE('',*,*,#4517,.F.);
#6357=ORIENTED_EDGE('',*,*,#4533,.F.);
#6358=ORIENTED_EDGE('',*,*,#4534,.F.);
#6359=ORIENTED_EDGE('',*,*,#4531,.T.);
#6360=ORIENTED_EDGE('',*,*,#4514,.F.);
#6361=ORIENTED_EDGE('',*,*,#4530,.F.);
#6362=ORIENTED_EDGE('',*,*,#4535,.F.);
#6363=ORIENTED_EDGE('',*,*,#4533,.T.);
#6364=ORIENTED_EDGE('',*,*,#4413,.F.);
#6365=ORIENTED_EDGE('',*,*,#4536,.F.);
#6366=ORIENTED_EDGE('',*,*,#4537,.F.);
#6367=ORIENTED_EDGE('',*,*,#4421,.T.);
#6368=ORIENTED_EDGE('',*,*,#4411,.F.);
#6369=ORIENTED_EDGE('',*,*,#4538,.F.);
#6370=ORIENTED_EDGE('',*,*,#4539,.F.);
#6371=ORIENTED_EDGE('',*,*,#4536,.T.);
#6372=ORIENTED_EDGE('',*,*,#4408,.F.);
#6373=ORIENTED_EDGE('',*,*,#4540,.F.);
#6374=ORIENTED_EDGE('',*,*,#4541,.F.);
#6375=ORIENTED_EDGE('',*,*,#4538,.T.);
#6376=ORIENTED_EDGE('',*,*,#4405,.F.);
#6377=ORIENTED_EDGE('',*,*,#4416,.F.);
#6378=ORIENTED_EDGE('',*,*,#4542,.F.);
#6379=ORIENTED_EDGE('',*,*,#4540,.T.);
#6380=ORIENTED_EDGE('',*,*,#4543,.T.);
#6381=ORIENTED_EDGE('',*,*,#4544,.T.);
#6382=ORIENTED_EDGE('',*,*,#4545,.T.);
#6383=ORIENTED_EDGE('',*,*,#4546,.T.);
#6384=ORIENTED_EDGE('',*,*,#4547,.T.);
#6385=ORIENTED_EDGE('',*,*,#4548,.T.);
#6386=ORIENTED_EDGE('',*,*,#4545,.F.);
#6387=ORIENTED_EDGE('',*,*,#4549,.T.);
#6388=ORIENTED_EDGE('',*,*,#4550,.T.);
#6389=ORIENTED_EDGE('',*,*,#4551,.T.);
#6390=ORIENTED_EDGE('',*,*,#4547,.F.);
#6391=ORIENTED_EDGE('',*,*,#4552,.T.);
#6392=ORIENTED_EDGE('',*,*,#4553,.T.);
#6393=ORIENTED_EDGE('',*,*,#4554,.T.);
#6394=ORIENTED_EDGE('',*,*,#4550,.F.);
#6395=ORIENTED_EDGE('',*,*,#4555,.T.);
#6396=ORIENTED_EDGE('',*,*,#4556,.T.);
#6397=ORIENTED_EDGE('',*,*,#4557,.T.);
#6398=ORIENTED_EDGE('',*,*,#4553,.F.);
#6399=ORIENTED_EDGE('',*,*,#4558,.T.);
#6400=ORIENTED_EDGE('',*,*,#4559,.T.);
#6401=ORIENTED_EDGE('',*,*,#4560,.T.);
#6402=ORIENTED_EDGE('',*,*,#4556,.F.);
#6403=ORIENTED_EDGE('',*,*,#4561,.T.);
#6404=ORIENTED_EDGE('',*,*,#4562,.T.);
#6405=ORIENTED_EDGE('',*,*,#4563,.T.);
#6406=ORIENTED_EDGE('',*,*,#4559,.F.);
#6407=ORIENTED_EDGE('',*,*,#4564,.T.);
#6408=ORIENTED_EDGE('',*,*,#4543,.F.);
#6409=ORIENTED_EDGE('',*,*,#4565,.T.);
#6410=ORIENTED_EDGE('',*,*,#4562,.F.);
#6411=ORIENTED_EDGE('',*,*,#4566,.T.);
#6412=ORIENTED_EDGE('',*,*,#4555,.F.);
#6413=ORIENTED_EDGE('',*,*,#4567,.F.);
#6414=ORIENTED_EDGE('',*,*,#4568,.T.);
#6415=ORIENTED_EDGE('',*,*,#4569,.T.);
#6416=ORIENTED_EDGE('',*,*,#4552,.F.);
#6417=ORIENTED_EDGE('',*,*,#4570,.F.);
#6418=ORIENTED_EDGE('',*,*,#4571,.T.);
#6419=ORIENTED_EDGE('',*,*,#4567,.T.);
#6420=ORIENTED_EDGE('',*,*,#4549,.F.);
#6421=ORIENTED_EDGE('',*,*,#4572,.F.);
#6422=ORIENTED_EDGE('',*,*,#4573,.T.);
#6423=ORIENTED_EDGE('',*,*,#4570,.T.);
#6424=ORIENTED_EDGE('',*,*,#4544,.F.);
#6425=ORIENTED_EDGE('',*,*,#4574,.F.);
#6426=ORIENTED_EDGE('',*,*,#4575,.T.);
#6427=ORIENTED_EDGE('',*,*,#4572,.T.);
#6428=ORIENTED_EDGE('',*,*,#4546,.F.);
#6429=ORIENTED_EDGE('',*,*,#4548,.F.);
#6430=ORIENTED_EDGE('',*,*,#4551,.F.);
#6431=ORIENTED_EDGE('',*,*,#4554,.F.);
#6432=ORIENTED_EDGE('',*,*,#4557,.F.);
#6433=ORIENTED_EDGE('',*,*,#4560,.F.);
#6434=ORIENTED_EDGE('',*,*,#4563,.F.);
#6435=ORIENTED_EDGE('',*,*,#4565,.F.);
#6436=ORIENTED_EDGE('',*,*,#4418,.T.);
#6437=ORIENTED_EDGE('',*,*,#4420,.T.);
#6438=ORIENTED_EDGE('',*,*,#4422,.T.);
#6439=ORIENTED_EDGE('',*,*,#4537,.T.);
#6440=ORIENTED_EDGE('',*,*,#4539,.T.);
#6441=ORIENTED_EDGE('',*,*,#4541,.T.);
#6442=ORIENTED_EDGE('',*,*,#4542,.T.);
#6443=ORIENTED_EDGE('',*,*,#4415,.T.);
#6444=ORIENTED_EDGE('',*,*,#4566,.F.);
#6445=ORIENTED_EDGE('',*,*,#4576,.F.);
#6446=ORIENTED_EDGE('',*,*,#4577,.T.);
#6447=ORIENTED_EDGE('',*,*,#4574,.T.);
#6448=ORIENTED_EDGE('',*,*,#4564,.F.);
#6449=ORIENTED_EDGE('',*,*,#4578,.F.);
#6450=ORIENTED_EDGE('',*,*,#4579,.T.);
#6451=ORIENTED_EDGE('',*,*,#4576,.T.);
#6452=ORIENTED_EDGE('',*,*,#4561,.F.);
#6453=ORIENTED_EDGE('',*,*,#4580,.F.);
#6454=ORIENTED_EDGE('',*,*,#4581,.T.);
#6455=ORIENTED_EDGE('',*,*,#4578,.T.);
#6456=ORIENTED_EDGE('',*,*,#4558,.F.);
#6457=ORIENTED_EDGE('',*,*,#4569,.F.);
#6458=ORIENTED_EDGE('',*,*,#4582,.T.);
#6459=ORIENTED_EDGE('',*,*,#4580,.T.);
#6460=ORIENTED_EDGE('',*,*,#4575,.F.);
#6461=ORIENTED_EDGE('',*,*,#4577,.F.);
#6462=ORIENTED_EDGE('',*,*,#4579,.F.);
#6463=ORIENTED_EDGE('',*,*,#4581,.F.);
#6464=ORIENTED_EDGE('',*,*,#4582,.F.);
#6465=ORIENTED_EDGE('',*,*,#4568,.F.);
#6466=ORIENTED_EDGE('',*,*,#4571,.F.);
#6467=ORIENTED_EDGE('',*,*,#4573,.F.);
#6468=ORIENTED_EDGE('',*,*,#4529,.T.);
#6469=ORIENTED_EDGE('',*,*,#4521,.T.);
#6470=ORIENTED_EDGE('',*,*,#4524,.T.);
#6471=ORIENTED_EDGE('',*,*,#4526,.T.);
#6472=ORIENTED_EDGE('',*,*,#4528,.T.);
#6473=ORIENTED_EDGE('',*,*,#4532,.T.);
#6474=ORIENTED_EDGE('',*,*,#4534,.T.);
#6475=ORIENTED_EDGE('',*,*,#4535,.T.);
#6476=ORIENTED_EDGE('',*,*,#4583,.F.);
#6477=ORIENTED_EDGE('',*,*,#4584,.T.);
#6478=ORIENTED_EDGE('',*,*,#4585,.F.);
#6479=ORIENTED_EDGE('',*,*,#4586,.F.);
#6480=ORIENTED_EDGE('',*,*,#4587,.F.);
#6481=ORIENTED_EDGE('',*,*,#4588,.F.);
#6482=ORIENTED_EDGE('',*,*,#4589,.T.);
#6483=ORIENTED_EDGE('',*,*,#4590,.F.);
#6484=ORIENTED_EDGE('',*,*,#4591,.F.);
#6485=ORIENTED_EDGE('',*,*,#4592,.F.);
#6486=ORIENTED_EDGE('',*,*,#4593,.F.);
#6487=ORIENTED_EDGE('',*,*,#4594,.T.);
#6488=ORIENTED_EDGE('',*,*,#4595,.F.);
#6489=ORIENTED_EDGE('',*,*,#4596,.F.);
#6490=ORIENTED_EDGE('',*,*,#4597,.F.);
#6491=ORIENTED_EDGE('',*,*,#4598,.F.);
#6492=ORIENTED_EDGE('',*,*,#4599,.T.);
#6493=ORIENTED_EDGE('',*,*,#4600,.F.);
#6494=ORIENTED_EDGE('',*,*,#4601,.F.);
#6495=ORIENTED_EDGE('',*,*,#4602,.F.);
#6496=ORIENTED_EDGE('',*,*,#4603,.F.);
#6497=ORIENTED_EDGE('',*,*,#4604,.F.);
#6498=ORIENTED_EDGE('',*,*,#4605,.T.);
#6499=ORIENTED_EDGE('',*,*,#4606,.T.);
#6500=ORIENTED_EDGE('',*,*,#4599,.F.);
#6501=ORIENTED_EDGE('',*,*,#4607,.F.);
#6502=ORIENTED_EDGE('',*,*,#4608,.F.);
#6503=ORIENTED_EDGE('',*,*,#4609,.F.);
#6504=ORIENTED_EDGE('',*,*,#4610,.T.);
#6505=ORIENTED_EDGE('',*,*,#4594,.F.);
#6506=ORIENTED_EDGE('',*,*,#4611,.F.);
#6507=ORIENTED_EDGE('',*,*,#4612,.F.);
#6508=ORIENTED_EDGE('',*,*,#4613,.T.);
#6509=ORIENTED_EDGE('',*,*,#4589,.F.);
#6510=ORIENTED_EDGE('',*,*,#4614,.F.);
#6511=ORIENTED_EDGE('',*,*,#4615,.F.);
#6512=ORIENTED_EDGE('',*,*,#4616,.F.);
#6513=ORIENTED_EDGE('',*,*,#4617,.F.);
#6514=ORIENTED_EDGE('',*,*,#4618,.T.);
#6515=ORIENTED_EDGE('',*,*,#4619,.F.);
#6516=ORIENTED_EDGE('',*,*,#4620,.F.);
#6517=ORIENTED_EDGE('',*,*,#4621,.F.);
#6518=ORIENTED_EDGE('',*,*,#4622,.F.);
#6519=ORIENTED_EDGE('',*,*,#4612,.T.);
#6520=ORIENTED_EDGE('',*,*,#4623,.F.);
#6521=ORIENTED_EDGE('',*,*,#4624,.F.);
#6522=ORIENTED_EDGE('',*,*,#4625,.F.);
#6523=ORIENTED_EDGE('',*,*,#4626,.F.);
#6524=ORIENTED_EDGE('',*,*,#4609,.T.);
#6525=ORIENTED_EDGE('',*,*,#4627,.F.);
#6526=ORIENTED_EDGE('',*,*,#4628,.F.);
#6527=ORIENTED_EDGE('',*,*,#4629,.F.);
#6528=ORIENTED_EDGE('',*,*,#4630,.F.);
#6529=ORIENTED_EDGE('',*,*,#4604,.T.);
#6530=ORIENTED_EDGE('',*,*,#4631,.F.);
#6531=ORIENTED_EDGE('',*,*,#4618,.F.);
#6532=ORIENTED_EDGE('',*,*,#4632,.T.);
#6533=ORIENTED_EDGE('',*,*,#4584,.F.);
#6534=ORIENTED_EDGE('',*,*,#4624,.T.);
#6535=ORIENTED_EDGE('',*,*,#4633,.F.);
#6536=ORIENTED_EDGE('',*,*,#4602,.T.);
#6537=ORIENTED_EDGE('',*,*,#4634,.T.);
#6538=ORIENTED_EDGE('',*,*,#4620,.T.);
#6539=ORIENTED_EDGE('',*,*,#4635,.F.);
#6540=ORIENTED_EDGE('',*,*,#4597,.T.);
#6541=ORIENTED_EDGE('',*,*,#4636,.T.);
#6542=ORIENTED_EDGE('',*,*,#4615,.T.);
#6543=ORIENTED_EDGE('',*,*,#4637,.F.);
#6544=ORIENTED_EDGE('',*,*,#4592,.T.);
#6545=ORIENTED_EDGE('',*,*,#4638,.T.);
#6546=ORIENTED_EDGE('',*,*,#4587,.T.);
#6547=ORIENTED_EDGE('',*,*,#4639,.T.);
#6548=ORIENTED_EDGE('',*,*,#4628,.T.);
#6549=ORIENTED_EDGE('',*,*,#4640,.F.);
#6550=ORIENTED_EDGE('',*,*,#4625,.T.);
#6551=ORIENTED_EDGE('',*,*,#4634,.F.);
#6552=ORIENTED_EDGE('',*,*,#4601,.T.);
#6553=ORIENTED_EDGE('',*,*,#4641,.T.);
#6554=ORIENTED_EDGE('',*,*,#4621,.T.);
#6555=ORIENTED_EDGE('',*,*,#4636,.F.);
#6556=ORIENTED_EDGE('',*,*,#4596,.T.);
#6557=ORIENTED_EDGE('',*,*,#4642,.T.);
#6558=ORIENTED_EDGE('',*,*,#4616,.T.);
#6559=ORIENTED_EDGE('',*,*,#4638,.F.);
#6560=ORIENTED_EDGE('',*,*,#4591,.T.);
#6561=ORIENTED_EDGE('',*,*,#4643,.T.);
#6562=ORIENTED_EDGE('',*,*,#4586,.T.);
#6563=ORIENTED_EDGE('',*,*,#4644,.T.);
#6564=ORIENTED_EDGE('',*,*,#4629,.T.);
#6565=ORIENTED_EDGE('',*,*,#4639,.F.);
#6566=ORIENTED_EDGE('',*,*,#4626,.T.);
#6567=ORIENTED_EDGE('',*,*,#4641,.F.);
#6568=ORIENTED_EDGE('',*,*,#4600,.T.);
#6569=ORIENTED_EDGE('',*,*,#4645,.T.);
#6570=ORIENTED_EDGE('',*,*,#4622,.T.);
#6571=ORIENTED_EDGE('',*,*,#4642,.F.);
#6572=ORIENTED_EDGE('',*,*,#4595,.T.);
#6573=ORIENTED_EDGE('',*,*,#4646,.T.);
#6574=ORIENTED_EDGE('',*,*,#4617,.T.);
#6575=ORIENTED_EDGE('',*,*,#4643,.F.);
#6576=ORIENTED_EDGE('',*,*,#4590,.T.);
#6577=ORIENTED_EDGE('',*,*,#4647,.T.);
#6578=ORIENTED_EDGE('',*,*,#4585,.T.);
#6579=ORIENTED_EDGE('',*,*,#4648,.T.);
#6580=ORIENTED_EDGE('',*,*,#4630,.T.);
#6581=ORIENTED_EDGE('',*,*,#4644,.F.);
#6582=ORIENTED_EDGE('',*,*,#4649,.F.);
#6583=ORIENTED_EDGE('',*,*,#4650,.T.);
#6584=ORIENTED_EDGE('',*,*,#4651,.T.);
#6585=ORIENTED_EDGE('',*,*,#4650,.F.);
#6586=ORIENTED_EDGE('',*,*,#4649,.T.);
#6587=ORIENTED_EDGE('',*,*,#4652,.T.);
#6588=ORIENTED_EDGE('',*,*,#4605,.F.);
#6589=ORIENTED_EDGE('',*,*,#4648,.F.);
#6590=ORIENTED_EDGE('',*,*,#4632,.F.);
#6591=ORIENTED_EDGE('',*,*,#4647,.F.);
#6592=ORIENTED_EDGE('',*,*,#4613,.F.);
#6593=ORIENTED_EDGE('',*,*,#4646,.F.);
#6594=ORIENTED_EDGE('',*,*,#4610,.F.);
#6595=ORIENTED_EDGE('',*,*,#4645,.F.);
#6596=ORIENTED_EDGE('',*,*,#4606,.F.);
#6597=ORIENTED_EDGE('',*,*,#4652,.F.);
#6598=ORIENTED_EDGE('',*,*,#4653,.F.);
#6599=ORIENTED_EDGE('',*,*,#4654,.T.);
#6600=ORIENTED_EDGE('',*,*,#4607,.T.);
#6601=ORIENTED_EDGE('',*,*,#4598,.T.);
#6602=ORIENTED_EDGE('',*,*,#4633,.T.);
#6603=ORIENTED_EDGE('',*,*,#4623,.T.);
#6604=ORIENTED_EDGE('',*,*,#4608,.T.);
#6605=ORIENTED_EDGE('',*,*,#4593,.T.);
#6606=ORIENTED_EDGE('',*,*,#4635,.T.);
#6607=ORIENTED_EDGE('',*,*,#4619,.T.);
#6608=ORIENTED_EDGE('',*,*,#4611,.T.);
#6609=ORIENTED_EDGE('',*,*,#4588,.T.);
#6610=ORIENTED_EDGE('',*,*,#4637,.T.);
#6611=ORIENTED_EDGE('',*,*,#4614,.T.);
#6612=ORIENTED_EDGE('',*,*,#4631,.T.);
#6613=ORIENTED_EDGE('',*,*,#4583,.T.);
#6614=ORIENTED_EDGE('',*,*,#4640,.T.);
#6615=ORIENTED_EDGE('',*,*,#4627,.T.);
#6616=ORIENTED_EDGE('',*,*,#4603,.T.);
#6617=ORIENTED_EDGE('',*,*,#4654,.F.);
#6618=ORIENTED_EDGE('',*,*,#4653,.T.);
#6619=ORIENTED_EDGE('',*,*,#4655,.F.);
#6620=ORIENTED_EDGE('',*,*,#4656,.F.);
#6621=ORIENTED_EDGE('',*,*,#4657,.T.);
#6622=ORIENTED_EDGE('',*,*,#4655,.T.);
#6623=ORIENTED_EDGE('',*,*,#4657,.F.);
#6624=ORIENTED_EDGE('',*,*,#4651,.F.);
#6625=ORIENTED_EDGE('',*,*,#4656,.T.);
#6626=ORIENTED_EDGE('',*,*,#4658,.T.);
#6627=ORIENTED_EDGE('',*,*,#4659,.T.);
#6628=ORIENTED_EDGE('',*,*,#4660,.T.);
#6629=ORIENTED_EDGE('',*,*,#4661,.T.);
#6630=ORIENTED_EDGE('',*,*,#4659,.F.);
#6631=ORIENTED_EDGE('',*,*,#4660,.F.);
#6632=ORIENTED_EDGE('',*,*,#4661,.F.);
#6633=ORIENTED_EDGE('',*,*,#4662,.T.);
#6634=ORIENTED_EDGE('',*,*,#4663,.T.);
#6635=ORIENTED_EDGE('',*,*,#4664,.T.);
#6636=ORIENTED_EDGE('',*,*,#4662,.F.);
#6637=ORIENTED_EDGE('',*,*,#4658,.F.);
#6638=ORIENTED_EDGE('',*,*,#4663,.F.);
#6639=ORIENTED_EDGE('',*,*,#4664,.F.);
#6640=ORIENTED_EDGE('',*,*,#4665,.T.);
#6641=ORIENTED_EDGE('',*,*,#4666,.T.);
#6642=ORIENTED_EDGE('',*,*,#4667,.T.);
#6643=ORIENTED_EDGE('',*,*,#4665,.F.);
#6644=ORIENTED_EDGE('',*,*,#4667,.F.);
#6645=ORIENTED_EDGE('',*,*,#4668,.T.);
#6646=ORIENTED_EDGE('',*,*,#4669,.T.);
#6647=ORIENTED_EDGE('',*,*,#4668,.F.);
#6648=ORIENTED_EDGE('',*,*,#4666,.F.);
#6649=ORIENTED_EDGE('',*,*,#4669,.F.);
#6650=ORIENTED_EDGE('',*,*,#4670,.F.);
#6651=ORIENTED_EDGE('',*,*,#4671,.T.);
#6652=ORIENTED_EDGE('',*,*,#4672,.F.);
#6653=ORIENTED_EDGE('',*,*,#4673,.F.);
#6654=ORIENTED_EDGE('',*,*,#4674,.F.);
#6655=ORIENTED_EDGE('',*,*,#4675,.F.);
#6656=ORIENTED_EDGE('',*,*,#4676,.T.);
#6657=ORIENTED_EDGE('',*,*,#4677,.F.);
#6658=ORIENTED_EDGE('',*,*,#4678,.F.);
#6659=ORIENTED_EDGE('',*,*,#4679,.F.);
#6660=ORIENTED_EDGE('',*,*,#4680,.F.);
#6661=ORIENTED_EDGE('',*,*,#4681,.T.);
#6662=ORIENTED_EDGE('',*,*,#4682,.F.);
#6663=ORIENTED_EDGE('',*,*,#4683,.F.);
#6664=ORIENTED_EDGE('',*,*,#4684,.F.);
#6665=ORIENTED_EDGE('',*,*,#4685,.F.);
#6666=ORIENTED_EDGE('',*,*,#4686,.T.);
#6667=ORIENTED_EDGE('',*,*,#4687,.F.);
#6668=ORIENTED_EDGE('',*,*,#4688,.F.);
#6669=ORIENTED_EDGE('',*,*,#4689,.F.);
#6670=ORIENTED_EDGE('',*,*,#4690,.F.);
#6671=ORIENTED_EDGE('',*,*,#4691,.F.);
#6672=ORIENTED_EDGE('',*,*,#4692,.F.);
#6673=ORIENTED_EDGE('',*,*,#4693,.F.);
#6674=ORIENTED_EDGE('',*,*,#4694,.T.);
#6675=ORIENTED_EDGE('',*,*,#4695,.F.);
#6676=ORIENTED_EDGE('',*,*,#4696,.F.);
#6677=ORIENTED_EDGE('',*,*,#4697,.F.);
#6678=ORIENTED_EDGE('',*,*,#4698,.F.);
#6679=ORIENTED_EDGE('',*,*,#4699,.T.);
#6680=ORIENTED_EDGE('',*,*,#4700,.F.);
#6681=ORIENTED_EDGE('',*,*,#4701,.F.);
#6682=ORIENTED_EDGE('',*,*,#4702,.F.);
#6683=ORIENTED_EDGE('',*,*,#4703,.F.);
#6684=ORIENTED_EDGE('',*,*,#4704,.T.);
#6685=ORIENTED_EDGE('',*,*,#4705,.F.);
#6686=ORIENTED_EDGE('',*,*,#4706,.F.);
#6687=ORIENTED_EDGE('',*,*,#4707,.F.);
#6688=ORIENTED_EDGE('',*,*,#4708,.F.);
#6689=ORIENTED_EDGE('',*,*,#4709,.T.);
#6690=ORIENTED_EDGE('',*,*,#4710,.F.);
#6691=ORIENTED_EDGE('',*,*,#4676,.F.);
#6692=ORIENTED_EDGE('',*,*,#4711,.F.);
#6693=ORIENTED_EDGE('',*,*,#4712,.F.);
#6694=ORIENTED_EDGE('',*,*,#4709,.F.);
#6695=ORIENTED_EDGE('',*,*,#4713,.F.);
#6696=ORIENTED_EDGE('',*,*,#4686,.F.);
#6697=ORIENTED_EDGE('',*,*,#4714,.F.);
#6698=ORIENTED_EDGE('',*,*,#4694,.F.);
#6699=ORIENTED_EDGE('',*,*,#4715,.F.);
#6700=ORIENTED_EDGE('',*,*,#4681,.F.);
#6701=ORIENTED_EDGE('',*,*,#4716,.F.);
#6702=ORIENTED_EDGE('',*,*,#4699,.F.);
#6703=ORIENTED_EDGE('',*,*,#4717,.F.);
#6704=ORIENTED_EDGE('',*,*,#4671,.F.);
#6705=ORIENTED_EDGE('',*,*,#4718,.F.);
#6706=ORIENTED_EDGE('',*,*,#4704,.F.);
#6707=ORIENTED_EDGE('',*,*,#4682,.T.);
#6708=ORIENTED_EDGE('',*,*,#4715,.T.);
#6709=ORIENTED_EDGE('',*,*,#4693,.T.);
#6710=ORIENTED_EDGE('',*,*,#4719,.F.);
#6711=ORIENTED_EDGE('',*,*,#4708,.T.);
#6712=ORIENTED_EDGE('',*,*,#4720,.F.);
#6713=ORIENTED_EDGE('',*,*,#4687,.T.);
#6714=ORIENTED_EDGE('',*,*,#4713,.T.);
#6715=ORIENTED_EDGE('',*,*,#4703,.T.);
#6716=ORIENTED_EDGE('',*,*,#4721,.F.);
#6717=ORIENTED_EDGE('',*,*,#4677,.T.);
#6718=ORIENTED_EDGE('',*,*,#4710,.T.);
#6719=ORIENTED_EDGE('',*,*,#4672,.T.);
#6720=ORIENTED_EDGE('',*,*,#4717,.T.);
#6721=ORIENTED_EDGE('',*,*,#4698,.T.);
#6722=ORIENTED_EDGE('',*,*,#4722,.F.);
#6723=ORIENTED_EDGE('',*,*,#4684,.T.);
#6724=ORIENTED_EDGE('',*,*,#4723,.F.);
#6725=ORIENTED_EDGE('',*,*,#4691,.T.);
#6726=ORIENTED_EDGE('',*,*,#4724,.F.);
#6727=ORIENTED_EDGE('',*,*,#4706,.T.);
#6728=ORIENTED_EDGE('',*,*,#4725,.F.);
#6729=ORIENTED_EDGE('',*,*,#4689,.T.);
#6730=ORIENTED_EDGE('',*,*,#4726,.F.);
#6731=ORIENTED_EDGE('',*,*,#4701,.T.);
#6732=ORIENTED_EDGE('',*,*,#4727,.F.);
#6733=ORIENTED_EDGE('',*,*,#4679,.T.);
#6734=ORIENTED_EDGE('',*,*,#4728,.F.);
#6735=ORIENTED_EDGE('',*,*,#4674,.T.);
#6736=ORIENTED_EDGE('',*,*,#4729,.F.);
#6737=ORIENTED_EDGE('',*,*,#4696,.T.);
#6738=ORIENTED_EDGE('',*,*,#4730,.F.);
#6739=ORIENTED_EDGE('',*,*,#4683,.T.);
#6740=ORIENTED_EDGE('',*,*,#4719,.T.);
#6741=ORIENTED_EDGE('',*,*,#4692,.T.);
#6742=ORIENTED_EDGE('',*,*,#4723,.T.);
#6743=ORIENTED_EDGE('',*,*,#4707,.T.);
#6744=ORIENTED_EDGE('',*,*,#4726,.T.);
#6745=ORIENTED_EDGE('',*,*,#4688,.T.);
#6746=ORIENTED_EDGE('',*,*,#4720,.T.);
#6747=ORIENTED_EDGE('',*,*,#4702,.T.);
#6748=ORIENTED_EDGE('',*,*,#4728,.T.);
#6749=ORIENTED_EDGE('',*,*,#4678,.T.);
#6750=ORIENTED_EDGE('',*,*,#4721,.T.);
#6751=ORIENTED_EDGE('',*,*,#4673,.T.);
#6752=ORIENTED_EDGE('',*,*,#4722,.T.);
#6753=ORIENTED_EDGE('',*,*,#4697,.T.);
#6754=ORIENTED_EDGE('',*,*,#4729,.T.);
#6755=ORIENTED_EDGE('',*,*,#4731,.F.);
#6756=ORIENTED_EDGE('',*,*,#4732,.T.);
#6757=ORIENTED_EDGE('',*,*,#4733,.T.);
#6758=ORIENTED_EDGE('',*,*,#4732,.F.);
#6759=ORIENTED_EDGE('',*,*,#4731,.T.);
#6760=ORIENTED_EDGE('',*,*,#4734,.F.);
#6761=ORIENTED_EDGE('',*,*,#4735,.T.);
#6762=ORIENTED_EDGE('',*,*,#4711,.T.);
#6763=ORIENTED_EDGE('',*,*,#4675,.T.);
#6764=ORIENTED_EDGE('',*,*,#4727,.T.);
#6765=ORIENTED_EDGE('',*,*,#4700,.T.);
#6766=ORIENTED_EDGE('',*,*,#4718,.T.);
#6767=ORIENTED_EDGE('',*,*,#4670,.T.);
#6768=ORIENTED_EDGE('',*,*,#4730,.T.);
#6769=ORIENTED_EDGE('',*,*,#4695,.T.);
#6770=ORIENTED_EDGE('',*,*,#4716,.T.);
#6771=ORIENTED_EDGE('',*,*,#4680,.T.);
#6772=ORIENTED_EDGE('',*,*,#4724,.T.);
#6773=ORIENTED_EDGE('',*,*,#4690,.T.);
#6774=ORIENTED_EDGE('',*,*,#4714,.T.);
#6775=ORIENTED_EDGE('',*,*,#4685,.T.);
#6776=ORIENTED_EDGE('',*,*,#4725,.T.);
#6777=ORIENTED_EDGE('',*,*,#4705,.T.);
#6778=ORIENTED_EDGE('',*,*,#4712,.T.);
#6779=ORIENTED_EDGE('',*,*,#4735,.F.);
#6780=ORIENTED_EDGE('',*,*,#4734,.T.);
#6781=ORIENTED_EDGE('',*,*,#4736,.F.);
#6782=ORIENTED_EDGE('',*,*,#4733,.F.);
#6783=ORIENTED_EDGE('',*,*,#4737,.T.);
#6784=ORIENTED_EDGE('',*,*,#4736,.T.);
#6785=ORIENTED_EDGE('',*,*,#4737,.F.);
#6786=ORIENTED_EDGE('',*,*,#4738,.T.);
#6787=ORIENTED_EDGE('',*,*,#4739,.T.);
#6788=ORIENTED_EDGE('',*,*,#4740,.T.);
#6789=ORIENTED_EDGE('',*,*,#4741,.T.);
#6790=ORIENTED_EDGE('',*,*,#4739,.F.);
#6791=ORIENTED_EDGE('',*,*,#4740,.F.);
#6792=ORIENTED_EDGE('',*,*,#4741,.F.);
#6793=ORIENTED_EDGE('',*,*,#4742,.T.);
#6794=ORIENTED_EDGE('',*,*,#4743,.F.);
#6795=ORIENTED_EDGE('',*,*,#4742,.F.);
#6796=ORIENTED_EDGE('',*,*,#4738,.F.);
#6797=ORIENTED_EDGE('',*,*,#4743,.T.);
#6798=ORIENTED_EDGE('',*,*,#4744,.T.);
#6799=ORIENTED_EDGE('',*,*,#4745,.T.);
#6800=ORIENTED_EDGE('',*,*,#4746,.T.);
#6801=ORIENTED_EDGE('',*,*,#4744,.F.);
#6802=ORIENTED_EDGE('',*,*,#4745,.F.);
#6803=ORIENTED_EDGE('',*,*,#4746,.F.);
#6804=ORIENTED_EDGE('',*,*,#4747,.T.);
#6805=ORIENTED_EDGE('',*,*,#4748,.T.);
#6806=ORIENTED_EDGE('',*,*,#4749,.T.);
#6807=ORIENTED_EDGE('',*,*,#4747,.F.);
#6808=ORIENTED_EDGE('',*,*,#4748,.F.);
#6809=ORIENTED_EDGE('',*,*,#4749,.F.);
#6810=ORIENTED_EDGE('',*,*,#4750,.T.);
#6811=ORIENTED_EDGE('',*,*,#4751,.T.);
#6812=ORIENTED_EDGE('',*,*,#4752,.T.);
#6813=ORIENTED_EDGE('',*,*,#4750,.F.);
#6814=ORIENTED_EDGE('',*,*,#4752,.F.);
#6815=ORIENTED_EDGE('',*,*,#4753,.T.);
#6816=ORIENTED_EDGE('',*,*,#4754,.T.);
#6817=ORIENTED_EDGE('',*,*,#4753,.F.);
#6818=ORIENTED_EDGE('',*,*,#4751,.F.);
#6819=ORIENTED_EDGE('',*,*,#4754,.F.);
#6820=ORIENTED_EDGE('',*,*,#4755,.F.);
#6821=ORIENTED_EDGE('',*,*,#4756,.T.);
#6822=ORIENTED_EDGE('',*,*,#4757,.F.);
#6823=ORIENTED_EDGE('',*,*,#4758,.F.);
#6824=ORIENTED_EDGE('',*,*,#4759,.F.);
#6825=ORIENTED_EDGE('',*,*,#4760,.F.);
#6826=ORIENTED_EDGE('',*,*,#4761,.T.);
#6827=ORIENTED_EDGE('',*,*,#4762,.F.);
#6828=ORIENTED_EDGE('',*,*,#4763,.F.);
#6829=ORIENTED_EDGE('',*,*,#4764,.F.);
#6830=ORIENTED_EDGE('',*,*,#4765,.F.);
#6831=ORIENTED_EDGE('',*,*,#4766,.T.);
#6832=ORIENTED_EDGE('',*,*,#4767,.F.);
#6833=ORIENTED_EDGE('',*,*,#4768,.F.);
#6834=ORIENTED_EDGE('',*,*,#4769,.F.);
#6835=ORIENTED_EDGE('',*,*,#4770,.F.);
#6836=ORIENTED_EDGE('',*,*,#4771,.T.);
#6837=ORIENTED_EDGE('',*,*,#4772,.F.);
#6838=ORIENTED_EDGE('',*,*,#4773,.F.);
#6839=ORIENTED_EDGE('',*,*,#4774,.F.);
#6840=ORIENTED_EDGE('',*,*,#4775,.F.);
#6841=ORIENTED_EDGE('',*,*,#4776,.F.);
#6842=ORIENTED_EDGE('',*,*,#4777,.F.);
#6843=ORIENTED_EDGE('',*,*,#4778,.F.);
#6844=ORIENTED_EDGE('',*,*,#4779,.T.);
#6845=ORIENTED_EDGE('',*,*,#4780,.F.);
#6846=ORIENTED_EDGE('',*,*,#4781,.F.);
#6847=ORIENTED_EDGE('',*,*,#4782,.F.);
#6848=ORIENTED_EDGE('',*,*,#4783,.F.);
#6849=ORIENTED_EDGE('',*,*,#4784,.T.);
#6850=ORIENTED_EDGE('',*,*,#4785,.F.);
#6851=ORIENTED_EDGE('',*,*,#4786,.F.);
#6852=ORIENTED_EDGE('',*,*,#4787,.F.);
#6853=ORIENTED_EDGE('',*,*,#4788,.F.);
#6854=ORIENTED_EDGE('',*,*,#4789,.T.);
#6855=ORIENTED_EDGE('',*,*,#4790,.F.);
#6856=ORIENTED_EDGE('',*,*,#4791,.F.);
#6857=ORIENTED_EDGE('',*,*,#4792,.F.);
#6858=ORIENTED_EDGE('',*,*,#4793,.F.);
#6859=ORIENTED_EDGE('',*,*,#4794,.T.);
#6860=ORIENTED_EDGE('',*,*,#4795,.F.);
#6861=ORIENTED_EDGE('',*,*,#4761,.F.);
#6862=ORIENTED_EDGE('',*,*,#4796,.F.);
#6863=ORIENTED_EDGE('',*,*,#4797,.F.);
#6864=ORIENTED_EDGE('',*,*,#4794,.F.);
#6865=ORIENTED_EDGE('',*,*,#4798,.F.);
#6866=ORIENTED_EDGE('',*,*,#4771,.F.);
#6867=ORIENTED_EDGE('',*,*,#4799,.F.);
#6868=ORIENTED_EDGE('',*,*,#4779,.F.);
#6869=ORIENTED_EDGE('',*,*,#4800,.F.);
#6870=ORIENTED_EDGE('',*,*,#4766,.F.);
#6871=ORIENTED_EDGE('',*,*,#4801,.F.);
#6872=ORIENTED_EDGE('',*,*,#4784,.F.);
#6873=ORIENTED_EDGE('',*,*,#4802,.F.);
#6874=ORIENTED_EDGE('',*,*,#4756,.F.);
#6875=ORIENTED_EDGE('',*,*,#4803,.F.);
#6876=ORIENTED_EDGE('',*,*,#4789,.F.);
#6877=ORIENTED_EDGE('',*,*,#4767,.T.);
#6878=ORIENTED_EDGE('',*,*,#4800,.T.);
#6879=ORIENTED_EDGE('',*,*,#4778,.T.);
#6880=ORIENTED_EDGE('',*,*,#4804,.F.);
#6881=ORIENTED_EDGE('',*,*,#4793,.T.);
#6882=ORIENTED_EDGE('',*,*,#4805,.F.);
#6883=ORIENTED_EDGE('',*,*,#4772,.T.);
#6884=ORIENTED_EDGE('',*,*,#4798,.T.);
#6885=ORIENTED_EDGE('',*,*,#4788,.T.);
#6886=ORIENTED_EDGE('',*,*,#4806,.F.);
#6887=ORIENTED_EDGE('',*,*,#4762,.T.);
#6888=ORIENTED_EDGE('',*,*,#4795,.T.);
#6889=ORIENTED_EDGE('',*,*,#4757,.T.);
#6890=ORIENTED_EDGE('',*,*,#4802,.T.);
#6891=ORIENTED_EDGE('',*,*,#4783,.T.);
#6892=ORIENTED_EDGE('',*,*,#4807,.F.);
#6893=ORIENTED_EDGE('',*,*,#4769,.T.);
#6894=ORIENTED_EDGE('',*,*,#4808,.F.);
#6895=ORIENTED_EDGE('',*,*,#4776,.T.);
#6896=ORIENTED_EDGE('',*,*,#4809,.F.);
#6897=ORIENTED_EDGE('',*,*,#4791,.T.);
#6898=ORIENTED_EDGE('',*,*,#4810,.F.);
#6899=ORIENTED_EDGE('',*,*,#4774,.T.);
#6900=ORIENTED_EDGE('',*,*,#4811,.F.);
#6901=ORIENTED_EDGE('',*,*,#4786,.T.);
#6902=ORIENTED_EDGE('',*,*,#4812,.F.);
#6903=ORIENTED_EDGE('',*,*,#4764,.T.);
#6904=ORIENTED_EDGE('',*,*,#4813,.F.);
#6905=ORIENTED_EDGE('',*,*,#4759,.T.);
#6906=ORIENTED_EDGE('',*,*,#4814,.F.);
#6907=ORIENTED_EDGE('',*,*,#4781,.T.);
#6908=ORIENTED_EDGE('',*,*,#4815,.F.);
#6909=ORIENTED_EDGE('',*,*,#4768,.T.);
#6910=ORIENTED_EDGE('',*,*,#4804,.T.);
#6911=ORIENTED_EDGE('',*,*,#4777,.T.);
#6912=ORIENTED_EDGE('',*,*,#4808,.T.);
#6913=ORIENTED_EDGE('',*,*,#4792,.T.);
#6914=ORIENTED_EDGE('',*,*,#4811,.T.);
#6915=ORIENTED_EDGE('',*,*,#4773,.T.);
#6916=ORIENTED_EDGE('',*,*,#4805,.T.);
#6917=ORIENTED_EDGE('',*,*,#4787,.T.);
#6918=ORIENTED_EDGE('',*,*,#4813,.T.);
#6919=ORIENTED_EDGE('',*,*,#4763,.T.);
#6920=ORIENTED_EDGE('',*,*,#4806,.T.);
#6921=ORIENTED_EDGE('',*,*,#4758,.T.);
#6922=ORIENTED_EDGE('',*,*,#4807,.T.);
#6923=ORIENTED_EDGE('',*,*,#4782,.T.);
#6924=ORIENTED_EDGE('',*,*,#4814,.T.);
#6925=ORIENTED_EDGE('',*,*,#4816,.F.);
#6926=ORIENTED_EDGE('',*,*,#4817,.T.);
#6927=ORIENTED_EDGE('',*,*,#4818,.T.);
#6928=ORIENTED_EDGE('',*,*,#4817,.F.);
#6929=ORIENTED_EDGE('',*,*,#4816,.T.);
#6930=ORIENTED_EDGE('',*,*,#4819,.F.);
#6931=ORIENTED_EDGE('',*,*,#4820,.T.);
#6932=ORIENTED_EDGE('',*,*,#4796,.T.);
#6933=ORIENTED_EDGE('',*,*,#4760,.T.);
#6934=ORIENTED_EDGE('',*,*,#4812,.T.);
#6935=ORIENTED_EDGE('',*,*,#4785,.T.);
#6936=ORIENTED_EDGE('',*,*,#4803,.T.);
#6937=ORIENTED_EDGE('',*,*,#4755,.T.);
#6938=ORIENTED_EDGE('',*,*,#4815,.T.);
#6939=ORIENTED_EDGE('',*,*,#4780,.T.);
#6940=ORIENTED_EDGE('',*,*,#4801,.T.);
#6941=ORIENTED_EDGE('',*,*,#4765,.T.);
#6942=ORIENTED_EDGE('',*,*,#4809,.T.);
#6943=ORIENTED_EDGE('',*,*,#4775,.T.);
#6944=ORIENTED_EDGE('',*,*,#4799,.T.);
#6945=ORIENTED_EDGE('',*,*,#4770,.T.);
#6946=ORIENTED_EDGE('',*,*,#4810,.T.);
#6947=ORIENTED_EDGE('',*,*,#4790,.T.);
#6948=ORIENTED_EDGE('',*,*,#4797,.T.);
#6949=ORIENTED_EDGE('',*,*,#4820,.F.);
#6950=ORIENTED_EDGE('',*,*,#4819,.T.);
#6951=ORIENTED_EDGE('',*,*,#4821,.F.);
#6952=ORIENTED_EDGE('',*,*,#4818,.F.);
#6953=ORIENTED_EDGE('',*,*,#4822,.T.);
#6954=ORIENTED_EDGE('',*,*,#4821,.T.);
#6955=ORIENTED_EDGE('',*,*,#4822,.F.);
#6956=ORIENTED_EDGE('',*,*,#4823,.T.);
#6957=ORIENTED_EDGE('',*,*,#4824,.T.);
#6958=ORIENTED_EDGE('',*,*,#4825,.T.);
#6959=ORIENTED_EDGE('',*,*,#4826,.T.);
#6960=ORIENTED_EDGE('',*,*,#4824,.F.);
#6961=ORIENTED_EDGE('',*,*,#4825,.F.);
#6962=ORIENTED_EDGE('',*,*,#4826,.F.);
#6963=ORIENTED_EDGE('',*,*,#4827,.T.);
#6964=ORIENTED_EDGE('',*,*,#4828,.F.);
#6965=ORIENTED_EDGE('',*,*,#4827,.F.);
#6966=ORIENTED_EDGE('',*,*,#4823,.F.);
#6967=ORIENTED_EDGE('',*,*,#4828,.T.);
#6968=ORIENTED_EDGE('',*,*,#4829,.T.);
#6969=ORIENTED_EDGE('',*,*,#4830,.T.);
#6970=ORIENTED_EDGE('',*,*,#4831,.T.);
#6971=ORIENTED_EDGE('',*,*,#4829,.F.);
#6972=ORIENTED_EDGE('',*,*,#4830,.F.);
#6973=ORIENTED_EDGE('',*,*,#4831,.F.);
#6974=ORIENTED_EDGE('',*,*,#4832,.T.);
#6975=ORIENTED_EDGE('',*,*,#4833,.T.);
#6976=ORIENTED_EDGE('',*,*,#4834,.T.);
#6977=ORIENTED_EDGE('',*,*,#4832,.F.);
#6978=ORIENTED_EDGE('',*,*,#4833,.F.);
#6979=ORIENTED_EDGE('',*,*,#4834,.F.);
#6980=ORIENTED_EDGE('',*,*,#4835,.T.);
#6981=ORIENTED_EDGE('',*,*,#4836,.T.);
#6982=ORIENTED_EDGE('',*,*,#4837,.T.);
#6983=ORIENTED_EDGE('',*,*,#4835,.F.);
#6984=ORIENTED_EDGE('',*,*,#4837,.F.);
#6985=ORIENTED_EDGE('',*,*,#4838,.T.);
#6986=ORIENTED_EDGE('',*,*,#4839,.T.);
#6987=ORIENTED_EDGE('',*,*,#4838,.F.);
#6988=ORIENTED_EDGE('',*,*,#4836,.F.);
#6989=ORIENTED_EDGE('',*,*,#4839,.F.);
#6990=TOROIDAL_SURFACE('',#7643,0.9,0.1);
#6991=TOROIDAL_SURFACE('',#7650,0.9,0.1);
#6992=TOROIDAL_SURFACE('',#7656,0.9,0.1);
#6993=TOROIDAL_SURFACE('',#7662,0.9,0.1);
#6994=TOROIDAL_SURFACE('',#7719,1.1,0.1);
#6995=TOROIDAL_SURFACE('',#7724,1.1,0.1);
#6996=TOROIDAL_SURFACE('',#7729,1.1,0.1);
#6997=TOROIDAL_SURFACE('',#7734,1.1,0.1);
#6998=TOROIDAL_SURFACE('',#7755,1.9,0.6);
#6999=TOROIDAL_SURFACE('',#7760,1.9,0.6);
#7000=TOROIDAL_SURFACE('',#7765,1.9,0.6);
#7001=TOROIDAL_SURFACE('',#7770,1.9,0.6);
#7002=TOROIDAL_SURFACE('',#7802,1.5,0.5);
#7003=TOROIDAL_SURFACE('',#7808,1.5,0.5);
#7004=TOROIDAL_SURFACE('',#7819,1.5,0.5);
#7005=TOROIDAL_SURFACE('',#7825,1.5,0.5);
#7006=TOROIDAL_SURFACE('',#7835,1.9,1.);
#7007=TOROIDAL_SURFACE('',#7842,1.9,1.);
#7008=TOROIDAL_SURFACE('',#7848,1.9,1.);
#7009=TOROIDAL_SURFACE('',#7854,1.9,1.);
#7010=TOROIDAL_SURFACE('',#7866,1.1,0.5);
#7011=TOROIDAL_SURFACE('',#7873,1.1,0.5);
#7012=TOROIDAL_SURFACE('',#7879,1.1,0.5);
#7013=TOROIDAL_SURFACE('',#7885,1.1,0.5);
#7014=TOROIDAL_SURFACE('',#7897,2.1,0.5);
#7015=TOROIDAL_SURFACE('',#7903,2.1,0.5);
#7016=TOROIDAL_SURFACE('',#7908,2.1,0.5);
#7017=TOROIDAL_SURFACE('',#7912,2.1,0.5);
#7018=TOROIDAL_SURFACE('',#7918,3.4,0.5);
#7019=TOROIDAL_SURFACE('',#7925,3.4,0.5);
#7020=TOROIDAL_SURFACE('',#7931,3.4,0.5);
#7021=TOROIDAL_SURFACE('',#7936,3.4,0.5);
#7022=TOROIDAL_SURFACE('',#8021,1.6,0.25);
#7023=TOROIDAL_SURFACE('',#8073,0.649999999999999,0.1);
#7024=TOROIDAL_SURFACE('',#8079,0.650000000000007,0.1);
#7025=TOROIDAL_SURFACE('',#8084,0.650000000000001,0.1);
#7026=TOROIDAL_SURFACE('',#8089,0.649999999999997,0.1);
#7027=TOROIDAL_SURFACE('',#8100,1.1,0.1);
#7028=TOROIDAL_SURFACE('',#8107,1.1,0.1);
#7029=TOROIDAL_SURFACE('',#8113,1.1,0.1);
#7030=TOROIDAL_SURFACE('',#8119,1.1,0.1);
#7031=TOROIDAL_SURFACE('',#8215,1.1,0.1);
#7032=TOROIDAL_SURFACE('',#8222,1.10000000000001,0.1);
#7033=TOROIDAL_SURFACE('',#8228,1.1,0.1);
#7034=TOROIDAL_SURFACE('',#8234,1.1,0.1);
#7035=TOROIDAL_SURFACE('',#8258,1.9,0.6);
#7036=TOROIDAL_SURFACE('',#8265,1.9,0.6);
#7037=TOROIDAL_SURFACE('',#8271,1.90000000000001,0.6);
#7038=TOROIDAL_SURFACE('',#8277,1.9,0.6);
#7039=TOROIDAL_SURFACE('',#8367,4.3,1.65);
#7040=TOROIDAL_SURFACE('',#8439,2.,0.45);
#7041=TOROIDAL_SURFACE('',#8511,2.,0.45);
#7042=ADVANCED_FACE('',(#1677),#6990,.T.);
#7043=ADVANCED_FACE('',(#1678),#1515,.T.);
#7044=ADVANCED_FACE('',(#1679),#6991,.T.);
#7045=ADVANCED_FACE('',(#1680),#1516,.T.);
#7046=ADVANCED_FACE('',(#1681),#6992,.T.);
#7047=ADVANCED_FACE('',(#1682),#1517,.T.);
#7048=ADVANCED_FACE('',(#1683),#6993,.T.);
#7049=ADVANCED_FACE('',(#1684),#1518,.T.);
#7050=ADVANCED_FACE('',(#1685),#318,.T.);
#7051=ADVANCED_FACE('',(#1686),#1519,.T.);
#7052=ADVANCED_FACE('',(#1687),#319,.T.);
#7053=ADVANCED_FACE('',(#1688),#1520,.T.);
#7054=ADVANCED_FACE('',(#1689,#264,#265,#266),#320,.F.);
#7055=ADVANCED_FACE('',(#1690),#230,.T.);
#7056=ADVANCED_FACE('',(#1691),#1521,.T.);
#7057=ADVANCED_FACE('',(#1692),#321,.F.);
#7058=ADVANCED_FACE('',(#1693),#231,.T.);
#7059=ADVANCED_FACE('',(#1694),#1522,.T.);
#7060=ADVANCED_FACE('',(#1695),#322,.F.);
#7061=ADVANCED_FACE('',(#1696),#1523,.F.);
#7062=ADVANCED_FACE('',(#1697),#323,.F.);
#7063=ADVANCED_FACE('',(#1698),#324,.F.);
#7064=ADVANCED_FACE('',(#1699),#1524,.F.);
#7065=ADVANCED_FACE('',(#1700),#1525,.F.);
#7066=ADVANCED_FACE('',(#1701),#325,.F.);
#7067=ADVANCED_FACE('',(#1702),#326,.F.);
#7068=ADVANCED_FACE('',(#1703),#1526,.F.);
#7069=ADVANCED_FACE('',(#1704,#267),#327,.T.);
#7070=ADVANCED_FACE('',(#1705),#328,.F.);
#7071=ADVANCED_FACE('',(#1706),#1527,.F.);
#7072=ADVANCED_FACE('',(#1707),#6994,.F.);
#7073=ADVANCED_FACE('',(#1708),#1528,.F.);
#7074=ADVANCED_FACE('',(#1709),#6995,.F.);
#7075=ADVANCED_FACE('',(#1710),#1529,.F.);
#7076=ADVANCED_FACE('',(#1711),#6996,.F.);
#7077=ADVANCED_FACE('',(#1712),#1530,.F.);
#7078=ADVANCED_FACE('',(#1713),#6997,.F.);
#7079=ADVANCED_FACE('',(#1714,#268),#329,.F.);
#7080=ADVANCED_FACE('',(#1715),#330,.F.);
#7081=ADVANCED_FACE('',(#1716),#1531,.F.);
#7082=ADVANCED_FACE('',(#1717),#1532,.F.);
#7083=ADVANCED_FACE('',(#1718),#331,.F.);
#7084=ADVANCED_FACE('',(#1719),#1533,.F.);
#7085=ADVANCED_FACE('',(#1720),#332,.F.);
#7086=ADVANCED_FACE('',(#1721),#1534,.F.);
#7087=ADVANCED_FACE('',(#1722),#1535,.F.);
#7088=ADVANCED_FACE('',(#1723),#6998,.F.);
#7089=ADVANCED_FACE('',(#1724),#1536,.F.);
#7090=ADVANCED_FACE('',(#1725),#6999,.F.);
#7091=ADVANCED_FACE('',(#1726),#1537,.F.);
#7092=ADVANCED_FACE('',(#1727),#7000,.F.);
#7093=ADVANCED_FACE('',(#1728),#1538,.F.);
#7094=ADVANCED_FACE('',(#1729),#7001,.F.);
#7095=ADVANCED_FACE('',(#1730,#269),#333,.F.);
#7096=ADVANCED_FACE('',(#1731),#1539,.F.);
#7097=ADVANCED_FACE('',(#1732),#334,.F.);
#7098=ADVANCED_FACE('',(#1733),#1540,.F.);
#7099=ADVANCED_FACE('',(#1734),#335,.F.);
#7100=ADVANCED_FACE('',(#1735),#336,.F.);
#7101=ADVANCED_FACE('',(#1736),#1541,.F.);
#7102=ADVANCED_FACE('',(#1737),#337,.F.);
#7103=ADVANCED_FACE('',(#1738),#338,.F.);
#7104=ADVANCED_FACE('',(#1739),#1542,.F.);
#7105=ADVANCED_FACE('',(#1740),#339,.F.);
#7106=ADVANCED_FACE('',(#1741),#1543,.F.);
#7107=ADVANCED_FACE('',(#1742),#1544,.F.);
#7108=ADVANCED_FACE('',(#1743),#1545,.F.);
#7109=ADVANCED_FACE('',(#1744),#340,.F.);
#7110=ADVANCED_FACE('',(#1745),#1546,.F.);
#7111=ADVANCED_FACE('',(#1746),#341,.F.);
#7112=ADVANCED_FACE('',(#1747),#201,.T.);
#7113=ADVANCED_FACE('',(#1748),#7002,.F.);
#7114=ADVANCED_FACE('',(#1749),#1547,.F.);
#7115=ADVANCED_FACE('',(#1750),#7003,.F.);
#7116=ADVANCED_FACE('',(#1751),#202,.T.);
#7117=ADVANCED_FACE('',(#1752),#1548,.T.);
#7118=ADVANCED_FACE('',(#1753),#342,.T.);
#7119=ADVANCED_FACE('',(#1754),#1549,.T.);
#7120=ADVANCED_FACE('',(#1755),#203,.T.);
#7121=ADVANCED_FACE('',(#1756),#7004,.F.);
#7122=ADVANCED_FACE('',(#1757),#1550,.F.);
#7123=ADVANCED_FACE('',(#1758),#7005,.F.);
#7124=ADVANCED_FACE('',(#1759),#204,.T.);
#7125=ADVANCED_FACE('',(#1760),#1551,.T.);
#7126=ADVANCED_FACE('',(#1761),#343,.T.);
#7127=ADVANCED_FACE('',(#1762),#1552,.T.);
#7128=ADVANCED_FACE('',(#1763),#7006,.T.);
#7129=ADVANCED_FACE('',(#1764),#1553,.T.);
#7130=ADVANCED_FACE('',(#1765),#7007,.T.);
#7131=ADVANCED_FACE('',(#1766),#1554,.T.);
#7132=ADVANCED_FACE('',(#1767),#7008,.T.);
#7133=ADVANCED_FACE('',(#1768),#1555,.T.);
#7134=ADVANCED_FACE('',(#1769),#7009,.T.);
#7135=ADVANCED_FACE('',(#1770),#1556,.T.);
#7136=ADVANCED_FACE('',(#1771),#344,.T.);
#7137=ADVANCED_FACE('',(#1772),#1557,.T.);
#7138=ADVANCED_FACE('',(#1773),#345,.T.);
#7139=ADVANCED_FACE('',(#1774),#1558,.T.);
#7140=ADVANCED_FACE('',(#1775,#270),#346,.T.);
#7141=ADVANCED_FACE('',(#1776),#7010,.T.);
#7142=ADVANCED_FACE('',(#1777),#1559,.T.);
#7143=ADVANCED_FACE('',(#1778),#7011,.T.);
#7144=ADVANCED_FACE('',(#1779),#1560,.T.);
#7145=ADVANCED_FACE('',(#1780),#7012,.T.);
#7146=ADVANCED_FACE('',(#1781),#1561,.T.);
#7147=ADVANCED_FACE('',(#1782),#7013,.T.);
#7148=ADVANCED_FACE('',(#1783),#1562,.T.);
#7149=ADVANCED_FACE('',(#1784),#347,.T.);
#7150=ADVANCED_FACE('',(#1785),#1563,.T.);
#7151=ADVANCED_FACE('',(#1786),#348,.T.);
#7152=ADVANCED_FACE('',(#1787),#1564,.T.);
#7153=ADVANCED_FACE('',(#1788,#271),#349,.T.);
#7154=ADVANCED_FACE('',(#1789),#7014,.F.);
#7155=ADVANCED_FACE('',(#1790),#1565,.F.);
#7156=ADVANCED_FACE('',(#1791),#7015,.F.);
#7157=ADVANCED_FACE('',(#1792),#1566,.F.);
#7158=ADVANCED_FACE('',(#1793),#7016,.F.);
#7159=ADVANCED_FACE('',(#1794),#1567,.F.);
#7160=ADVANCED_FACE('',(#1795),#7017,.F.);
#7161=ADVANCED_FACE('',(#1796),#1568,.F.);
#7162=ADVANCED_FACE('',(#1797),#1569,.T.);
#7163=ADVANCED_FACE('',(#1798),#350,.T.);
#7164=ADVANCED_FACE('',(#1799),#1570,.T.);
#7165=ADVANCED_FACE('',(#1800),#7018,.F.);
#7166=ADVANCED_FACE('',(#1801),#1571,.F.);
#7167=ADVANCED_FACE('',(#1802),#7019,.F.);
#7168=ADVANCED_FACE('',(#1803),#1572,.F.);
#7169=ADVANCED_FACE('',(#1804),#7020,.F.);
#7170=ADVANCED_FACE('',(#1805),#1573,.F.);
#7171=ADVANCED_FACE('',(#1806),#7021,.F.);
#7172=ADVANCED_FACE('',(#1807),#1574,.F.);
#7173=ADVANCED_FACE('',(#1808),#1575,.T.);
#7174=ADVANCED_FACE('',(#1809),#351,.T.);
#7175=ADVANCED_FACE('',(#1810),#1576,.T.);
#7176=ADVANCED_FACE('',(#1811,#272),#352,.T.);
#7177=ADVANCED_FACE('',(#1812),#121,.F.);
#7178=ADVANCED_FACE('',(#1813),#1577,.T.);
#7179=ADVANCED_FACE('',(#1814),#122,.F.);
#7180=ADVANCED_FACE('',(#1815),#1578,.T.);
#7181=ADVANCED_FACE('',(#1816,#273,#274),#353,.T.);
#7182=ADVANCED_FACE('',(#1817),#354,.T.);
#7183=ADVANCED_FACE('',(#1818),#123,.F.);
#7184=ADVANCED_FACE('',(#1819),#1579,.T.);
#7185=ADVANCED_FACE('',(#1820),#124,.F.);
#7186=ADVANCED_FACE('',(#1821),#1580,.T.);
#7187=ADVANCED_FACE('',(#1822),#355,.T.);
#7188=ADVANCED_FACE('',(#1823),#1581,.T.);
#7189=ADVANCED_FACE('',(#1824),#125,.F.);
#7190=ADVANCED_FACE('',(#1825),#1582,.T.);
#7191=ADVANCED_FACE('',(#1826),#126,.F.);
#7192=ADVANCED_FACE('',(#1827),#1583,.T.);
#7193=ADVANCED_FACE('',(#1828),#356,.T.);
#7194=ADVANCED_FACE('',(#1829),#1584,.T.);
#7195=ADVANCED_FACE('',(#1830),#1585,.T.);
#7196=ADVANCED_FACE('',(#1831),#127,.F.);
#7197=ADVANCED_FACE('',(#1832),#1586,.T.);
#7198=ADVANCED_FACE('',(#1833),#128,.F.);
#7199=ADVANCED_FACE('',(#1834),#1587,.T.);
#7200=ADVANCED_FACE('',(#1835),#357,.T.);
#7201=ADVANCED_FACE('',(#1836),#1588,.T.);
#7202=ADVANCED_FACE('',(#1837),#358,.T.);
#7203=ADVANCED_FACE('',(#1838),#1589,.F.);
#7204=ADVANCED_FACE('',(#1839),#1590,.F.);
#7205=ADVANCED_FACE('',(#1840,#275),#359,.T.);
#7206=ADVANCED_FACE('',(#1841,#276),#360,.T.);
#7207=ADVANCED_FACE('',(#1842),#361,.T.);
#7208=ADVANCED_FACE('',(#1843),#362,.T.);
#7209=ADVANCED_FACE('',(#1844),#232,.F.);
#7210=ADVANCED_FACE('',(#1845),#233,.F.);
#7211=ADVANCED_FACE('',(#1846),#1591,.F.);
#7212=ADVANCED_FACE('',(#1847),#234,.T.);
#7213=ADVANCED_FACE('',(#1848),#235,.T.);
#7214=ADVANCED_FACE('',(#1849),#363,.T.);
#7215=ADVANCED_FACE('',(#1850),#1592,.T.);
#7216=ADVANCED_FACE('',(#1851),#364,.T.);
#7217=ADVANCED_FACE('',(#1852),#1593,.T.);
#7218=ADVANCED_FACE('',(#1853),#365,.T.);
#7219=ADVANCED_FACE('',(#1854),#1594,.T.);
#7220=ADVANCED_FACE('',(#1855,#277),#366,.F.);
#7221=ADVANCED_FACE('',(#1856),#1595,.T.);
#7222=ADVANCED_FACE('',(#1857),#1596,.T.);
#7223=ADVANCED_FACE('',(#1858),#367,.T.);
#7224=ADVANCED_FACE('',(#1859),#1597,.T.);
#7225=ADVANCED_FACE('',(#1860),#7022,.F.);
#7226=ADVANCED_FACE('',(#1861),#1598,.T.);
#7227=ADVANCED_FACE('',(#1862),#236,.T.);
#7228=ADVANCED_FACE('',(#1863),#368,.T.);
#7229=ADVANCED_FACE('',(#1864),#369,.T.);
#7230=ADVANCED_FACE('',(#1865),#370,.T.);
#7231=ADVANCED_FACE('',(#1866,#278),#371,.T.);
#7232=ADVANCED_FACE('',(#1867),#372,.F.);
#7233=ADVANCED_FACE('',(#1868),#205,.F.);
#7234=ADVANCED_FACE('',(#1869),#206,.F.);
#7235=ADVANCED_FACE('',(#1870),#373,.F.);
#7236=ADVANCED_FACE('',(#1871),#207,.F.);
#7237=ADVANCED_FACE('',(#1872),#208,.F.);
#7238=ADVANCED_FACE('',(#1873),#374,.F.);
#7239=ADVANCED_FACE('',(#1874),#209,.F.);
#7240=ADVANCED_FACE('',(#1875),#210,.F.);
#7241=ADVANCED_FACE('',(#1876),#211,.F.);
#7242=ADVANCED_FACE('',(#1877),#375,.F.);
#7243=ADVANCED_FACE('',(#1878),#376,.T.);
#7244=ADVANCED_FACE('',(#1879),#377,.T.);
#7245=ADVANCED_FACE('',(#1880),#378,.T.);
#7246=ADVANCED_FACE('',(#1881),#379,.T.);
#7247=ADVANCED_FACE('',(#1882),#212,.F.);
#7248=ADVANCED_FACE('',(#1883),#380,.F.);
#7249=ADVANCED_FACE('',(#1884),#213,.F.);
#7250=ADVANCED_FACE('',(#1885),#214,.F.);
#7251=ADVANCED_FACE('',(#1886),#381,.F.);
#7252=ADVANCED_FACE('',(#1887),#215,.F.);
#7253=ADVANCED_FACE('',(#1888),#216,.F.);
#7254=ADVANCED_FACE('',(#1889),#217,.F.);
#7255=ADVANCED_FACE('',(#1890),#382,.F.);
#7256=ADVANCED_FACE('',(#1891),#383,.F.);
#7257=ADVANCED_FACE('',(#1892),#384,.F.);
#7258=ADVANCED_FACE('',(#1893),#218,.F.);
#7259=ADVANCED_FACE('',(#1894),#219,.F.);
#7260=ADVANCED_FACE('',(#1895,#279),#385,.T.);
#7261=ADVANCED_FACE('',(#1896),#386,.T.);
#7262=ADVANCED_FACE('',(#1897),#220,.T.);
#7263=ADVANCED_FACE('',(#1898),#221,.T.);
#7264=ADVANCED_FACE('',(#1899),#387,.T.);
#7265=ADVANCED_FACE('',(#1900),#388,.T.);
#7266=ADVANCED_FACE('',(#1901),#389,.T.);
#7267=ADVANCED_FACE('',(#1902),#222,.T.);
#7268=ADVANCED_FACE('',(#1903),#223,.T.);
#7269=ADVANCED_FACE('',(#1904),#390,.T.);
#7270=ADVANCED_FACE('',(#1905),#391,.T.);
#7271=ADVANCED_FACE('',(#1906),#224,.F.);
#7272=ADVANCED_FACE('',(#1907),#225,.F.);
#7273=ADVANCED_FACE('',(#1908),#392,.F.);
#7274=ADVANCED_FACE('',(#1909),#226,.F.);
#7275=ADVANCED_FACE('',(#1910),#393,.F.);
#7276=ADVANCED_FACE('',(#1911),#227,.F.);
#7277=ADVANCED_FACE('',(#1912),#394,.F.);
#7278=ADVANCED_FACE('',(#1913),#228,.F.);
#7279=ADVANCED_FACE('',(#1914),#229,.F.);
#7280=ADVANCED_FACE('',(#1915,#280,#281),#395,.F.);
#7281=ADVANCED_FACE('',(#1916,#282,#283,#284,#285,#286,#287,#288,#289,#290,
#291),#396,.T.);
#7282=ADVANCED_FACE('',(#1917),#397,.T.);
#7283=ADVANCED_FACE('',(#1918),#398,.T.);
#7284=ADVANCED_FACE('',(#1919),#7023,.T.);
#7285=ADVANCED_FACE('',(#1920),#1599,.T.);
#7286=ADVANCED_FACE('',(#1921),#7024,.T.);
#7287=ADVANCED_FACE('',(#1922),#1600,.T.);
#7288=ADVANCED_FACE('',(#1923),#7025,.T.);
#7289=ADVANCED_FACE('',(#1924),#1601,.T.);
#7290=ADVANCED_FACE('',(#1925),#7026,.T.);
#7291=ADVANCED_FACE('',(#1926),#1602,.T.);
#7292=ADVANCED_FACE('',(#1927),#399,.T.);
#7293=ADVANCED_FACE('',(#1928),#1603,.T.);
#7294=ADVANCED_FACE('',(#1929),#400,.T.);
#7295=ADVANCED_FACE('',(#1930),#1604,.T.);
#7296=ADVANCED_FACE('',(#1931),#401,.T.);
#7297=ADVANCED_FACE('',(#1932),#7027,.T.);
#7298=ADVANCED_FACE('',(#1933),#1605,.T.);
#7299=ADVANCED_FACE('',(#1934),#7028,.T.);
#7300=ADVANCED_FACE('',(#1935),#1606,.T.);
#7301=ADVANCED_FACE('',(#1936),#7029,.T.);
#7302=ADVANCED_FACE('',(#1937),#1607,.T.);
#7303=ADVANCED_FACE('',(#1938),#7030,.T.);
#7304=ADVANCED_FACE('',(#1939),#1608,.T.);
#7305=ADVANCED_FACE('',(#1940),#402,.T.);
#7306=ADVANCED_FACE('',(#1941),#1609,.T.);
#7307=ADVANCED_FACE('',(#1942),#403,.T.);
#7308=ADVANCED_FACE('',(#1943),#1610,.T.);
#7309=ADVANCED_FACE('',(#1944,#292,#293,#294,#295,#296,#297,#298),#404,
 .T.);
#7310=ADVANCED_FACE('',(#1945),#1611,.F.);
#7311=ADVANCED_FACE('',(#1946),#1612,.F.);
#7312=ADVANCED_FACE('',(#1947),#1613,.F.);
#7313=ADVANCED_FACE('',(#1948),#1614,.F.);
#7314=ADVANCED_FACE('',(#1949),#1615,.F.);
#7315=ADVANCED_FACE('',(#1950,#299),#405,.T.);
#7316=ADVANCED_FACE('',(#1951),#1616,.F.);
#7317=ADVANCED_FACE('',(#1952,#300),#406,.T.);
#7318=ADVANCED_FACE('',(#1953,#301),#407,.T.);
#7319=ADVANCED_FACE('',(#1954),#1617,.F.);
#7320=ADVANCED_FACE('',(#1955,#302),#408,.T.);
#7321=ADVANCED_FACE('',(#1956,#303),#409,.T.);
#7322=ADVANCED_FACE('',(#1957),#1618,.F.);
#7323=ADVANCED_FACE('',(#1958,#304),#410,.T.);
#7324=ADVANCED_FACE('',(#1959,#305),#411,.T.);
#7325=ADVANCED_FACE('',(#1960),#1619,.F.);
#7326=ADVANCED_FACE('',(#1961,#306),#412,.T.);
#7327=ADVANCED_FACE('',(#1962,#307),#413,.T.);
#7328=ADVANCED_FACE('',(#1963),#1620,.F.);
#7329=ADVANCED_FACE('',(#1964,#308),#414,.T.);
#7330=ADVANCED_FACE('',(#1965),#237,.F.);
#7331=ADVANCED_FACE('',(#1966),#1621,.F.);
#7332=ADVANCED_FACE('',(#1967),#238,.F.);
#7333=ADVANCED_FACE('',(#1968),#1622,.F.);
#7334=ADVANCED_FACE('',(#1969),#239,.F.);
#7335=ADVANCED_FACE('',(#1970),#1623,.F.);
#7336=ADVANCED_FACE('',(#1971),#240,.F.);
#7337=ADVANCED_FACE('',(#1972),#1624,.F.);
#7338=ADVANCED_FACE('',(#1973),#241,.F.);
#7339=ADVANCED_FACE('',(#1974),#1625,.F.);
#7340=ADVANCED_FACE('',(#1975),#242,.F.);
#7341=ADVANCED_FACE('',(#1976),#1626,.F.);
#7342=ADVANCED_FACE('',(#1977),#243,.F.);
#7343=ADVANCED_FACE('',(#1978),#1627,.F.);
#7344=ADVANCED_FACE('',(#1979,#309),#415,.T.);
#7345=ADVANCED_FACE('',(#1980),#1628,.F.);
#7346=ADVANCED_FACE('',(#1981,#310),#416,.T.);
#7347=ADVANCED_FACE('',(#1982),#1629,.F.);
#7348=ADVANCED_FACE('',(#1983),#1630,.T.);
#7349=ADVANCED_FACE('',(#1984),#417,.T.);
#7350=ADVANCED_FACE('',(#1985),#1631,.T.);
#7351=ADVANCED_FACE('',(#1986),#418,.T.);
#7352=ADVANCED_FACE('',(#1987),#7031,.T.);
#7353=ADVANCED_FACE('',(#1988),#1632,.T.);
#7354=ADVANCED_FACE('',(#1989),#7032,.T.);
#7355=ADVANCED_FACE('',(#1990),#1633,.T.);
#7356=ADVANCED_FACE('',(#1991),#7033,.T.);
#7357=ADVANCED_FACE('',(#1992),#1634,.T.);
#7358=ADVANCED_FACE('',(#1993),#7034,.T.);
#7359=ADVANCED_FACE('',(#1994),#1635,.T.);
#7360=ADVANCED_FACE('',(#1995),#419,.T.);
#7361=ADVANCED_FACE('',(#1996),#1636,.T.);
#7362=ADVANCED_FACE('',(#1997),#420,.T.);
#7363=ADVANCED_FACE('',(#1998),#1637,.T.);
#7364=ADVANCED_FACE('',(#1999,#311),#421,.T.);
#7365=ADVANCED_FACE('',(#2000),#1638,.T.);
#7366=ADVANCED_FACE('',(#2001),#422,.T.);
#7367=ADVANCED_FACE('',(#2002),#1639,.T.);
#7368=ADVANCED_FACE('',(#2003),#423,.T.);
#7369=ADVANCED_FACE('',(#2004),#424,.T.);
#7370=ADVANCED_FACE('',(#2005),#1640,.T.);
#7371=ADVANCED_FACE('',(#2006),#425,.T.);
#7372=ADVANCED_FACE('',(#2007),#1641,.T.);
#7373=ADVANCED_FACE('',(#2008),#7035,.T.);
#7374=ADVANCED_FACE('',(#2009),#1642,.T.);
#7375=ADVANCED_FACE('',(#2010),#7036,.T.);
#7376=ADVANCED_FACE('',(#2011),#1643,.T.);
#7377=ADVANCED_FACE('',(#2012),#7037,.T.);
#7378=ADVANCED_FACE('',(#2013),#1644,.T.);
#7379=ADVANCED_FACE('',(#2014),#7038,.T.);
#7380=ADVANCED_FACE('',(#2015),#1645,.T.);
#7381=ADVANCED_FACE('',(#2016),#426,.T.);
#7382=ADVANCED_FACE('',(#2017),#1646,.T.);
#7383=ADVANCED_FACE('',(#2018),#427,.T.);
#7384=ADVANCED_FACE('',(#2019),#1647,.T.);
#7385=ADVANCED_FACE('',(#2020,#312),#428,.T.);
#7386=ADVANCED_FACE('',(#2021),#429,.T.);
#7387=ADVANCED_FACE('',(#2022),#1648,.T.);
#7388=ADVANCED_FACE('',(#2023),#430,.T.);
#7389=ADVANCED_FACE('',(#2024),#1649,.T.);
#7390=ADVANCED_FACE('',(#2025,#313),#431,.F.);
#7391=ADVANCED_FACE('',(#2026),#432,.F.);
#7392=ADVANCED_FACE('',(#2027),#433,.F.);
#7393=ADVANCED_FACE('',(#2028),#434,.F.);
#7394=ADVANCED_FACE('',(#2029),#435,.F.);
#7395=ADVANCED_FACE('',(#2030),#436,.F.);
#7396=ADVANCED_FACE('',(#2031),#437,.F.);
#7397=ADVANCED_FACE('',(#2032),#438,.F.);
#7398=ADVANCED_FACE('',(#2033),#439,.F.);
#7399=ADVANCED_FACE('',(#2034),#440,.F.);
#7400=ADVANCED_FACE('',(#2035),#441,.F.);
#7401=ADVANCED_FACE('',(#2036),#442,.F.);
#7402=ADVANCED_FACE('',(#2037),#443,.F.);
#7403=ADVANCED_FACE('',(#2038),#444,.T.);
#7404=ADVANCED_FACE('',(#2039),#445,.T.);
#7405=ADVANCED_FACE('',(#2040),#446,.T.);
#7406=ADVANCED_FACE('',(#2041),#447,.T.);
#7407=ADVANCED_FACE('',(#2042),#244,.F.);
#7408=ADVANCED_FACE('',(#2043),#245,.F.);
#7409=ADVANCED_FACE('',(#2044),#246,.F.);
#7410=ADVANCED_FACE('',(#2045),#247,.F.);
#7411=ADVANCED_FACE('',(#2046),#1650,.F.);
#7412=ADVANCED_FACE('',(#2047),#1651,.F.);
#7413=ADVANCED_FACE('',(#2048),#1652,.F.);
#7414=ADVANCED_FACE('',(#2049),#1653,.F.);
#7415=ADVANCED_FACE('',(#2050),#1654,.T.);
#7416=ADVANCED_FACE('',(#2051),#448,.T.);
#7417=ADVANCED_FACE('',(#2052),#248,.F.);
#7418=ADVANCED_FACE('',(#2053),#1655,.T.);
#7419=ADVANCED_FACE('',(#2054,#314),#449,.T.);
#7420=ADVANCED_FACE('',(#2055),#1656,.T.);
#7421=ADVANCED_FACE('',(#2056,#315),#450,.T.);
#7422=ADVANCED_FACE('',(#2057),#249,.T.);
#7423=ADVANCED_FACE('',(#2058),#1657,.T.);
#7424=ADVANCED_FACE('',(#2059),#451,.T.);
#7425=ADVANCED_FACE('',(#2060),#7039,.T.);
#7426=ADVANCED_FACE('',(#2061),#1658,.T.);
#7427=ADVANCED_FACE('',(#2062),#452,.F.);
#7428=ADVANCED_FACE('',(#2063),#453,.F.);
#7429=ADVANCED_FACE('',(#2064),#454,.F.);
#7430=ADVANCED_FACE('',(#2065),#455,.F.);
#7431=ADVANCED_FACE('',(#2066),#456,.F.);
#7432=ADVANCED_FACE('',(#2067),#457,.F.);
#7433=ADVANCED_FACE('',(#2068),#458,.F.);
#7434=ADVANCED_FACE('',(#2069),#459,.F.);
#7435=ADVANCED_FACE('',(#2070),#460,.F.);
#7436=ADVANCED_FACE('',(#2071),#461,.T.);
#7437=ADVANCED_FACE('',(#2072),#1659,.F.);
#7438=ADVANCED_FACE('',(#2073),#1660,.F.);
#7439=ADVANCED_FACE('',(#2074),#1661,.F.);
#7440=ADVANCED_FACE('',(#2075),#1662,.F.);
#7441=ADVANCED_FACE('',(#2076),#462,.T.);
#7442=ADVANCED_FACE('',(#2077),#463,.T.);
#7443=ADVANCED_FACE('',(#2078),#464,.T.);
#7444=ADVANCED_FACE('',(#2079),#465,.T.);
#7445=ADVANCED_FACE('',(#2080),#250,.F.);
#7446=ADVANCED_FACE('',(#2081),#251,.F.);
#7447=ADVANCED_FACE('',(#2082),#252,.F.);
#7448=ADVANCED_FACE('',(#2083),#253,.F.);
#7449=ADVANCED_FACE('',(#2084),#254,.T.);
#7450=ADVANCED_FACE('',(#2085),#466,.T.);
#7451=ADVANCED_FACE('',(#2086),#1663,.T.);
#7452=ADVANCED_FACE('',(#2087,#316),#467,.T.);
#7453=ADVANCED_FACE('',(#2088),#1664,.T.);
#7454=ADVANCED_FACE('',(#2089),#255,.T.);
#7455=ADVANCED_FACE('',(#2090),#1665,.T.);
#7456=ADVANCED_FACE('',(#2091),#468,.T.);
#7457=ADVANCED_FACE('',(#2092),#256,.T.);
#7458=ADVANCED_FACE('',(#2093),#1666,.T.);
#7459=ADVANCED_FACE('',(#2094),#7040,.T.);
#7460=ADVANCED_FACE('',(#2095),#1667,.T.);
#7461=ADVANCED_FACE('',(#2096),#469,.F.);
#7462=ADVANCED_FACE('',(#2097),#470,.F.);
#7463=ADVANCED_FACE('',(#2098),#471,.F.);
#7464=ADVANCED_FACE('',(#2099),#472,.F.);
#7465=ADVANCED_FACE('',(#2100),#473,.F.);
#7466=ADVANCED_FACE('',(#2101),#474,.F.);
#7467=ADVANCED_FACE('',(#2102),#475,.F.);
#7468=ADVANCED_FACE('',(#2103),#476,.F.);
#7469=ADVANCED_FACE('',(#2104),#477,.F.);
#7470=ADVANCED_FACE('',(#2105),#478,.T.);
#7471=ADVANCED_FACE('',(#2106),#1668,.F.);
#7472=ADVANCED_FACE('',(#2107),#1669,.F.);
#7473=ADVANCED_FACE('',(#2108),#1670,.F.);
#7474=ADVANCED_FACE('',(#2109),#1671,.F.);
#7475=ADVANCED_FACE('',(#2110),#479,.T.);
#7476=ADVANCED_FACE('',(#2111),#480,.T.);
#7477=ADVANCED_FACE('',(#2112),#481,.T.);
#7478=ADVANCED_FACE('',(#2113),#482,.T.);
#7479=ADVANCED_FACE('',(#2114),#257,.F.);
#7480=ADVANCED_FACE('',(#2115),#258,.F.);
#7481=ADVANCED_FACE('',(#2116),#259,.F.);
#7482=ADVANCED_FACE('',(#2117),#260,.F.);
#7483=ADVANCED_FACE('',(#2118),#261,.T.);
#7484=ADVANCED_FACE('',(#2119),#483,.T.);
#7485=ADVANCED_FACE('',(#2120),#1672,.T.);
#7486=ADVANCED_FACE('',(#2121,#317),#484,.T.);
#7487=ADVANCED_FACE('',(#2122),#1673,.T.);
#7488=ADVANCED_FACE('',(#2123),#262,.T.);
#7489=ADVANCED_FACE('',(#2124),#1674,.T.);
#7490=ADVANCED_FACE('',(#2125),#485,.T.);
#7491=ADVANCED_FACE('',(#2126),#263,.T.);
#7492=ADVANCED_FACE('',(#2127),#1675,.T.);
#7493=ADVANCED_FACE('',(#2128),#7041,.T.);
#7494=ADVANCED_FACE('',(#2129),#1676,.T.);
#7495=ADVANCED_FACE('',(#2130),#486,.F.);
#7496=CLOSED_SHELL('',(#7042,#7043,#7044,#7045,#7046,#7047,#7048,#7049,
#7050,#7051,#7052,#7053,#7054,#7055,#7056,#7057,#7058,#7059,#7060,#7061,
#7062,#7063,#7064,#7065,#7066,#7067,#7068,#7069,#7070,#7071,#7072,#7073,
#7074,#7075,#7076,#7077,#7078,#7079,#7080,#7081,#7082,#7083,#7084,#7085,
#7086,#7087,#7088,#7089,#7090,#7091,#7092,#7093,#7094,#7095,#7096,#7097,
#7098,#7099,#7100,#7101,#7102,#7103,#7104,#7105,#7106,#7107,#7108,#7109,
#7110,#7111,#7112,#7113,#7114,#7115,#7116,#7117,#7118,#7119,#7120,#7121,
#7122,#7123,#7124,#7125,#7126,#7127,#7128,#7129,#7130,#7131,#7132,#7133,
#7134,#7135,#7136,#7137,#7138,#7139,#7140,#7141,#7142,#7143,#7144,#7145,
#7146,#7147,#7148,#7149,#7150,#7151,#7152,#7153,#7154,#7155,#7156,#7157,
#7158,#7159,#7160,#7161,#7162,#7163,#7164,#7165,#7166,#7167,#7168,#7169,
#7170,#7171,#7172,#7173,#7174,#7175,#7176,#7177,#7178,#7179,#7180,#7181,
#7182,#7183,#7184,#7185,#7186,#7187,#7188,#7189,#7190,#7191,#7192,#7193,
#7194,#7195,#7196,#7197,#7198,#7199,#7200,#7201,#7202,#7203,#7204,#7205,
#7206,#7207,#7208));
#7497=CLOSED_SHELL('',(#7209,#7210,#7211,#7212,#7213,#7214,#7215,#7216,
#7217,#7218,#7219,#7220,#7221,#7222,#7223,#7224,#7225,#7226,#7227,#7228,
#7229,#7230,#7231));
#7498=CLOSED_SHELL('',(#7232,#7233,#7234,#7235,#7236,#7237,#7238,#7239,
#7240,#7241,#7242,#7243,#7244,#7245,#7246,#7247,#7248,#7249,#7250,#7251,
#7252,#7253,#7254,#7255,#7256,#7257,#7258,#7259,#7260,#7261,#7262,#7263,
#7264,#7265,#7266,#7267,#7268,#7269,#7270,#7271,#7272,#7273,#7274,#7275,
#7276,#7277,#7278,#7279,#7280,#7281,#7282,#7283,#7284,#7285,#7286,#7287,
#7288,#7289,#7290,#7291,#7292,#7293,#7294,#7295,#7296,#7297,#7298,#7299,
#7300,#7301,#7302,#7303,#7304,#7305,#7306,#7307,#7308,#7309,#7310,#7311,
#7312,#7313,#7314,#7315,#7316,#7317,#7318,#7319,#7320,#7321,#7322,#7323,
#7324,#7325,#7326,#7327,#7328,#7329,#7330,#7331,#7332,#7333,#7334,#7335,
#7336,#7337,#7338,#7339,#7340,#7341,#7342,#7343,#7344,#7345,#7346,#7347,
#7348,#7349,#7350,#7351,#7352,#7353,#7354,#7355,#7356,#7357,#7358,#7359,
#7360,#7361,#7362,#7363,#7364,#7365,#7366,#7367,#7368,#7369,#7370,#7371,
#7372,#7373,#7374,#7375,#7376,#7377,#7378,#7379,#7380,#7381,#7382,#7383,
#7384,#7385,#7386,#7387,#7388,#7389,#7390));
#7499=CLOSED_SHELL('',(#7391,#7392,#7393,#7394,#7395,#7396,#7397,#7398,
#7399,#7400,#7401,#7402,#7403,#7404,#7405,#7406,#7407,#7408,#7409,#7410,
#7411,#7412,#7413,#7414,#7415,#7416,#7417,#7418,#7419,#7420,#7421));
#7500=CLOSED_SHELL('',(#7422,#7423,#7424,#7425,#7426,#7427));
#7501=CLOSED_SHELL('',(#7428,#7429,#7430,#7431,#7432,#7433,#7434,#7435,
#7436,#7437,#7438,#7439,#7440,#7441,#7442,#7443,#7444,#7445,#7446,#7447,
#7448,#7449,#7450,#7451,#7452,#7453));
#7502=CLOSED_SHELL('',(#7454,#7455,#7456,#7457,#7458,#7459,#7460,#7461));
#7503=CLOSED_SHELL('',(#7462,#7463,#7464,#7465,#7466,#7467,#7468,#7469,
#7470,#7471,#7472,#7473,#7474,#7475,#7476,#7477,#7478,#7479,#7480,#7481,
#7482,#7483,#7484,#7485,#7486,#7487));
#7504=CLOSED_SHELL('',(#7488,#7489,#7490,#7491,#7492,#7493,#7494,#7495));
#7505=DERIVED_UNIT_ELEMENT(#7517,1.);
#7506=DERIVED_UNIT_ELEMENT(#13771,-3.);
#7507=DERIVED_UNIT_ELEMENT(#7517,1.);
#7508=DERIVED_UNIT_ELEMENT(#13771,-3.);
#7509=DERIVED_UNIT_ELEMENT(#7517,1.);
#7510=DERIVED_UNIT_ELEMENT(#13771,-3.);
#7511=DERIVED_UNIT_ELEMENT(#7517,1.);
#7512=DERIVED_UNIT_ELEMENT(#13771,-3.);
#7513=DERIVED_UNIT_ELEMENT(#7517,1.);
#7514=DERIVED_UNIT_ELEMENT(#13771,-3.);
#7515=DERIVED_UNIT_ELEMENT(#7517,1.);
#7516=DERIVED_UNIT_ELEMENT(#13771,-3.);
#7517=(
MASS_UNIT()
NAMED_UNIT(*)
SI_UNIT($,.GRAM.)
);
#7518=DERIVED_UNIT((#7505,#7506));
#7519=DERIVED_UNIT((#7507,#7508));
#7520=DERIVED_UNIT((#7509,#7510));
#7521=DERIVED_UNIT((#7511,#7512));
#7522=DERIVED_UNIT((#7513,#7514));
#7523=DERIVED_UNIT((#7515,#7516));
#7524=MEASURE_REPRESENTATION_ITEM('density measure',
POSITIVE_RATIO_MEASURE(8.83),#7518);
#7525=MEASURE_REPRESENTATION_ITEM('density measure',
POSITIVE_RATIO_MEASURE(8.83),#7519);
#7526=MEASURE_REPRESENTATION_ITEM('density measure',
POSITIVE_RATIO_MEASURE(1.425),#7520);
#7527=MEASURE_REPRESENTATION_ITEM('density measure',
POSITIVE_RATIO_MEASURE(19.3),#7521);
#7528=MEASURE_REPRESENTATION_ITEM('density measure',
POSITIVE_RATIO_MEASURE(19.3),#7522);
#7529=MEASURE_REPRESENTATION_ITEM('density measure',
POSITIVE_RATIO_MEASURE(19.3),#7523);
#7530=PROPERTY_DEFINITION_REPRESENTATION(#7560,#7542);
#7531=PROPERTY_DEFINITION_REPRESENTATION(#7561,#7543);
#7532=PROPERTY_DEFINITION_REPRESENTATION(#7562,#7544);
#7533=PROPERTY_DEFINITION_REPRESENTATION(#7563,#7545);
#7534=PROPERTY_DEFINITION_REPRESENTATION(#7564,#7546);
#7535=PROPERTY_DEFINITION_REPRESENTATION(#7565,#7547);
#7536=PROPERTY_DEFINITION_REPRESENTATION(#7566,#7548);
#7537=PROPERTY_DEFINITION_REPRESENTATION(#7567,#7549);
#7538=PROPERTY_DEFINITION_REPRESENTATION(#7568,#7550);
#7539=PROPERTY_DEFINITION_REPRESENTATION(#7569,#7551);
#7540=PROPERTY_DEFINITION_REPRESENTATION(#7570,#7552);
#7541=PROPERTY_DEFINITION_REPRESENTATION(#7571,#7553);
#7542=REPRESENTATION('material name',(#7554),#13763);
#7543=REPRESENTATION('density',(#7524),#13763);
#7544=REPRESENTATION('material name',(#7555),#13764);
#7545=REPRESENTATION('density',(#7525),#13764);
#7546=REPRESENTATION('material name',(#7556),#13765);
#7547=REPRESENTATION('density',(#7526),#13765);
#7548=REPRESENTATION('material name',(#7557),#13766);
#7549=REPRESENTATION('density',(#7527),#13766);
#7550=REPRESENTATION('material name',(#7558),#13767);
#7551=REPRESENTATION('density',(#7528),#13767);
#7552=REPRESENTATION('material name',(#7559),#13768);
#7553=REPRESENTATION('density',(#7529),#13768);
#7554=DESCRIPTIVE_REPRESENTATION_ITEM('Nickel-Copper Alloy 400',
'Nickel-Copper Alloy 400');
#7555=DESCRIPTIVE_REPRESENTATION_ITEM('Nickel-Copper Alloy 400',
'Nickel-Copper Alloy 400');
#7556=DESCRIPTIVE_REPRESENTATION_ITEM('Acetal Resin, Black',
'Acetal Resin, Black');
#7557=DESCRIPTIVE_REPRESENTATION_ITEM('Gold','Gold');
#7558=DESCRIPTIVE_REPRESENTATION_ITEM('Gold','Gold');
#7559=DESCRIPTIVE_REPRESENTATION_ITEM('Gold','Gold');
#7560=PROPERTY_DEFINITION('material property','material name',#13808);
#7561=PROPERTY_DEFINITION('material property','density of part',#13808);
#7562=PROPERTY_DEFINITION('material property','material name',#13809);
#7563=PROPERTY_DEFINITION('material property','density of part',#13809);
#7564=PROPERTY_DEFINITION('material property','material name',#13810);
#7565=PROPERTY_DEFINITION('material property','density of part',#13810);
#7566=PROPERTY_DEFINITION('material property','material name',#13811);
#7567=PROPERTY_DEFINITION('material property','density of part',#13811);
#7568=PROPERTY_DEFINITION('material property','material name',#13812);
#7569=PROPERTY_DEFINITION('material property','density of part',#13812);
#7570=PROPERTY_DEFINITION('material property','material name',#13813);
#7571=PROPERTY_DEFINITION('material property','density of part',#13813);
#7572=PRESENTATION_STYLE_ASSIGNMENT((#7575));
#7573=PRESENTATION_STYLE_ASSIGNMENT((#7576));
#7574=PRESENTATION_STYLE_ASSIGNMENT((#7577));
#7575=SURFACE_STYLE_USAGE(.BOTH.,#7584);
#7576=SURFACE_STYLE_USAGE(.BOTH.,#7585);
#7577=SURFACE_STYLE_USAGE(.BOTH.,#7586);
#7578=SURFACE_STYLE_RENDERING_WITH_PROPERTIES($,#7596,(#7581));
#7579=SURFACE_STYLE_RENDERING_WITH_PROPERTIES($,#7597,(#7582));
#7580=SURFACE_STYLE_RENDERING_WITH_PROPERTIES($,#7598,(#7583));
#7581=SURFACE_STYLE_TRANSPARENT(0.);
#7582=SURFACE_STYLE_TRANSPARENT(0.);
#7583=SURFACE_STYLE_TRANSPARENT(0.);
#7584=SURFACE_SIDE_STYLE('',(#7587,#7578));
#7585=SURFACE_SIDE_STYLE('',(#7588,#7579));
#7586=SURFACE_SIDE_STYLE('',(#7589,#7580));
#7587=SURFACE_STYLE_FILL_AREA(#7590);
#7588=SURFACE_STYLE_FILL_AREA(#7591);
#7589=SURFACE_STYLE_FILL_AREA(#7592);
#7590=FILL_AREA_STYLE('',(#7593));
#7591=FILL_AREA_STYLE('',(#7594));
#7592=FILL_AREA_STYLE('',(#7595));
#7593=FILL_AREA_STYLE_COLOUR('',#7596);
#7594=FILL_AREA_STYLE_COLOUR('',#7597);
#7595=FILL_AREA_STYLE_COLOUR('',#7598);
#7596=COLOUR_RGB('',0.956862745098039,0.956862745098039,0.956862745098039);
#7597=COLOUR_RGB('',0.0588235294117647,0.0588235294117647,0.0588235294117647);
#7598=COLOUR_RGB('',1.,0.56078431372549,0.184313725490196);
#7599=DATE_TIME_ROLE('creation_date');
#7600=DATE_TIME_ROLE('creation_date');
#7601=DATE_TIME_ROLE('creation_date');
#7602=DATE_TIME_ROLE('creation_date');
#7603=DATE_TIME_ROLE('creation_date');
#7604=DATE_TIME_ROLE('creation_date');
#7605=DATE_TIME_ROLE('creation_date');
#7606=APPLIED_DATE_AND_TIME_ASSIGNMENT(#7613,#7599,(#13807));
#7607=APPLIED_DATE_AND_TIME_ASSIGNMENT(#7614,#7600,(#13808));
#7608=APPLIED_DATE_AND_TIME_ASSIGNMENT(#7615,#7601,(#13809));
#7609=APPLIED_DATE_AND_TIME_ASSIGNMENT(#7616,#7602,(#13810));
#7610=APPLIED_DATE_AND_TIME_ASSIGNMENT(#7617,#7603,(#13811));
#7611=APPLIED_DATE_AND_TIME_ASSIGNMENT(#7618,#7604,(#13812));
#7612=APPLIED_DATE_AND_TIME_ASSIGNMENT(#7619,#7605,(#13813));
#7613=DATE_AND_TIME(#7620,#7627);
#7614=DATE_AND_TIME(#7621,#7628);
#7615=DATE_AND_TIME(#7622,#7629);
#7616=DATE_AND_TIME(#7623,#7630);
#7617=DATE_AND_TIME(#7624,#7631);
#7618=DATE_AND_TIME(#7625,#7632);
#7619=DATE_AND_TIME(#7626,#7633);
#7620=CALENDAR_DATE(2021,2,4);
#7621=CALENDAR_DATE(2021,2,4);
#7622=CALENDAR_DATE(2021,2,4);
#7623=CALENDAR_DATE(2021,2,4);
#7624=CALENDAR_DATE(2021,2,4);
#7625=CALENDAR_DATE(2021,2,4);
#7626=CALENDAR_DATE(2021,2,4);
#7627=LOCAL_TIME(0,0,0.,#7634);
#7628=LOCAL_TIME(0,0,0.,#7635);
#7629=LOCAL_TIME(0,0,0.,#7636);
#7630=LOCAL_TIME(0,0,0.,#7637);
#7631=LOCAL_TIME(0,0,0.,#7638);
#7632=LOCAL_TIME(0,0,0.,#7639);
#7633=LOCAL_TIME(0,0,0.,#7640);
#7634=COORDINATED_UNIVERSAL_TIME_OFFSET(0,0,.BEHIND.);
#7635=COORDINATED_UNIVERSAL_TIME_OFFSET(0,0,.BEHIND.);
#7636=COORDINATED_UNIVERSAL_TIME_OFFSET(0,0,.BEHIND.);
#7637=COORDINATED_UNIVERSAL_TIME_OFFSET(0,0,.BEHIND.);
#7638=COORDINATED_UNIVERSAL_TIME_OFFSET(0,0,.BEHIND.);
#7639=COORDINATED_UNIVERSAL_TIME_OFFSET(0,0,.BEHIND.);
#7640=COORDINATED_UNIVERSAL_TIME_OFFSET(0,0,.BEHIND.);
#7641=AXIS2_PLACEMENT_3D('placement',#10819,#8529,#8530);
#7642=AXIS2_PLACEMENT_3D('placement',#10820,#8531,#8532);
#7643=AXIS2_PLACEMENT_3D('',#10821,#8533,#8534);
#7644=AXIS2_PLACEMENT_3D('',#10824,#8535,#8536);
#7645=AXIS2_PLACEMENT_3D('',#10826,#8537,#8538);
#7646=AXIS2_PLACEMENT_3D('',#10828,#8539,#8540);
#7647=AXIS2_PLACEMENT_3D('',#10829,#8541,#8542);
#7648=AXIS2_PLACEMENT_3D('',#10830,#8543,#8544);
#7649=AXIS2_PLACEMENT_3D('',#10833,#8545,#8546);
#7650=AXIS2_PLACEMENT_3D('',#10836,#8549,#8550);
#7651=AXIS2_PLACEMENT_3D('',#10839,#8551,#8552);
#7652=AXIS2_PLACEMENT_3D('',#10840,#8553,#8554);
#7653=AXIS2_PLACEMENT_3D('',#10841,#8555,#8556);
#7654=AXIS2_PLACEMENT_3D('',#10842,#8557,#8558);
#7655=AXIS2_PLACEMENT_3D('',#10845,#8559,#8560);
#7656=AXIS2_PLACEMENT_3D('',#10848,#8563,#8564);
#7657=AXIS2_PLACEMENT_3D('',#10851,#8565,#8566);
#7658=AXIS2_PLACEMENT_3D('',#10852,#8567,#8568);
#7659=AXIS2_PLACEMENT_3D('',#10853,#8569,#8570);
#7660=AXIS2_PLACEMENT_3D('',#10854,#8571,#8572);
#7661=AXIS2_PLACEMENT_3D('',#10857,#8573,#8574);
#7662=AXIS2_PLACEMENT_3D('',#10860,#8577,#8578);
#7663=AXIS2_PLACEMENT_3D('',#10863,#8579,#8580);
#7664=AXIS2_PLACEMENT_3D('',#10864,#8581,#8582);
#7665=AXIS2_PLACEMENT_3D('',#10865,#8583,#8584);
#7666=AXIS2_PLACEMENT_3D('',#10866,#8585,#8586);
#7667=AXIS2_PLACEMENT_3D('',#10869,#8589,#8590);
#7668=AXIS2_PLACEMENT_3D('',#10875,#8594,#8595);
#7669=AXIS2_PLACEMENT_3D('',#10878,#8597,#8598);
#7670=AXIS2_PLACEMENT_3D('',#10879,#8599,#8600);
#7671=AXIS2_PLACEMENT_3D('',#10891,#8607,#8608);
#7672=AXIS2_PLACEMENT_3D('',#10894,#8610,#8611);
#7673=AXIS2_PLACEMENT_3D('',#10895,#8612,#8613);
#7674=AXIS2_PLACEMENT_3D('',#10898,#8614,#8615);
#7675=AXIS2_PLACEMENT_3D('',#10902,#8617,#8618);
#7676=AXIS2_PLACEMENT_3D('',#10906,#8620,#8621);
#7677=AXIS2_PLACEMENT_3D('',#10910,#8623,#8624);
#7678=AXIS2_PLACEMENT_3D('',#10913,#8626,#8627);
#7679=AXIS2_PLACEMENT_3D('',#10915,#8628,#8629);
#7680=AXIS2_PLACEMENT_3D('',#10916,#8630,#8631);
#7681=AXIS2_PLACEMENT_3D('',#10918,#8632,#8633);
#7682=AXIS2_PLACEMENT_3D('',#10922,#8635,#8636);
#7683=AXIS2_PLACEMENT_3D('',#10923,#8637,#8638);
#7684=AXIS2_PLACEMENT_3D('',#10924,#8639,#8640);
#7685=AXIS2_PLACEMENT_3D('',#10927,#8642,#8643);
#7686=AXIS2_PLACEMENT_3D('',#10928,#8644,#8645);
#7687=AXIS2_PLACEMENT_3D('',#10929,#8646,#8647);
#7688=AXIS2_PLACEMENT_3D('',#10931,#8648,#8649);
#7689=AXIS2_PLACEMENT_3D('',#10935,#8651,#8652);
#7690=AXIS2_PLACEMENT_3D('',#10936,#8653,#8654);
#7691=AXIS2_PLACEMENT_3D('',#10937,#8655,#8656);
#7692=AXIS2_PLACEMENT_3D('',#10940,#8658,#8659);
#7693=AXIS2_PLACEMENT_3D('',#10941,#8660,#8661);
#7694=AXIS2_PLACEMENT_3D('',#10942,#8662,#8663);
#7695=AXIS2_PLACEMENT_3D('',#10945,#8664,#8665);
#7696=AXIS2_PLACEMENT_3D('',#10949,#8667,#8668);
#7697=AXIS2_PLACEMENT_3D('',#10951,#8670,#8671);
#7698=AXIS2_PLACEMENT_3D('',#10957,#8675,#8676);
#7699=AXIS2_PLACEMENT_3D('',#10963,#8680,#8681);
#7700=AXIS2_PLACEMENT_3D('',#10965,#8682,#8683);
#7701=AXIS2_PLACEMENT_3D('',#10968,#8685,#8686);
#7702=AXIS2_PLACEMENT_3D('',#10969,#8687,#8688);
#7703=AXIS2_PLACEMENT_3D('',#10971,#8689,#8690);
#7704=AXIS2_PLACEMENT_3D('',#10973,#8691,#8692);
#7705=AXIS2_PLACEMENT_3D('',#10975,#8694,#8695);
#7706=AXIS2_PLACEMENT_3D('',#10981,#8699,#8700);
#7707=AXIS2_PLACEMENT_3D('',#10987,#8704,#8705);
#7708=AXIS2_PLACEMENT_3D('',#10988,#8706,#8707);
#7709=AXIS2_PLACEMENT_3D('',#10989,#8708,#8709);
#7710=AXIS2_PLACEMENT_3D('',#10990,#8710,#8711);
#7711=AXIS2_PLACEMENT_3D('',#10995,#8713,#8714);
#7712=AXIS2_PLACEMENT_3D('',#10999,#8716,#8717);
#7713=AXIS2_PLACEMENT_3D('',#11003,#8719,#8720);
#7714=AXIS2_PLACEMENT_3D('',#11006,#8722,#8723);
#7715=AXIS2_PLACEMENT_3D('',#11007,#8724,#8725);
#7716=AXIS2_PLACEMENT_3D('',#11013,#8729,#8730);
#7717=AXIS2_PLACEMENT_3D('',#11015,#8731,#8732);
#7718=AXIS2_PLACEMENT_3D('',#11017,#8733,#8734);
#7719=AXIS2_PLACEMENT_3D('',#11019,#8736,#8737);
#7720=AXIS2_PLACEMENT_3D('',#11021,#8738,#8739);
#7721=AXIS2_PLACEMENT_3D('',#11022,#8740,#8741);
#7722=AXIS2_PLACEMENT_3D('',#11023,#8742,#8743);
#7723=AXIS2_PLACEMENT_3D('',#11025,#8744,#8745);
#7724=AXIS2_PLACEMENT_3D('',#11027,#8747,#8748);
#7725=AXIS2_PLACEMENT_3D('',#11029,#8749,#8750);
#7726=AXIS2_PLACEMENT_3D('',#11030,#8751,#8752);
#7727=AXIS2_PLACEMENT_3D('',#11031,#8753,#8754);
#7728=AXIS2_PLACEMENT_3D('',#11033,#8755,#8756);
#7729=AXIS2_PLACEMENT_3D('',#11035,#8758,#8759);
#7730=AXIS2_PLACEMENT_3D('',#11037,#8760,#8761);
#7731=AXIS2_PLACEMENT_3D('',#11038,#8762,#8763);
#7732=AXIS2_PLACEMENT_3D('',#11039,#8764,#8765);
#7733=AXIS2_PLACEMENT_3D('',#11041,#8766,#8767);
#7734=AXIS2_PLACEMENT_3D('',#11043,#8769,#8770);
#7735=AXIS2_PLACEMENT_3D('',#11044,#8771,#8772);
#7736=AXIS2_PLACEMENT_3D('',#11045,#8773,#8774);
#7737=AXIS2_PLACEMENT_3D('',#11048,#8775,#8776);
#7738=AXIS2_PLACEMENT_3D('',#11052,#8778,#8779);
#7739=AXIS2_PLACEMENT_3D('',#11056,#8781,#8782);
#7740=AXIS2_PLACEMENT_3D('',#11060,#8784,#8785);
#7741=AXIS2_PLACEMENT_3D('',#11062,#8787,#8788);
#7742=AXIS2_PLACEMENT_3D('',#11068,#8792,#8793);
#7743=AXIS2_PLACEMENT_3D('',#11069,#8794,#8795);
#7744=AXIS2_PLACEMENT_3D('',#11070,#8796,#8797);
#7745=AXIS2_PLACEMENT_3D('',#11073,#8799,#8800);
#7746=AXIS2_PLACEMENT_3D('',#11074,#8801,#8802);
#7747=AXIS2_PLACEMENT_3D('',#11078,#8805,#8806);
#7748=AXIS2_PLACEMENT_3D('',#11081,#8808,#8809);
#7749=AXIS2_PLACEMENT_3D('',#11082,#8810,#8811);
#7750=AXIS2_PLACEMENT_3D('',#11086,#8814,#8815);
#7751=AXIS2_PLACEMENT_3D('',#11087,#8816,#8817);
#7752=AXIS2_PLACEMENT_3D('',#11088,#8818,#8819);
#7753=AXIS2_PLACEMENT_3D('',#11090,#8820,#8821);
#7754=AXIS2_PLACEMENT_3D('',#11093,#8823,#8824);
#7755=AXIS2_PLACEMENT_3D('',#11094,#8825,#8826);
#7756=AXIS2_PLACEMENT_3D('',#11096,#8827,#8828);
#7757=AXIS2_PLACEMENT_3D('',#11097,#8829,#8830);
#7758=AXIS2_PLACEMENT_3D('',#11098,#8831,#8832);
#7759=AXIS2_PLACEMENT_3D('',#11100,#8833,#8834);
#7760=AXIS2_PLACEMENT_3D('',#11102,#8836,#8837);
#7761=AXIS2_PLACEMENT_3D('',#11104,#8838,#8839);
#7762=AXIS2_PLACEMENT_3D('',#11105,#8840,#8841);
#7763=AXIS2_PLACEMENT_3D('',#11106,#8842,#8843);
#7764=AXIS2_PLACEMENT_3D('',#11109,#8845,#8846);
#7765=AXIS2_PLACEMENT_3D('',#11110,#8847,#8848);
#7766=AXIS2_PLACEMENT_3D('',#11112,#8849,#8850);
#7767=AXIS2_PLACEMENT_3D('',#11113,#8851,#8852);
#7768=AXIS2_PLACEMENT_3D('',#11114,#8853,#8854);
#7769=AXIS2_PLACEMENT_3D('',#11116,#8855,#8856);
#7770=AXIS2_PLACEMENT_3D('',#11118,#8858,#8859);
#7771=AXIS2_PLACEMENT_3D('',#11119,#8860,#8861);
#7772=AXIS2_PLACEMENT_3D('',#11120,#8862,#8863);
#7773=AXIS2_PLACEMENT_3D('',#11123,#8864,#8865);
#7774=AXIS2_PLACEMENT_3D('',#11127,#8867,#8868);
#7775=AXIS2_PLACEMENT_3D('',#11131,#8870,#8871);
#7776=AXIS2_PLACEMENT_3D('',#11135,#8873,#8874);
#7777=AXIS2_PLACEMENT_3D('',#11137,#8876,#8877);
#7778=AXIS2_PLACEMENT_3D('',#11141,#8879,#8880);
#7779=AXIS2_PLACEMENT_3D('',#11143,#8882,#8883);
#7780=AXIS2_PLACEMENT_3D('',#11147,#8886,#8887);
#7781=AXIS2_PLACEMENT_3D('',#11150,#8889,#8890);
#7782=AXIS2_PLACEMENT_3D('',#11151,#8891,#8892);
#7783=AXIS2_PLACEMENT_3D('',#11155,#8895,#8896);
#7784=AXIS2_PLACEMENT_3D('',#11161,#8900,#8901);
#7785=AXIS2_PLACEMENT_3D('',#11164,#8903,#8904);
#7786=AXIS2_PLACEMENT_3D('',#11165,#8905,#8906);
#7787=AXIS2_PLACEMENT_3D('',#11169,#8909,#8910);
#7788=AXIS2_PLACEMENT_3D('',#11173,#8913,#8914);
#7789=AXIS2_PLACEMENT_3D('',#11175,#8915,#8916);
#7790=AXIS2_PLACEMENT_3D('',#11177,#8918,#8919);
#7791=AXIS2_PLACEMENT_3D('',#11181,#8922,#8923);
#7792=AXIS2_PLACEMENT_3D('',#11182,#8924,#8925);
#7793=AXIS2_PLACEMENT_3D('',#11183,#8926,#8927);
#7794=AXIS2_PLACEMENT_3D('',#11186,#8929,#8930);
#7795=AXIS2_PLACEMENT_3D('',#11187,#8931,#8932);
#7796=AXIS2_PLACEMENT_3D('',#11189,#8933,#8934);
#7797=AXIS2_PLACEMENT_3D('',#11191,#8936,#8937);
#7798=AXIS2_PLACEMENT_3D('',#11195,#8940,#8941);
#7799=AXIS2_PLACEMENT_3D('',#11197,#8942,#8943);
#7800=AXIS2_PLACEMENT_3D('',#11199,#8945,#8946);
#7801=AXIS2_PLACEMENT_3D('',#11235,#8948,#8949);
#7802=AXIS2_PLACEMENT_3D('',#11253,#8950,#8951);
#7803=AXIS2_PLACEMENT_3D('',#11256,#8952,#8953);
#7804=AXIS2_PLACEMENT_3D('',#11257,#8954,#8955);
#7805=AXIS2_PLACEMENT_3D('',#11258,#8956,#8957);
#7806=AXIS2_PLACEMENT_3D('',#11259,#8958,#8959);
#7807=AXIS2_PLACEMENT_3D('',#11262,#8960,#8961);
#7808=AXIS2_PLACEMENT_3D('',#11265,#8964,#8965);
#7809=AXIS2_PLACEMENT_3D('',#11268,#8966,#8967);
#7810=AXIS2_PLACEMENT_3D('',#11269,#8968,#8969);
#7811=AXIS2_PLACEMENT_3D('',#11270,#8970,#8971);
#7812=AXIS2_PLACEMENT_3D('',#11327,#8972,#8973);
#7813=AXIS2_PLACEMENT_3D('',#11331,#8975,#8976);
#7814=AXIS2_PLACEMENT_3D('',#11333,#8978,#8979);
#7815=AXIS2_PLACEMENT_3D('',#11337,#8982,#8983);
#7816=AXIS2_PLACEMENT_3D('',#11341,#8985,#8986);
#7817=AXIS2_PLACEMENT_3D('',#11344,#8988,#8989);
#7818=AXIS2_PLACEMENT_3D('',#11379,#8990,#8991);
#7819=AXIS2_PLACEMENT_3D('',#11397,#8992,#8993);
#7820=AXIS2_PLACEMENT_3D('',#11400,#8994,#8995);
#7821=AXIS2_PLACEMENT_3D('',#11401,#8996,#8997);
#7822=AXIS2_PLACEMENT_3D('',#11402,#8998,#8999);
#7823=AXIS2_PLACEMENT_3D('',#11403,#9000,#9001);
#7824=AXIS2_PLACEMENT_3D('',#11406,#9002,#9003);
#7825=AXIS2_PLACEMENT_3D('',#11409,#9006,#9007);
#7826=AXIS2_PLACEMENT_3D('',#11412,#9008,#9009);
#7827=AXIS2_PLACEMENT_3D('',#11413,#9010,#9011);
#7828=AXIS2_PLACEMENT_3D('',#11414,#9012,#9013);
#7829=AXIS2_PLACEMENT_3D('',#11472,#9014,#9015);
#7830=AXIS2_PLACEMENT_3D('',#11476,#9017,#9018);
#7831=AXIS2_PLACEMENT_3D('',#11480,#9020,#9021);
#7832=AXIS2_PLACEMENT_3D('',#11482,#9023,#9024);
#7833=AXIS2_PLACEMENT_3D('',#11486,#9027,#9028);
#7834=AXIS2_PLACEMENT_3D('',#11489,#9030,#9031);
#7835=AXIS2_PLACEMENT_3D('',#11491,#9033,#9034);
#7836=AXIS2_PLACEMENT_3D('',#11494,#9035,#9036);
#7837=AXIS2_PLACEMENT_3D('',#11496,#9037,#9038);
#7838=AXIS2_PLACEMENT_3D('',#11498,#9039,#9040);
#7839=AXIS2_PLACEMENT_3D('',#11499,#9041,#9042);
#7840=AXIS2_PLACEMENT_3D('',#11500,#9043,#9044);
#7841=AXIS2_PLACEMENT_3D('',#11503,#9045,#9046);
#7842=AXIS2_PLACEMENT_3D('',#11506,#9049,#9050);
#7843=AXIS2_PLACEMENT_3D('',#11509,#9051,#9052);
#7844=AXIS2_PLACEMENT_3D('',#11510,#9053,#9054);
#7845=AXIS2_PLACEMENT_3D('',#11511,#9055,#9056);
#7846=AXIS2_PLACEMENT_3D('',#11512,#9057,#9058);
#7847=AXIS2_PLACEMENT_3D('',#11515,#9059,#9060);
#7848=AXIS2_PLACEMENT_3D('',#11518,#9063,#9064);
#7849=AXIS2_PLACEMENT_3D('',#11521,#9065,#9066);
#7850=AXIS2_PLACEMENT_3D('',#11522,#9067,#9068);
#7851=AXIS2_PLACEMENT_3D('',#11523,#9069,#9070);
#7852=AXIS2_PLACEMENT_3D('',#11524,#9071,#9072);
#7853=AXIS2_PLACEMENT_3D('',#11527,#9073,#9074);
#7854=AXIS2_PLACEMENT_3D('',#11530,#9077,#9078);
#7855=AXIS2_PLACEMENT_3D('',#11533,#9079,#9080);
#7856=AXIS2_PLACEMENT_3D('',#11534,#9081,#9082);
#7857=AXIS2_PLACEMENT_3D('',#11535,#9083,#9084);
#7858=AXIS2_PLACEMENT_3D('',#11536,#9085,#9086);
#7859=AXIS2_PLACEMENT_3D('',#11539,#9089,#9090);
#7860=AXIS2_PLACEMENT_3D('',#11545,#9094,#9095);
#7861=AXIS2_PLACEMENT_3D('',#11548,#9097,#9098);
#7862=AXIS2_PLACEMENT_3D('',#11549,#9099,#9100);
#7863=AXIS2_PLACEMENT_3D('',#11553,#9103,#9104);
#7864=AXIS2_PLACEMENT_3D('',#11556,#9106,#9107);
#7865=AXIS2_PLACEMENT_3D('',#11557,#9108,#9109);
#7866=AXIS2_PLACEMENT_3D('',#11558,#9110,#9111);
#7867=AXIS2_PLACEMENT_3D('',#11561,#9112,#9113);
#7868=AXIS2_PLACEMENT_3D('',#11563,#9114,#9115);
#7869=AXIS2_PLACEMENT_3D('',#11565,#9116,#9117);
#7870=AXIS2_PLACEMENT_3D('',#11566,#9118,#9119);
#7871=AXIS2_PLACEMENT_3D('',#11567,#9120,#9121);
#7872=AXIS2_PLACEMENT_3D('',#11570,#9122,#9123);
#7873=AXIS2_PLACEMENT_3D('',#11573,#9126,#9127);
#7874=AXIS2_PLACEMENT_3D('',#11576,#9128,#9129);
#7875=AXIS2_PLACEMENT_3D('',#11577,#9130,#9131);
#7876=AXIS2_PLACEMENT_3D('',#11578,#9132,#9133);
#7877=AXIS2_PLACEMENT_3D('',#11579,#9134,#9135);
#7878=AXIS2_PLACEMENT_3D('',#11582,#9136,#9137);
#7879=AXIS2_PLACEMENT_3D('',#11585,#9140,#9141);
#7880=AXIS2_PLACEMENT_3D('',#11588,#9142,#9143);
#7881=AXIS2_PLACEMENT_3D('',#11589,#9144,#9145);
#7882=AXIS2_PLACEMENT_3D('',#11590,#9146,#9147);
#7883=AXIS2_PLACEMENT_3D('',#11591,#9148,#9149);
#7884=AXIS2_PLACEMENT_3D('',#11594,#9150,#9151);
#7885=AXIS2_PLACEMENT_3D('',#11597,#9154,#9155);
#7886=AXIS2_PLACEMENT_3D('',#11600,#9156,#9157);
#7887=AXIS2_PLACEMENT_3D('',#11601,#9158,#9159);
#7888=AXIS2_PLACEMENT_3D('',#11602,#9160,#9161);
#7889=AXIS2_PLACEMENT_3D('',#11603,#9162,#9163);
#7890=AXIS2_PLACEMENT_3D('',#11606,#9166,#9167);
#7891=AXIS2_PLACEMENT_3D('',#11612,#9171,#9172);
#7892=AXIS2_PLACEMENT_3D('',#11615,#9174,#9175);
#7893=AXIS2_PLACEMENT_3D('',#11616,#9176,#9177);
#7894=AXIS2_PLACEMENT_3D('',#11620,#9180,#9181);
#7895=AXIS2_PLACEMENT_3D('',#11623,#9183,#9184);
#7896=AXIS2_PLACEMENT_3D('',#11624,#9185,#9186);
#7897=AXIS2_PLACEMENT_3D('',#11625,#9187,#9188);
#7898=AXIS2_PLACEMENT_3D('',#11627,#9189,#9190);
#7899=AXIS2_PLACEMENT_3D('',#11629,#9191,#9192);
#7900=AXIS2_PLACEMENT_3D('',#11630,#9193,#9194);
#7901=AXIS2_PLACEMENT_3D('',#11631,#9195,#9196);
#7902=AXIS2_PLACEMENT_3D('',#11633,#9197,#9198);
#7903=AXIS2_PLACEMENT_3D('',#11635,#9200,#9201);
#7904=AXIS2_PLACEMENT_3D('',#11636,#9202,#9203);
#7905=AXIS2_PLACEMENT_3D('',#11637,#9204,#9205);
#7906=AXIS2_PLACEMENT_3D('',#11638,#9206,#9207);
#7907=AXIS2_PLACEMENT_3D('',#11639,#9208,#9209);
#7908=AXIS2_PLACEMENT_3D('',#11640,#9210,#9211);
#7909=AXIS2_PLACEMENT_3D('',#11641,#9212,#9213);
#7910=AXIS2_PLACEMENT_3D('',#11642,#9214,#9215);
#7911=AXIS2_PLACEMENT_3D('',#11643,#9216,#9217);
#7912=AXIS2_PLACEMENT_3D('',#11644,#9218,#9219);
#7913=AXIS2_PLACEMENT_3D('',#11645,#9220,#9221);
#7914=AXIS2_PLACEMENT_3D('',#11646,#9222,#9223);
#7915=AXIS2_PLACEMENT_3D('',#11648,#9225,#9226);
#7916=AXIS2_PLACEMENT_3D('',#11650,#9228,#9229);
#7917=AXIS2_PLACEMENT_3D('',#11652,#9231,#9232);
#7918=AXIS2_PLACEMENT_3D('',#11654,#9234,#9235);
#7919=AXIS2_PLACEMENT_3D('',#11657,#9236,#9237);
#7920=AXIS2_PLACEMENT_3D('',#11659,#9238,#9239);
#7921=AXIS2_PLACEMENT_3D('',#11661,#9240,#9241);
#7922=AXIS2_PLACEMENT_3D('',#11662,#9242,#9243);
#7923=AXIS2_PLACEMENT_3D('',#11663,#9244,#9245);
#7924=AXIS2_PLACEMENT_3D('',#11666,#9246,#9247);
#7925=AXIS2_PLACEMENT_3D('',#11669,#9250,#9251);
#7926=AXIS2_PLACEMENT_3D('',#11671,#9252,#9253);
#7927=AXIS2_PLACEMENT_3D('',#11672,#9254,#9255);
#7928=AXIS2_PLACEMENT_3D('',#11673,#9256,#9257);
#7929=AXIS2_PLACEMENT_3D('',#11674,#9258,#9259);
#7930=AXIS2_PLACEMENT_3D('',#11676,#9260,#9261);
#7931=AXIS2_PLACEMENT_3D('',#11678,#9263,#9264);
#7932=AXIS2_PLACEMENT_3D('',#11680,#9265,#9266);
#7933=AXIS2_PLACEMENT_3D('',#11681,#9267,#9268);
#7934=AXIS2_PLACEMENT_3D('',#11682,#9269,#9270);
#7935=AXIS2_PLACEMENT_3D('',#11684,#9271,#9272);
#7936=AXIS2_PLACEMENT_3D('',#11686,#9274,#9275);
#7937=AXIS2_PLACEMENT_3D('',#11688,#9276,#9277);
#7938=AXIS2_PLACEMENT_3D('',#11689,#9278,#9279);
#7939=AXIS2_PLACEMENT_3D('',#11690,#9280,#9281);
#7940=AXIS2_PLACEMENT_3D('',#11693,#9284,#9285);
#7941=AXIS2_PLACEMENT_3D('',#11695,#9287,#9288);
#7942=AXIS2_PLACEMENT_3D('',#11697,#9290,#9291);
#7943=AXIS2_PLACEMENT_3D('',#11699,#9293,#9294);
#7944=AXIS2_PLACEMENT_3D('',#11702,#9296,#9297);
#7945=AXIS2_PLACEMENT_3D('',#11704,#9298,#9299);
#7946=AXIS2_PLACEMENT_3D('',#11723,#9302,#9303);
#7947=AXIS2_PLACEMENT_3D('',#11725,#9304,#9305);
#7948=AXIS2_PLACEMENT_3D('',#11726,#9306,#9307);
#7949=AXIS2_PLACEMENT_3D('',#11727,#9308,#9309);
#7950=AXIS2_PLACEMENT_3D('',#11729,#9310,#9311);
#7951=AXIS2_PLACEMENT_3D('',#11748,#9314,#9315);
#7952=AXIS2_PLACEMENT_3D('',#11749,#9316,#9317);
#7953=AXIS2_PLACEMENT_3D('',#11750,#9318,#9319);
#7954=AXIS2_PLACEMENT_3D('',#11752,#9321,#9322);
#7955=AXIS2_PLACEMENT_3D('',#11754,#9324,#9325);
#7956=AXIS2_PLACEMENT_3D('',#11771,#9326,#9327);
#7957=AXIS2_PLACEMENT_3D('',#11773,#9328,#9329);
#7958=AXIS2_PLACEMENT_3D('',#11774,#9330,#9331);
#7959=AXIS2_PLACEMENT_3D('',#11775,#9332,#9333);
#7960=AXIS2_PLACEMENT_3D('',#11777,#9334,#9335);
#7961=AXIS2_PLACEMENT_3D('',#11795,#9337,#9338);
#7962=AXIS2_PLACEMENT_3D('',#11796,#9339,#9340);
#7963=AXIS2_PLACEMENT_3D('',#11797,#9341,#9342);
#7964=AXIS2_PLACEMENT_3D('',#11799,#9344,#9345);
#7965=AXIS2_PLACEMENT_3D('',#11800,#9346,#9347);
#7966=AXIS2_PLACEMENT_3D('',#11802,#9348,#9349);
#7967=AXIS2_PLACEMENT_3D('',#11814,#9351,#9352);
#7968=AXIS2_PLACEMENT_3D('',#11815,#9353,#9354);
#7969=AXIS2_PLACEMENT_3D('',#11816,#9355,#9356);
#7970=AXIS2_PLACEMENT_3D('',#11818,#9357,#9358);
#7971=AXIS2_PLACEMENT_3D('',#11831,#9360,#9361);
#7972=AXIS2_PLACEMENT_3D('',#11832,#9362,#9363);
#7973=AXIS2_PLACEMENT_3D('',#11833,#9364,#9365);
#7974=AXIS2_PLACEMENT_3D('',#11834,#9366,#9367);
#7975=AXIS2_PLACEMENT_3D('',#11837,#9370,#9371);
#7976=AXIS2_PLACEMENT_3D('',#11839,#9373,#9374);
#7977=AXIS2_PLACEMENT_3D('',#11840,#9375,#9376);
#7978=AXIS2_PLACEMENT_3D('',#11844,#9378,#9379);
#7979=AXIS2_PLACEMENT_3D('',#11856,#9381,#9382);
#7980=AXIS2_PLACEMENT_3D('',#11857,#9383,#9384);
#7981=AXIS2_PLACEMENT_3D('',#11858,#9385,#9386);
#7982=AXIS2_PLACEMENT_3D('',#11859,#9387,#9388);
#7983=AXIS2_PLACEMENT_3D('',#11861,#9389,#9390);
#7984=AXIS2_PLACEMENT_3D('',#11873,#9392,#9393);
#7985=AXIS2_PLACEMENT_3D('',#11874,#9394,#9395);
#7986=AXIS2_PLACEMENT_3D('',#11875,#9396,#9397);
#7987=AXIS2_PLACEMENT_3D('',#11878,#9400,#9401);
#7988=AXIS2_PLACEMENT_3D('',#11879,#9402,#9403);
#7989=AXIS2_PLACEMENT_3D('',#11881,#9405,#9406);
#7990=AXIS2_PLACEMENT_3D('',#11882,#9407,#9408);
#7991=AXIS2_PLACEMENT_3D('',#11885,#9410,#9411);
#7992=AXIS2_PLACEMENT_3D('',#11886,#9412,#9413);
#7993=AXIS2_PLACEMENT_3D('',#11889,#9415,#9416);
#7994=AXIS2_PLACEMENT_3D('',#11890,#9417,#9418);
#7995=AXIS2_PLACEMENT_3D('',#11891,#9419,#9420);
#7996=AXIS2_PLACEMENT_3D('',#11892,#9421,#9422);
#7997=AXIS2_PLACEMENT_3D('',#11893,#9423,#9424);
#7998=AXIS2_PLACEMENT_3D('placement',#11894,#9425,#9426);
#7999=AXIS2_PLACEMENT_3D('',#11895,#9427,#9428);
#8000=AXIS2_PLACEMENT_3D('',#11897,#9429,#9430);
#8001=AXIS2_PLACEMENT_3D('',#11900,#9432,#9433);
#8002=AXIS2_PLACEMENT_3D('',#11902,#9434,#9435);
#8003=AXIS2_PLACEMENT_3D('',#11905,#9437,#9438);
#8004=AXIS2_PLACEMENT_3D('',#11906,#9439,#9440);
#8005=AXIS2_PLACEMENT_3D('',#11908,#9442,#9443);
#8006=AXIS2_PLACEMENT_3D('',#11934,#9445,#9446);
#8007=AXIS2_PLACEMENT_3D('',#12005,#9447,#9448);
#8008=AXIS2_PLACEMENT_3D('',#12007,#9449,#9450);
#8009=AXIS2_PLACEMENT_3D('',#12102,#9452,#9453);
#8010=AXIS2_PLACEMENT_3D('',#12105,#9456,#9457);
#8011=AXIS2_PLACEMENT_3D('',#12107,#9459,#9460);
#8012=AXIS2_PLACEMENT_3D('',#12109,#9462,#9463);
#8013=AXIS2_PLACEMENT_3D('',#12111,#9465,#9466);
#8014=AXIS2_PLACEMENT_3D('',#12113,#9468,#9469);
#8015=AXIS2_PLACEMENT_3D('',#12115,#9471,#9472);
#8016=AXIS2_PLACEMENT_3D('',#12117,#9473,#9474);
#8017=AXIS2_PLACEMENT_3D('',#12118,#9475,#9476);
#8018=AXIS2_PLACEMENT_3D('',#12120,#9478,#9479);
#8019=AXIS2_PLACEMENT_3D('',#12123,#9482,#9483);
#8020=AXIS2_PLACEMENT_3D('',#12125,#9485,#9486);
#8021=AXIS2_PLACEMENT_3D('',#12127,#9488,#9489);
#8022=AXIS2_PLACEMENT_3D('',#12130,#9490,#9491);
#8023=AXIS2_PLACEMENT_3D('',#12131,#9492,#9493);
#8024=AXIS2_PLACEMENT_3D('',#12132,#9494,#9495);
#8025=AXIS2_PLACEMENT_3D('',#12133,#9496,#9497);
#8026=AXIS2_PLACEMENT_3D('',#12136,#9498,#9499);
#8027=AXIS2_PLACEMENT_3D('',#12137,#9500,#9501);
#8028=AXIS2_PLACEMENT_3D('',#12139,#9503,#9504);
#8029=AXIS2_PLACEMENT_3D('',#12141,#9505,#9506);
#8030=AXIS2_PLACEMENT_3D('',#12143,#9508,#9509);
#8031=AXIS2_PLACEMENT_3D('',#12144,#9510,#9511);
#8032=AXIS2_PLACEMENT_3D('',#12145,#9512,#9513);
#8033=AXIS2_PLACEMENT_3D('',#12146,#9514,#9515);
#8034=AXIS2_PLACEMENT_3D('placement',#12147,#9516,#9517);
#8035=AXIS2_PLACEMENT_3D('',#12148,#9518,#9519);
#8036=AXIS2_PLACEMENT_3D('',#12187,#9526,#9527);
#8037=AXIS2_PLACEMENT_3D('',#12223,#9533,#9534);
#8038=AXIS2_PLACEMENT_3D('',#12274,#9541,#9542);
#8039=AXIS2_PLACEMENT_3D('',#12277,#9545,#9546);
#8040=AXIS2_PLACEMENT_3D('',#12278,#9547,#9548);
#8041=AXIS2_PLACEMENT_3D('',#12287,#9553,#9554);
#8042=AXIS2_PLACEMENT_3D('',#12293,#9558,#9559);
#8043=AXIS2_PLACEMENT_3D('',#12314,#9564,#9565);
#8044=AXIS2_PLACEMENT_3D('',#12350,#9571,#9572);
#8045=AXIS2_PLACEMENT_3D('',#12401,#9579,#9580);
#8046=AXIS2_PLACEMENT_3D('',#12407,#9584,#9585);
#8047=AXIS2_PLACEMENT_3D('',#12413,#9589,#9590);
#8048=AXIS2_PLACEMENT_3D('',#12446,#9595,#9596);
#8049=AXIS2_PLACEMENT_3D('',#12447,#9597,#9598);
#8050=AXIS2_PLACEMENT_3D('',#12494,#9605,#9606);
#8051=AXIS2_PLACEMENT_3D('',#12500,#9610,#9611);
#8052=AXIS2_PLACEMENT_3D('',#12503,#9614,#9615);
#8053=AXIS2_PLACEMENT_3D('',#12550,#9622,#9623);
#8054=AXIS2_PLACEMENT_3D('',#12556,#9627,#9628);
#8055=AXIS2_PLACEMENT_3D('',#12596,#9634,#9635);
#8056=AXIS2_PLACEMENT_3D('',#12617,#9640,#9641);
#8057=AXIS2_PLACEMENT_3D('',#12638,#9646,#9647);
#8058=AXIS2_PLACEMENT_3D('',#12675,#9652,#9653);
#8059=AXIS2_PLACEMENT_3D('',#12676,#9654,#9655);
#8060=AXIS2_PLACEMENT_3D('',#12679,#9656,#9657);
#8061=AXIS2_PLACEMENT_3D('',#12683,#9659,#9660);
#8062=AXIS2_PLACEMENT_3D('',#12687,#9662,#9663);
#8063=AXIS2_PLACEMENT_3D('',#12691,#9665,#9666);
#8064=AXIS2_PLACEMENT_3D('',#12694,#9668,#9669);
#8065=AXIS2_PLACEMENT_3D('',#12696,#9670,#9671);
#8066=AXIS2_PLACEMENT_3D('',#12698,#9672,#9673);
#8067=AXIS2_PLACEMENT_3D('',#12700,#9674,#9675);
#8068=AXIS2_PLACEMENT_3D('',#12702,#9676,#9677);
#8069=AXIS2_PLACEMENT_3D('',#12704,#9678,#9679);
#8070=AXIS2_PLACEMENT_3D('',#12706,#9680,#9681);
#8071=AXIS2_PLACEMENT_3D('',#12707,#9682,#9683);
#8072=AXIS2_PLACEMENT_3D('',#12708,#9684,#9685);
#8073=AXIS2_PLACEMENT_3D('',#12709,#9686,#9687);
#8074=AXIS2_PLACEMENT_3D('',#12711,#9688,#9689);
#8075=AXIS2_PLACEMENT_3D('',#12713,#9690,#9691);
#8076=AXIS2_PLACEMENT_3D('',#12714,#9692,#9693);
#8077=AXIS2_PLACEMENT_3D('',#12715,#9694,#9695);
#8078=AXIS2_PLACEMENT_3D('',#12717,#9696,#9697);
#8079=AXIS2_PLACEMENT_3D('',#12719,#9699,#9700);
#8080=AXIS2_PLACEMENT_3D('',#12721,#9701,#9702);
#8081=AXIS2_PLACEMENT_3D('',#12722,#9703,#9704);
#8082=AXIS2_PLACEMENT_3D('',#12723,#9705,#9706);
#8083=AXIS2_PLACEMENT_3D('',#12725,#9707,#9708);
#8084=AXIS2_PLACEMENT_3D('',#12727,#9710,#9711);
#8085=AXIS2_PLACEMENT_3D('',#12729,#9712,#9713);
#8086=AXIS2_PLACEMENT_3D('',#12730,#9714,#9715);
#8087=AXIS2_PLACEMENT_3D('',#12731,#9716,#9717);
#8088=AXIS2_PLACEMENT_3D('',#12733,#9718,#9719);
#8089=AXIS2_PLACEMENT_3D('',#12735,#9721,#9722);
#8090=AXIS2_PLACEMENT_3D('',#12737,#9723,#9724);
#8091=AXIS2_PLACEMENT_3D('',#12738,#9725,#9726);
#8092=AXIS2_PLACEMENT_3D('',#12739,#9727,#9728);
#8093=AXIS2_PLACEMENT_3D('',#12741,#9730,#9731);
#8094=AXIS2_PLACEMENT_3D('',#12747,#9735,#9736);
#8095=AXIS2_PLACEMENT_3D('',#12750,#9738,#9739);
#8096=AXIS2_PLACEMENT_3D('',#12751,#9740,#9741);
#8097=AXIS2_PLACEMENT_3D('',#12755,#9744,#9745);
#8098=AXIS2_PLACEMENT_3D('',#12758,#9747,#9748);
#8099=AXIS2_PLACEMENT_3D('',#12759,#9749,#9750);
#8100=AXIS2_PLACEMENT_3D('',#12760,#9751,#9752);
#8101=AXIS2_PLACEMENT_3D('',#12763,#9753,#9754);
#8102=AXIS2_PLACEMENT_3D('',#12765,#9755,#9756);
#8103=AXIS2_PLACEMENT_3D('',#12767,#9757,#9758);
#8104=AXIS2_PLACEMENT_3D('',#12768,#9759,#9760);
#8105=AXIS2_PLACEMENT_3D('',#12769,#9761,#9762);
#8106=AXIS2_PLACEMENT_3D('',#12772,#9763,#9764);
#8107=AXIS2_PLACEMENT_3D('',#12775,#9767,#9768);
#8108=AXIS2_PLACEMENT_3D('',#12778,#9769,#9770);
#8109=AXIS2_PLACEMENT_3D('',#12779,#9771,#9772);
#8110=AXIS2_PLACEMENT_3D('',#12780,#9773,#9774);
#8111=AXIS2_PLACEMENT_3D('',#12781,#9775,#9776);
#8112=AXIS2_PLACEMENT_3D('',#12784,#9777,#9778);
#8113=AXIS2_PLACEMENT_3D('',#12787,#9781,#9782);
#8114=AXIS2_PLACEMENT_3D('',#12790,#9783,#9784);
#8115=AXIS2_PLACEMENT_3D('',#12791,#9785,#9786);
#8116=AXIS2_PLACEMENT_3D('',#12792,#9787,#9788);
#8117=AXIS2_PLACEMENT_3D('',#12793,#9789,#9790);
#8118=AXIS2_PLACEMENT_3D('',#12796,#9791,#9792);
#8119=AXIS2_PLACEMENT_3D('',#12799,#9795,#9796);
#8120=AXIS2_PLACEMENT_3D('',#12802,#9797,#9798);
#8121=AXIS2_PLACEMENT_3D('',#12803,#9799,#9800);
#8122=AXIS2_PLACEMENT_3D('',#12804,#9801,#9802);
#8123=AXIS2_PLACEMENT_3D('',#12805,#9803,#9804);
#8124=AXIS2_PLACEMENT_3D('',#12808,#9807,#9808);
#8125=AXIS2_PLACEMENT_3D('',#12814,#9812,#9813);
#8126=AXIS2_PLACEMENT_3D('',#12817,#9815,#9816);
#8127=AXIS2_PLACEMENT_3D('',#12818,#9817,#9818);
#8128=AXIS2_PLACEMENT_3D('',#12822,#9821,#9822);
#8129=AXIS2_PLACEMENT_3D('',#12825,#9824,#9825);
#8130=AXIS2_PLACEMENT_3D('',#12826,#9826,#9827);
#8131=AXIS2_PLACEMENT_3D('',#12828,#9828,#9829);
#8132=AXIS2_PLACEMENT_3D('',#12830,#9830,#9831);
#8133=AXIS2_PLACEMENT_3D('',#12832,#9832,#9833);
#8134=AXIS2_PLACEMENT_3D('',#12834,#9834,#9835);
#8135=AXIS2_PLACEMENT_3D('',#12836,#9836,#9837);
#8136=AXIS2_PLACEMENT_3D('',#12838,#9838,#9839);
#8137=AXIS2_PLACEMENT_3D('',#12840,#9840,#9841);
#8138=AXIS2_PLACEMENT_3D('',#12841,#9842,#9843);
#8139=AXIS2_PLACEMENT_3D('',#12844,#9845,#9846);
#8140=AXIS2_PLACEMENT_3D('',#12845,#9847,#9848);
#8141=AXIS2_PLACEMENT_3D('',#12848,#9850,#9851);
#8142=AXIS2_PLACEMENT_3D('',#12849,#9852,#9853);
#8143=AXIS2_PLACEMENT_3D('',#12852,#9855,#9856);
#8144=AXIS2_PLACEMENT_3D('',#12853,#9857,#9858);
#8145=AXIS2_PLACEMENT_3D('',#12856,#9860,#9861);
#8146=AXIS2_PLACEMENT_3D('',#12857,#9862,#9863);
#8147=AXIS2_PLACEMENT_3D('',#12860,#9865,#9866);
#8148=AXIS2_PLACEMENT_3D('',#12861,#9867,#9868);
#8149=AXIS2_PLACEMENT_3D('',#12863,#9869,#9870);
#8150=AXIS2_PLACEMENT_3D('',#12864,#9871,#9872);
#8151=AXIS2_PLACEMENT_3D('',#12866,#9873,#9874);
#8152=AXIS2_PLACEMENT_3D('',#12868,#9876,#9877);
#8153=AXIS2_PLACEMENT_3D('',#12870,#9878,#9879);
#8154=AXIS2_PLACEMENT_3D('',#12871,#9880,#9881);
#8155=AXIS2_PLACEMENT_3D('',#12873,#9882,#9883);
#8156=AXIS2_PLACEMENT_3D('',#12874,#9884,#9885);
#8157=AXIS2_PLACEMENT_3D('',#12876,#9886,#9887);
#8158=AXIS2_PLACEMENT_3D('',#12878,#9889,#9890);
#8159=AXIS2_PLACEMENT_3D('',#12880,#9891,#9892);
#8160=AXIS2_PLACEMENT_3D('',#12881,#9893,#9894);
#8161=AXIS2_PLACEMENT_3D('',#12883,#9895,#9896);
#8162=AXIS2_PLACEMENT_3D('',#12884,#9897,#9898);
#8163=AXIS2_PLACEMENT_3D('',#12886,#9899,#9900);
#8164=AXIS2_PLACEMENT_3D('',#12888,#9902,#9903);
#8165=AXIS2_PLACEMENT_3D('',#12890,#9904,#9905);
#8166=AXIS2_PLACEMENT_3D('',#12891,#9906,#9907);
#8167=AXIS2_PLACEMENT_3D('',#12893,#9908,#9909);
#8168=AXIS2_PLACEMENT_3D('',#12894,#9910,#9911);
#8169=AXIS2_PLACEMENT_3D('',#12896,#9912,#9913);
#8170=AXIS2_PLACEMENT_3D('',#12898,#9915,#9916);
#8171=AXIS2_PLACEMENT_3D('',#12900,#9917,#9918);
#8172=AXIS2_PLACEMENT_3D('',#12901,#9919,#9920);
#8173=AXIS2_PLACEMENT_3D('',#12903,#9921,#9922);
#8174=AXIS2_PLACEMENT_3D('',#12904,#9923,#9924);
#8175=AXIS2_PLACEMENT_3D('',#12906,#9925,#9926);
#8176=AXIS2_PLACEMENT_3D('',#12908,#9928,#9929);
#8177=AXIS2_PLACEMENT_3D('',#12910,#9930,#9931);
#8178=AXIS2_PLACEMENT_3D('',#12911,#9932,#9933);
#8179=AXIS2_PLACEMENT_3D('',#12914,#9935,#9936);
#8180=AXIS2_PLACEMENT_3D('',#12915,#9937,#9938);
#8181=AXIS2_PLACEMENT_3D('',#12917,#9940,#9941);
#8182=AXIS2_PLACEMENT_3D('',#12920,#9943,#9944);
#8183=AXIS2_PLACEMENT_3D('',#12921,#9945,#9946);
#8184=AXIS2_PLACEMENT_3D('',#12923,#9948,#9949);
#8185=AXIS2_PLACEMENT_3D('',#12926,#9951,#9952);
#8186=AXIS2_PLACEMENT_3D('',#12927,#9953,#9954);
#8187=AXIS2_PLACEMENT_3D('',#12929,#9956,#9957);
#8188=AXIS2_PLACEMENT_3D('',#12932,#9959,#9960);
#8189=AXIS2_PLACEMENT_3D('',#12933,#9961,#9962);
#8190=AXIS2_PLACEMENT_3D('',#12935,#9964,#9965);
#8191=AXIS2_PLACEMENT_3D('',#12938,#9967,#9968);
#8192=AXIS2_PLACEMENT_3D('',#12939,#9969,#9970);
#8193=AXIS2_PLACEMENT_3D('',#12941,#9972,#9973);
#8194=AXIS2_PLACEMENT_3D('',#12945,#9975,#9976);
#8195=AXIS2_PLACEMENT_3D('',#12946,#9977,#9978);
#8196=AXIS2_PLACEMENT_3D('',#12947,#9979,#9980);
#8197=AXIS2_PLACEMENT_3D('',#12950,#9982,#9983);
#8198=AXIS2_PLACEMENT_3D('',#12951,#9984,#9985);
#8199=AXIS2_PLACEMENT_3D('',#12955,#9987,#9988);
#8200=AXIS2_PLACEMENT_3D('',#12956,#9989,#9990);
#8201=AXIS2_PLACEMENT_3D('',#12957,#9991,#9992);
#8202=AXIS2_PLACEMENT_3D('',#12960,#9994,#9995);
#8203=AXIS2_PLACEMENT_3D('',#12961,#9996,#9997);
#8204=AXIS2_PLACEMENT_3D('',#12963,#9998,#9999);
#8205=AXIS2_PLACEMENT_3D('',#12964,#10000,#10001);
#8206=AXIS2_PLACEMENT_3D('',#12966,#10003,#10004);
#8207=AXIS2_PLACEMENT_3D('',#12968,#10005,#10006);
#8208=AXIS2_PLACEMENT_3D('',#12969,#10007,#10008);
#8209=AXIS2_PLACEMENT_3D('',#12971,#10010,#10011);
#8210=AXIS2_PLACEMENT_3D('',#12973,#10012,#10013);
#8211=AXIS2_PLACEMENT_3D('',#12975,#10015,#10016);
#8212=AXIS2_PLACEMENT_3D('',#12979,#10019,#10020);
#8213=AXIS2_PLACEMENT_3D('',#12982,#10022,#10023);
#8214=AXIS2_PLACEMENT_3D('',#12983,#10024,#10025);
#8215=AXIS2_PLACEMENT_3D('',#12985,#10027,#10028);
#8216=AXIS2_PLACEMENT_3D('',#12988,#10029,#10030);
#8217=AXIS2_PLACEMENT_3D('',#12990,#10031,#10032);
#8218=AXIS2_PLACEMENT_3D('',#12992,#10033,#10034);
#8219=AXIS2_PLACEMENT_3D('',#12993,#10035,#10036);
#8220=AXIS2_PLACEMENT_3D('',#12994,#10037,#10038);
#8221=AXIS2_PLACEMENT_3D('',#12997,#10039,#10040);
#8222=AXIS2_PLACEMENT_3D('',#13000,#10043,#10044);
#8223=AXIS2_PLACEMENT_3D('',#13003,#10045,#10046);
#8224=AXIS2_PLACEMENT_3D('',#13004,#10047,#10048);
#8225=AXIS2_PLACEMENT_3D('',#13005,#10049,#10050);
#8226=AXIS2_PLACEMENT_3D('',#13006,#10051,#10052);
#8227=AXIS2_PLACEMENT_3D('',#13009,#10053,#10054);
#8228=AXIS2_PLACEMENT_3D('',#13012,#10057,#10058);
#8229=AXIS2_PLACEMENT_3D('',#13015,#10059,#10060);
#8230=AXIS2_PLACEMENT_3D('',#13016,#10061,#10062);
#8231=AXIS2_PLACEMENT_3D('',#13017,#10063,#10064);
#8232=AXIS2_PLACEMENT_3D('',#13018,#10065,#10066);
#8233=AXIS2_PLACEMENT_3D('',#13021,#10067,#10068);
#8234=AXIS2_PLACEMENT_3D('',#13024,#10071,#10072);
#8235=AXIS2_PLACEMENT_3D('',#13027,#10073,#10074);
#8236=AXIS2_PLACEMENT_3D('',#13028,#10075,#10076);
#8237=AXIS2_PLACEMENT_3D('',#13029,#10077,#10078);
#8238=AXIS2_PLACEMENT_3D('',#13030,#10079,#10080);
#8239=AXIS2_PLACEMENT_3D('',#13033,#10083,#10084);
#8240=AXIS2_PLACEMENT_3D('',#13039,#10088,#10089);
#8241=AXIS2_PLACEMENT_3D('',#13042,#10091,#10092);
#8242=AXIS2_PLACEMENT_3D('',#13043,#10093,#10094);
#8243=AXIS2_PLACEMENT_3D('',#13047,#10097,#10098);
#8244=AXIS2_PLACEMENT_3D('',#13050,#10100,#10101);
#8245=AXIS2_PLACEMENT_3D('',#13051,#10102,#10103);
#8246=AXIS2_PLACEMENT_3D('',#13052,#10104,#10105);
#8247=AXIS2_PLACEMENT_3D('',#13054,#10106,#10107);
#8248=AXIS2_PLACEMENT_3D('',#13056,#10109,#10110);
#8249=AXIS2_PLACEMENT_3D('',#13060,#10113,#10114);
#8250=AXIS2_PLACEMENT_3D('',#13063,#10116,#10117);
#8251=AXIS2_PLACEMENT_3D('',#13064,#10118,#10119);
#8252=AXIS2_PLACEMENT_3D('',#13066,#10121,#10122);
#8253=AXIS2_PLACEMENT_3D('',#13070,#10125,#10126);
#8254=AXIS2_PLACEMENT_3D('',#13073,#10128,#10129);
#8255=AXIS2_PLACEMENT_3D('',#13074,#10130,#10131);
#8256=AXIS2_PLACEMENT_3D('',#13078,#10134,#10135);
#8257=AXIS2_PLACEMENT_3D('',#13079,#10136,#10137);
#8258=AXIS2_PLACEMENT_3D('',#13080,#10138,#10139);
#8259=AXIS2_PLACEMENT_3D('',#13083,#10140,#10141);
#8260=AXIS2_PLACEMENT_3D('',#13085,#10142,#10143);
#8261=AXIS2_PLACEMENT_3D('',#13087,#10144,#10145);
#8262=AXIS2_PLACEMENT_3D('',#13088,#10146,#10147);
#8263=AXIS2_PLACEMENT_3D('',#13089,#10148,#10149);
#8264=AXIS2_PLACEMENT_3D('',#13092,#10150,#10151);
#8265=AXIS2_PLACEMENT_3D('',#13095,#10154,#10155);
#8266=AXIS2_PLACEMENT_3D('',#13098,#10156,#10157);
#8267=AXIS2_PLACEMENT_3D('',#13099,#10158,#10159);
#8268=AXIS2_PLACEMENT_3D('',#13100,#10160,#10161);
#8269=AXIS2_PLACEMENT_3D('',#13101,#10162,#10163);
#8270=AXIS2_PLACEMENT_3D('',#13104,#10164,#10165);
#8271=AXIS2_PLACEMENT_3D('',#13107,#10168,#10169);
#8272=AXIS2_PLACEMENT_3D('',#13110,#10170,#10171);
#8273=AXIS2_PLACEMENT_3D('',#13111,#10172,#10173);
#8274=AXIS2_PLACEMENT_3D('',#13112,#10174,#10175);
#8275=AXIS2_PLACEMENT_3D('',#13113,#10176,#10177);
#8276=AXIS2_PLACEMENT_3D('',#13116,#10178,#10179);
#8277=AXIS2_PLACEMENT_3D('',#13119,#10182,#10183);
#8278=AXIS2_PLACEMENT_3D('',#13122,#10184,#10185);
#8279=AXIS2_PLACEMENT_3D('',#13123,#10186,#10187);
#8280=AXIS2_PLACEMENT_3D('',#13124,#10188,#10189);
#8281=AXIS2_PLACEMENT_3D('',#13125,#10190,#10191);
#8282=AXIS2_PLACEMENT_3D('',#13128,#10194,#10195);
#8283=AXIS2_PLACEMENT_3D('',#13134,#10199,#10200);
#8284=AXIS2_PLACEMENT_3D('',#13137,#10202,#10203);
#8285=AXIS2_PLACEMENT_3D('',#13138,#10204,#10205);
#8286=AXIS2_PLACEMENT_3D('',#13142,#10208,#10209);
#8287=AXIS2_PLACEMENT_3D('',#13145,#10211,#10212);
#8288=AXIS2_PLACEMENT_3D('',#13146,#10213,#10214);
#8289=AXIS2_PLACEMENT_3D('',#13147,#10215,#10216);
#8290=AXIS2_PLACEMENT_3D('',#13151,#10219,#10220);
#8291=AXIS2_PLACEMENT_3D('',#13154,#10222,#10223);
#8292=AXIS2_PLACEMENT_3D('',#13155,#10224,#10225);
#8293=AXIS2_PLACEMENT_3D('',#13159,#10228,#10229);
#8294=AXIS2_PLACEMENT_3D('',#13160,#10230,#10231);
#8295=AXIS2_PLACEMENT_3D('',#13161,#10232,#10233);
#8296=AXIS2_PLACEMENT_3D('placement',#13162,#10234,#10235);
#8297=AXIS2_PLACEMENT_3D('',#13163,#10236,#10237);
#8298=AXIS2_PLACEMENT_3D('',#13176,#10242,#10243);
#8299=AXIS2_PLACEMENT_3D('',#13189,#10248,#10249);
#8300=AXIS2_PLACEMENT_3D('',#13202,#10254,#10255);
#8301=AXIS2_PLACEMENT_3D('',#13215,#10260,#10261);
#8302=AXIS2_PLACEMENT_3D('',#13218,#10262,#10263);
#8303=AXIS2_PLACEMENT_3D('',#13222,#10265,#10266);
#8304=AXIS2_PLACEMENT_3D('',#13223,#10267,#10268);
#8305=AXIS2_PLACEMENT_3D('',#13224,#10269,#10270);
#8306=AXIS2_PLACEMENT_3D('',#13225,#10271,#10272);
#8307=AXIS2_PLACEMENT_3D('',#13227,#10273,#10274);
#8308=AXIS2_PLACEMENT_3D('',#13230,#10276,#10277);
#8309=AXIS2_PLACEMENT_3D('',#13231,#10278,#10279);
#8310=AXIS2_PLACEMENT_3D('',#13233,#10280,#10281);
#8311=AXIS2_PLACEMENT_3D('',#13236,#10283,#10284);
#8312=AXIS2_PLACEMENT_3D('',#13237,#10285,#10286);
#8313=AXIS2_PLACEMENT_3D('',#13250,#10291,#10292);
#8314=AXIS2_PLACEMENT_3D('',#13260,#10296,#10297);
#8315=AXIS2_PLACEMENT_3D('',#13270,#10301,#10302);
#8316=AXIS2_PLACEMENT_3D('',#13280,#10306,#10307);
#8317=AXIS2_PLACEMENT_3D('',#13281,#10308,#10309);
#8318=AXIS2_PLACEMENT_3D('',#13282,#10310,#10311);
#8319=AXIS2_PLACEMENT_3D('',#13283,#10312,#10313);
#8320=AXIS2_PLACEMENT_3D('',#13284,#10314,#10315);
#8321=AXIS2_PLACEMENT_3D('',#13285,#10316,#10317);
#8322=AXIS2_PLACEMENT_3D('',#13286,#10318,#10319);
#8323=AXIS2_PLACEMENT_3D('',#13287,#10320,#10321);
#8324=AXIS2_PLACEMENT_3D('',#13288,#10322,#10323);
#8325=AXIS2_PLACEMENT_3D('',#13289,#10324,#10325);
#8326=AXIS2_PLACEMENT_3D('',#13290,#10326,#10327);
#8327=AXIS2_PLACEMENT_3D('',#13291,#10328,#10329);
#8328=AXIS2_PLACEMENT_3D('',#13292,#10330,#10331);
#8329=AXIS2_PLACEMENT_3D('',#13293,#10332,#10333);
#8330=AXIS2_PLACEMENT_3D('',#13294,#10334,#10335);
#8331=AXIS2_PLACEMENT_3D('',#13295,#10336,#10337);
#8332=AXIS2_PLACEMENT_3D('',#13296,#10338,#10339);
#8333=AXIS2_PLACEMENT_3D('',#13297,#10340,#10341);
#8334=AXIS2_PLACEMENT_3D('',#13298,#10342,#10343);
#8335=AXIS2_PLACEMENT_3D('',#13299,#10344,#10345);
#8336=AXIS2_PLACEMENT_3D('',#13300,#10346,#10347);
#8337=AXIS2_PLACEMENT_3D('',#13301,#10348,#10349);
#8338=AXIS2_PLACEMENT_3D('',#13302,#10350,#10351);
#8339=AXIS2_PLACEMENT_3D('',#13303,#10352,#10353);
#8340=AXIS2_PLACEMENT_3D('',#13304,#10354,#10355);
#8341=AXIS2_PLACEMENT_3D('',#13305,#10356,#10357);
#8342=AXIS2_PLACEMENT_3D('',#13306,#10358,#10359);
#8343=AXIS2_PLACEMENT_3D('',#13307,#10360,#10361);
#8344=AXIS2_PLACEMENT_3D('',#13308,#10362,#10363);
#8345=AXIS2_PLACEMENT_3D('',#13309,#10364,#10365);
#8346=AXIS2_PLACEMENT_3D('',#13310,#10366,#10367);
#8347=AXIS2_PLACEMENT_3D('',#13311,#10368,#10369);
#8348=AXIS2_PLACEMENT_3D('',#13313,#10370,#10371);
#8349=AXIS2_PLACEMENT_3D('',#13316,#10373,#10374);
#8350=AXIS2_PLACEMENT_3D('',#13317,#10375,#10376);
#8351=AXIS2_PLACEMENT_3D('',#13318,#10377,#10378);
#8352=AXIS2_PLACEMENT_3D('',#13321,#10380,#10381);
#8353=AXIS2_PLACEMENT_3D('',#13323,#10382,#10383);
#8354=AXIS2_PLACEMENT_3D('',#13325,#10385,#10386);
#8355=AXIS2_PLACEMENT_3D('',#13327,#10387,#10388);
#8356=AXIS2_PLACEMENT_3D('',#13328,#10389,#10390);
#8357=AXIS2_PLACEMENT_3D('',#13330,#10391,#10392);
#8358=AXIS2_PLACEMENT_3D('',#13332,#10394,#10395);
#8359=AXIS2_PLACEMENT_3D('',#13333,#10396,#10397);
#8360=AXIS2_PLACEMENT_3D('',#13335,#10398,#10399);
#8361=AXIS2_PLACEMENT_3D('',#13339,#10401,#10402);
#8362=AXIS2_PLACEMENT_3D('',#13340,#10403,#10404);
#8363=AXIS2_PLACEMENT_3D('',#13341,#10405,#10406);
#8364=AXIS2_PLACEMENT_3D('',#13345,#10408,#10409);
#8365=AXIS2_PLACEMENT_3D('',#13346,#10410,#10411);
#8366=AXIS2_PLACEMENT_3D('',#13347,#10412,#10413);
#8367=AXIS2_PLACEMENT_3D('',#13348,#10414,#10415);
#8368=AXIS2_PLACEMENT_3D('',#13350,#10416,#10417);
#8369=AXIS2_PLACEMENT_3D('',#13352,#10418,#10419);
#8370=AXIS2_PLACEMENT_3D('',#13353,#10420,#10421);
#8371=AXIS2_PLACEMENT_3D('',#13354,#10422,#10423);
#8372=AXIS2_PLACEMENT_3D('',#13357,#10425,#10426);
#8373=AXIS2_PLACEMENT_3D('',#13358,#10427,#10428);
#8374=AXIS2_PLACEMENT_3D('placement',#13359,#10429,#10430);
#8375=AXIS2_PLACEMENT_3D('',#13360,#10431,#10432);
#8376=AXIS2_PLACEMENT_3D('',#13373,#10437,#10438);
#8377=AXIS2_PLACEMENT_3D('',#13386,#10443,#10444);
#8378=AXIS2_PLACEMENT_3D('',#13399,#10449,#10450);
#8379=AXIS2_PLACEMENT_3D('',#13412,#10455,#10456);
#8380=AXIS2_PLACEMENT_3D('',#13425,#10461,#10462);
#8381=AXIS2_PLACEMENT_3D('',#13438,#10467,#10468);
#8382=AXIS2_PLACEMENT_3D('',#13451,#10473,#10474);
#8383=AXIS2_PLACEMENT_3D('',#13464,#10479,#10480);
#8384=AXIS2_PLACEMENT_3D('',#13465,#10481,#10482);
#8385=AXIS2_PLACEMENT_3D('',#13467,#10483,#10484);
#8386=AXIS2_PLACEMENT_3D('',#13468,#10485,#10486);
#8387=AXIS2_PLACEMENT_3D('',#13469,#10487,#10488);
#8388=AXIS2_PLACEMENT_3D('',#13470,#10489,#10490);
#8389=AXIS2_PLACEMENT_3D('',#13471,#10491,#10492);
#8390=AXIS2_PLACEMENT_3D('',#13472,#10493,#10494);
#8391=AXIS2_PLACEMENT_3D('',#13473,#10495,#10496);
#8392=AXIS2_PLACEMENT_3D('',#13474,#10497,#10498);
#8393=AXIS2_PLACEMENT_3D('',#13475,#10499,#10500);
#8394=AXIS2_PLACEMENT_3D('',#13476,#10501,#10502);
#8395=AXIS2_PLACEMENT_3D('',#13477,#10503,#10504);
#8396=AXIS2_PLACEMENT_3D('',#13478,#10505,#10506);
#8397=AXIS2_PLACEMENT_3D('',#13479,#10507,#10508);
#8398=AXIS2_PLACEMENT_3D('',#13480,#10509,#10510);
#8399=AXIS2_PLACEMENT_3D('',#13481,#10511,#10512);
#8400=AXIS2_PLACEMENT_3D('',#13482,#10513,#10514);
#8401=AXIS2_PLACEMENT_3D('',#13483,#10515,#10516);
#8402=AXIS2_PLACEMENT_3D('',#13484,#10517,#10518);
#8403=AXIS2_PLACEMENT_3D('',#13485,#10519,#10520);
#8404=AXIS2_PLACEMENT_3D('',#13486,#10521,#10522);
#8405=AXIS2_PLACEMENT_3D('',#13487,#10523,#10524);
#8406=AXIS2_PLACEMENT_3D('',#13488,#10525,#10526);
#8407=AXIS2_PLACEMENT_3D('',#13489,#10527,#10528);
#8408=AXIS2_PLACEMENT_3D('',#13490,#10529,#10530);
#8409=AXIS2_PLACEMENT_3D('',#13491,#10531,#10532);
#8410=AXIS2_PLACEMENT_3D('',#13492,#10533,#10534);
#8411=AXIS2_PLACEMENT_3D('',#13493,#10535,#10536);
#8412=AXIS2_PLACEMENT_3D('',#13494,#10537,#10538);
#8413=AXIS2_PLACEMENT_3D('',#13495,#10539,#10540);
#8414=AXIS2_PLACEMENT_3D('',#13496,#10541,#10542);
#8415=AXIS2_PLACEMENT_3D('',#13497,#10543,#10544);
#8416=AXIS2_PLACEMENT_3D('',#13498,#10545,#10546);
#8417=AXIS2_PLACEMENT_3D('',#13499,#10547,#10548);
#8418=AXIS2_PLACEMENT_3D('',#13501,#10549,#10550);
#8419=AXIS2_PLACEMENT_3D('',#13504,#10552,#10553);
#8420=AXIS2_PLACEMENT_3D('',#13505,#10554,#10555);
#8421=AXIS2_PLACEMENT_3D('',#13506,#10556,#10557);
#8422=AXIS2_PLACEMENT_3D('',#13508,#10558,#10559);
#8423=AXIS2_PLACEMENT_3D('',#13510,#10561,#10562);
#8424=AXIS2_PLACEMENT_3D('',#13512,#10563,#10564);
#8425=AXIS2_PLACEMENT_3D('',#13513,#10565,#10566);
#8426=AXIS2_PLACEMENT_3D('',#13515,#10568,#10569);
#8427=AXIS2_PLACEMENT_3D('',#13517,#10570,#10571);
#8428=AXIS2_PLACEMENT_3D('',#13521,#10573,#10574);
#8429=AXIS2_PLACEMENT_3D('',#13522,#10575,#10576);
#8430=AXIS2_PLACEMENT_3D('',#13523,#10577,#10578);
#8431=AXIS2_PLACEMENT_3D('',#13526,#10580,#10581);
#8432=AXIS2_PLACEMENT_3D('',#13527,#10582,#10583);
#8433=AXIS2_PLACEMENT_3D('',#13528,#10584,#10585);
#8434=AXIS2_PLACEMENT_3D('',#13532,#10587,#10588);
#8435=AXIS2_PLACEMENT_3D('',#13533,#10589,#10590);
#8436=AXIS2_PLACEMENT_3D('',#13534,#10591,#10592);
#8437=AXIS2_PLACEMENT_3D('',#13538,#10594,#10595);
#8438=AXIS2_PLACEMENT_3D('',#13539,#10596,#10597);
#8439=AXIS2_PLACEMENT_3D('',#13540,#10598,#10599);
#8440=AXIS2_PLACEMENT_3D('',#13542,#10600,#10601);
#8441=AXIS2_PLACEMENT_3D('',#13544,#10602,#10603);
#8442=AXIS2_PLACEMENT_3D('',#13545,#10604,#10605);
#8443=AXIS2_PLACEMENT_3D('',#13546,#10606,#10607);
#8444=AXIS2_PLACEMENT_3D('',#13549,#10609,#10610);
#8445=AXIS2_PLACEMENT_3D('',#13550,#10611,#10612);
#8446=AXIS2_PLACEMENT_3D('placement',#13551,#10613,#10614);
#8447=AXIS2_PLACEMENT_3D('',#13552,#10615,#10616);
#8448=AXIS2_PLACEMENT_3D('',#13565,#10621,#10622);
#8449=AXIS2_PLACEMENT_3D('',#13578,#10627,#10628);
#8450=AXIS2_PLACEMENT_3D('',#13591,#10633,#10634);
#8451=AXIS2_PLACEMENT_3D('',#13604,#10639,#10640);
#8452=AXIS2_PLACEMENT_3D('',#13617,#10645,#10646);
#8453=AXIS2_PLACEMENT_3D('',#13630,#10651,#10652);
#8454=AXIS2_PLACEMENT_3D('',#13643,#10657,#10658);
#8455=AXIS2_PLACEMENT_3D('',#13656,#10663,#10664);
#8456=AXIS2_PLACEMENT_3D('',#13657,#10665,#10666);
#8457=AXIS2_PLACEMENT_3D('',#13659,#10667,#10668);
#8458=AXIS2_PLACEMENT_3D('',#13660,#10669,#10670);
#8459=AXIS2_PLACEMENT_3D('',#13661,#10671,#10672);
#8460=AXIS2_PLACEMENT_3D('',#13662,#10673,#10674);
#8461=AXIS2_PLACEMENT_3D('',#13663,#10675,#10676);
#8462=AXIS2_PLACEMENT_3D('',#13664,#10677,#10678);
#8463=AXIS2_PLACEMENT_3D('',#13665,#10679,#10680);
#8464=AXIS2_PLACEMENT_3D('',#13666,#10681,#10682);
#8465=AXIS2_PLACEMENT_3D('',#13667,#10683,#10684);
#8466=AXIS2_PLACEMENT_3D('',#13668,#10685,#10686);
#8467=AXIS2_PLACEMENT_3D('',#13669,#10687,#10688);
#8468=AXIS2_PLACEMENT_3D('',#13670,#10689,#10690);
#8469=AXIS2_PLACEMENT_3D('',#13671,#10691,#10692);
#8470=AXIS2_PLACEMENT_3D('',#13672,#10693,#10694);
#8471=AXIS2_PLACEMENT_3D('',#13673,#10695,#10696);
#8472=AXIS2_PLACEMENT_3D('',#13674,#10697,#10698);
#8473=AXIS2_PLACEMENT_3D('',#13675,#10699,#10700);
#8474=AXIS2_PLACEMENT_3D('',#13676,#10701,#10702);
#8475=AXIS2_PLACEMENT_3D('',#13677,#10703,#10704);
#8476=AXIS2_PLACEMENT_3D('',#13678,#10705,#10706);
#8477=AXIS2_PLACEMENT_3D('',#13679,#10707,#10708);
#8478=AXIS2_PLACEMENT_3D('',#13680,#10709,#10710);
#8479=AXIS2_PLACEMENT_3D('',#13681,#10711,#10712);
#8480=AXIS2_PLACEMENT_3D('',#13682,#10713,#10714);
#8481=AXIS2_PLACEMENT_3D('',#13683,#10715,#10716);
#8482=AXIS2_PLACEMENT_3D('',#13684,#10717,#10718);
#8483=AXIS2_PLACEMENT_3D('',#13685,#10719,#10720);
#8484=AXIS2_PLACEMENT_3D('',#13686,#10721,#10722);
#8485=AXIS2_PLACEMENT_3D('',#13687,#10723,#10724);
#8486=AXIS2_PLACEMENT_3D('',#13688,#10725,#10726);
#8487=AXIS2_PLACEMENT_3D('',#13689,#10727,#10728);
#8488=AXIS2_PLACEMENT_3D('',#13690,#10729,#10730);
#8489=AXIS2_PLACEMENT_3D('',#13691,#10731,#10732);
#8490=AXIS2_PLACEMENT_3D('',#13693,#10733,#10734);
#8491=AXIS2_PLACEMENT_3D('',#13696,#10736,#10737);
#8492=AXIS2_PLACEMENT_3D('',#13697,#10738,#10739);
#8493=AXIS2_PLACEMENT_3D('',#13698,#10740,#10741);
#8494=AXIS2_PLACEMENT_3D('',#13700,#10742,#10743);
#8495=AXIS2_PLACEMENT_3D('',#13702,#10745,#10746);
#8496=AXIS2_PLACEMENT_3D('',#13704,#10747,#10748);
#8497=AXIS2_PLACEMENT_3D('',#13705,#10749,#10750);
#8498=AXIS2_PLACEMENT_3D('',#13707,#10752,#10753);
#8499=AXIS2_PLACEMENT_3D('',#13709,#10754,#10755);
#8500=AXIS2_PLACEMENT_3D('',#13713,#10757,#10758);
#8501=AXIS2_PLACEMENT_3D('',#13714,#10759,#10760);
#8502=AXIS2_PLACEMENT_3D('',#13715,#10761,#10762);
#8503=AXIS2_PLACEMENT_3D('',#13718,#10764,#10765);
#8504=AXIS2_PLACEMENT_3D('',#13719,#10766,#10767);
#8505=AXIS2_PLACEMENT_3D('',#13720,#10768,#10769);
#8506=AXIS2_PLACEMENT_3D('',#13724,#10771,#10772);
#8507=AXIS2_PLACEMENT_3D('',#13725,#10773,#10774);
#8508=AXIS2_PLACEMENT_3D('',#13726,#10775,#10776);
#8509=AXIS2_PLACEMENT_3D('',#13730,#10778,#10779);
#8510=AXIS2_PLACEMENT_3D('',#13731,#10780,#10781);
#8511=AXIS2_PLACEMENT_3D('',#13732,#10782,#10783);
#8512=AXIS2_PLACEMENT_3D('',#13734,#10784,#10785);
#8513=AXIS2_PLACEMENT_3D('',#13736,#10786,#10787);
#8514=AXIS2_PLACEMENT_3D('',#13737,#10788,#10789);
#8515=AXIS2_PLACEMENT_3D('',#13738,#10790,#10791);
#8516=AXIS2_PLACEMENT_3D('',#13741,#10793,#10794);
#8517=AXIS2_PLACEMENT_3D('',#13742,#10795,#10796);
#8518=AXIS2_PLACEMENT_3D('',#13743,#10797,#10798);
#8519=AXIS2_PLACEMENT_3D('',#13744,#10799,#10800);
#8520=AXIS2_PLACEMENT_3D('',#13745,#10801,#10802);
#8521=AXIS2_PLACEMENT_3D('',#13746,#10803,#10804);
#8522=AXIS2_PLACEMENT_3D('',#13747,#10805,#10806);
#8523=AXIS2_PLACEMENT_3D('',#13748,#10807,#10808);
#8524=AXIS2_PLACEMENT_3D('',#13749,#10809,#10810);
#8525=AXIS2_PLACEMENT_3D('',#13750,#10811,#10812);
#8526=AXIS2_PLACEMENT_3D('',#13751,#10813,#10814);
#8527=AXIS2_PLACEMENT_3D('',#13752,#10815,#10816);
#8528=AXIS2_PLACEMENT_3D('',#13753,#10817,#10818);
#8529=DIRECTION('axis',(0.,0.,1.));
#8530=DIRECTION('refdir',(1.,0.,0.));
#8531=DIRECTION('axis',(0.,0.,1.));
#8532=DIRECTION('refdir',(1.,0.,0.));
#8533=DIRECTION('center_axis',(0.,1.,0.));
#8534=DIRECTION('ref_axis',(0.,0.,1.));
#8535=DIRECTION('center_axis',(1.,0.,0.));
#8536=DIRECTION('ref_axis',(0.,0.,1.));
#8537=DIRECTION('center_axis',(0.,1.,0.));
#8538=DIRECTION('ref_axis',(0.707106781186549,0.,0.707106781186546));
#8539=DIRECTION('center_axis',(0.,0.,1.));
#8540=DIRECTION('ref_axis',(0.,-1.,0.));
#8541=DIRECTION('center_axis',(0.,-1.,0.));
#8542=DIRECTION('ref_axis',(0.707106781186549,0.,0.707106781186546));
#8543=DIRECTION('center_axis',(4.1895208476421E-16,0.,-1.));
#8544=DIRECTION('ref_axis',(0.70710678118654,-0.707106781186555,0.));
#8545=DIRECTION('center_axis',(-1.38777878078148E-15,0.,1.));
#8546=DIRECTION('ref_axis',(0.,-1.,0.));
#8547=DIRECTION('',(-4.1895208476421E-16,0.,1.));
#8548=DIRECTION('',(4.1895208476421E-16,0.,-1.));
#8549=DIRECTION('center_axis',(0.,1.,0.));
#8550=DIRECTION('ref_axis',(0.,0.,1.));
#8551=DIRECTION('center_axis',(1.,0.,0.));
#8552=DIRECTION('ref_axis',(0.,-1.,0.));
#8553=DIRECTION('center_axis',(0.,-1.,0.));
#8554=DIRECTION('ref_axis',(0.707106781186548,0.,-0.707106781186547));
#8555=DIRECTION('center_axis',(0.,1.,0.));
#8556=DIRECTION('ref_axis',(0.707106781186548,0.,-0.707106781186547));
#8557=DIRECTION('center_axis',(-1.,0.,2.00899795511711E-16));
#8558=DIRECTION('ref_axis',(0.,-0.707106781186548,-0.707106781186547));
#8559=DIRECTION('center_axis',(1.,0.,2.22044604925032E-14));
#8560=DIRECTION('ref_axis',(0.,-1.,0.));
#8561=DIRECTION('',(1.,0.,-2.00899795511711E-16));
#8562=DIRECTION('',(-1.,0.,2.00899795511711E-16));
#8563=DIRECTION('center_axis',(0.,1.,0.));
#8564=DIRECTION('ref_axis',(0.,0.,1.));
#8565=DIRECTION('center_axis',(0.,0.,-1.));
#8566=DIRECTION('ref_axis',(0.,-1.,0.));
#8567=DIRECTION('center_axis',(0.,-1.,0.));
#8568=DIRECTION('ref_axis',(-0.707106781186548,0.,-0.707106781186547));
#8569=DIRECTION('center_axis',(0.,1.,0.));
#8570=DIRECTION('ref_axis',(-0.707106781186548,0.,-0.707106781186547));
#8571=DIRECTION('center_axis',(8.37904169528421E-16,0.,1.));
#8572=DIRECTION('ref_axis',(-0.70710678118654,-0.707106781186555,0.));
#8573=DIRECTION('center_axis',(0.,0.,-1.));
#8574=DIRECTION('ref_axis',(0.,-1.,0.));
#8575=DIRECTION('',(-8.37904169528421E-16,0.,-1.));
#8576=DIRECTION('',(8.37904169528421E-16,0.,1.));
#8577=DIRECTION('center_axis',(0.,1.,0.));
#8578=DIRECTION('ref_axis',(0.,0.,1.));
#8579=DIRECTION('center_axis',(-1.,0.,0.));
#8580=DIRECTION('ref_axis',(0.,-1.,0.));
#8581=DIRECTION('center_axis',(0.,-1.,0.));
#8582=DIRECTION('ref_axis',(-0.707106781186546,0.,0.707106781186549));
#8583=DIRECTION('center_axis',(0.,1.,0.));
#8584=DIRECTION('ref_axis',(-0.707106781186546,0.,0.707106781186549));
#8585=DIRECTION('center_axis',(1.,0.,-1.79068229778251E-16));
#8586=DIRECTION('ref_axis',(0.,-0.707106781186539,0.707106781186556));
#8587=DIRECTION('',(-1.,0.,1.79068229778251E-16));
#8588=DIRECTION('',(1.,0.,-1.79068229778251E-16));
#8589=DIRECTION('center_axis',(-1.,0.,8.37904169528421E-16));
#8590=DIRECTION('ref_axis',(8.37904169528421E-16,0.,1.));
#8591=DIRECTION('',(0.,1.,0.));
#8592=DIRECTION('',(8.37904169528421E-16,0.,1.));
#8593=DIRECTION('',(0.,1.,0.));
#8594=DIRECTION('center_axis',(0.,1.,0.));
#8595=DIRECTION('ref_axis',(-1.,0.,2.22044604925031E-15));
#8596=DIRECTION('',(0.,1.,0.));
#8597=DIRECTION('center_axis',(0.,1.,0.));
#8598=DIRECTION('ref_axis',(-0.707106781186546,0.,0.707106781186549));
#8599=DIRECTION('center_axis',(1.79068229778251E-16,0.,1.));
#8600=DIRECTION('ref_axis',(1.,0.,-1.79068229778251E-16));
#8601=DIRECTION('',(0.,1.,0.));
#8602=DIRECTION('',(1.,0.,-1.79068229778251E-16));
#8603=DIRECTION('',(0.,1.,0.));
#8604=DIRECTION('',(1.,0.,-1.79068229778251E-16));
#8605=DIRECTION('',(0.,1.,0.));
#8606=DIRECTION('',(1.,0.,-1.79068229778251E-16));
#8607=DIRECTION('center_axis',(0.,1.,0.));
#8608=DIRECTION('ref_axis',(2.22044604925031E-15,0.,1.));
#8609=DIRECTION('',(0.,1.,0.));
#8610=DIRECTION('center_axis',(0.,1.,0.));
#8611=DIRECTION('ref_axis',(0.707106781186548,0.,0.707106781186548));
#8612=DIRECTION('center_axis',(0.,1.,0.));
#8613=DIRECTION('ref_axis',(0.,0.,1.));
#8614=DIRECTION('center_axis',(0.,-1.,0.));
#8615=DIRECTION('ref_axis',(0.766044443118978,0.,0.642787609686539));
#8616=DIRECTION('',(0.17364817766693,0.,0.984807753012208));
#8617=DIRECTION('center_axis',(0.,-1.,0.));
#8618=DIRECTION('ref_axis',(0.64278760968654,0.,-0.766044443118977));
#8619=DIRECTION('',(1.,0.,1.25481943862789E-16));
#8620=DIRECTION('center_axis',(0.,-1.,0.));
#8621=DIRECTION('ref_axis',(-0.642787609686539,0.,-0.766044443118978));
#8622=DIRECTION('',(0.17364817766693,0.,-0.984807753012208));
#8623=DIRECTION('center_axis',(0.,-1.,0.));
#8624=DIRECTION('ref_axis',(-0.766044443118978,0.,0.642787609686539));
#8625=DIRECTION('',(-1.,0.,-1.02798428206033E-16));
#8626=DIRECTION('center_axis',(0.,1.,0.));
#8627=DIRECTION('ref_axis',(1.,0.,0.));
#8628=DIRECTION('center_axis',(0.,1.,0.));
#8629=DIRECTION('ref_axis',(1.,0.,0.));
#8630=DIRECTION('center_axis',(0.,0.,1.));
#8631=DIRECTION('ref_axis',(-1.,0.,0.));
#8632=DIRECTION('center_axis',(0.,0.,1.));
#8633=DIRECTION('ref_axis',(-1.,0.,0.));
#8634=DIRECTION('',(0.5,-6.12323399573677E-17,0.866025403784439));
#8635=DIRECTION('center_axis',(0.,0.,-1.));
#8636=DIRECTION('ref_axis',(-1.,0.,0.));
#8637=DIRECTION('center_axis',(0.,0.,-1.));
#8638=DIRECTION('ref_axis',(-1.,0.,0.));
#8639=DIRECTION('center_axis',(0.,0.,-1.));
#8640=DIRECTION('ref_axis',(1.,0.,0.));
#8641=DIRECTION('',(0.,0.,1.));
#8642=DIRECTION('center_axis',(2.00899795511711E-16,0.,1.));
#8643=DIRECTION('ref_axis',(1.,0.,0.));
#8644=DIRECTION('center_axis',(0.,0.,1.));
#8645=DIRECTION('ref_axis',(1.,0.,0.));
#8646=DIRECTION('center_axis',(0.,0.,1.));
#8647=DIRECTION('ref_axis',(-1.,0.,0.));
#8648=DIRECTION('center_axis',(0.,0.,1.));
#8649=DIRECTION('ref_axis',(-1.,0.,0.));
#8650=DIRECTION('',(0.5,-6.12323399573677E-17,0.866025403784439));
#8651=DIRECTION('center_axis',(0.,0.,-1.));
#8652=DIRECTION('ref_axis',(-1.,0.,0.));
#8653=DIRECTION('center_axis',(0.,0.,-1.));
#8654=DIRECTION('ref_axis',(-1.,0.,0.));
#8655=DIRECTION('center_axis',(0.,0.,-1.));
#8656=DIRECTION('ref_axis',(1.,0.,0.));
#8657=DIRECTION('',(0.,0.,1.));
#8658=DIRECTION('center_axis',(2.00899795511711E-16,0.,1.));
#8659=DIRECTION('ref_axis',(1.,0.,0.));
#8660=DIRECTION('center_axis',(0.,0.,1.));
#8661=DIRECTION('ref_axis',(1.,0.,0.));
#8662=DIRECTION('center_axis',(0.,-1.,0.));
#8663=DIRECTION('ref_axis',(0.,0.,1.));
#8664=DIRECTION('center_axis',(0.,-1.,0.));
#8665=DIRECTION('ref_axis',(0.,0.,1.));
#8666=DIRECTION('',(0.,-1.,0.));
#8667=DIRECTION('center_axis',(0.,-1.,0.));
#8668=DIRECTION('ref_axis',(-0.766044443118978,0.,0.642787609686539));
#8669=DIRECTION('',(0.,-1.,0.));
#8670=DIRECTION('center_axis',(-1.02798428206033E-16,0.,1.));
#8671=DIRECTION('ref_axis',(-1.,0.,-1.02798428206033E-16));
#8672=DIRECTION('',(-1.,0.,-1.02798428206033E-16));
#8673=DIRECTION('',(0.,-1.,0.));
#8674=DIRECTION('',(-1.,0.,-1.02798428206033E-16));
#8675=DIRECTION('center_axis',(-0.984807753012208,0.,-0.173648177666931));
#8676=DIRECTION('ref_axis',(0.17364817766693,0.,-0.984807753012208));
#8677=DIRECTION('',(0.17364817766693,0.,-0.984807753012208));
#8678=DIRECTION('',(0.17364817766693,0.,-0.984807753012208));
#8679=DIRECTION('',(0.,-1.,0.));
#8680=DIRECTION('center_axis',(0.,-1.,0.));
#8681=DIRECTION('ref_axis',(0.984807753012208,0.,-0.17364817766693));
#8682=DIRECTION('center_axis',(0.,-1.,0.));
#8683=DIRECTION('ref_axis',(0.984807753012208,0.,-0.17364817766693));
#8684=DIRECTION('',(0.,-1.,0.));
#8685=DIRECTION('center_axis',(0.,-1.,0.));
#8686=DIRECTION('ref_axis',(0.766044443118978,0.,0.64278760968654));
#8687=DIRECTION('center_axis',(0.,-1.,0.));
#8688=DIRECTION('ref_axis',(-0.984807753012208,0.,-0.17364817766693));
#8689=DIRECTION('center_axis',(0.,-1.,0.));
#8690=DIRECTION('ref_axis',(-0.984807753012208,0.,-0.17364817766693));
#8691=DIRECTION('center_axis',(0.,-1.,0.));
#8692=DIRECTION('ref_axis',(-0.642787609686539,0.,-0.766044443118978));
#8693=DIRECTION('',(0.,-1.,0.));
#8694=DIRECTION('center_axis',(0.984807753012208,0.,-0.17364817766693));
#8695=DIRECTION('ref_axis',(0.17364817766693,0.,0.984807753012208));
#8696=DIRECTION('',(0.17364817766693,0.,0.984807753012208));
#8697=DIRECTION('',(0.,-1.,0.));
#8698=DIRECTION('',(0.17364817766693,0.,0.984807753012208));
#8699=DIRECTION('center_axis',(1.25481943862789E-16,0.,-1.));
#8700=DIRECTION('ref_axis',(1.,0.,1.25481943862789E-16));
#8701=DIRECTION('',(1.,0.,1.25481943862789E-16));
#8702=DIRECTION('',(1.,0.,1.25481943862789E-16));
#8703=DIRECTION('',(0.,-1.,0.));
#8704=DIRECTION('center_axis',(0.,-1.,0.));
#8705=DIRECTION('ref_axis',(1.38777878078145E-15,0.,-1.));
#8706=DIRECTION('center_axis',(0.,-1.,0.));
#8707=DIRECTION('ref_axis',(1.38777878078145E-15,0.,-1.));
#8708=DIRECTION('center_axis',(0.,-1.,0.));
#8709=DIRECTION('ref_axis',(0.64278760968654,0.,-0.766044443118977));
#8710=DIRECTION('center_axis',(0.,1.,0.));
#8711=DIRECTION('ref_axis',(0.,0.,1.));
#8712=DIRECTION('',(1.,0.,1.39424382069766E-16));
#8713=DIRECTION('center_axis',(0.,-1.,0.));
#8714=DIRECTION('ref_axis',(0.,0.,-1.));
#8715=DIRECTION('',(0.17364817766693,0.,-0.984807753012208));
#8716=DIRECTION('center_axis',(0.,-1.,0.));
#8717=DIRECTION('ref_axis',(-0.984807753012208,0.,-0.17364817766693));
#8718=DIRECTION('',(1.,0.,0.));
#8719=DIRECTION('center_axis',(0.,-1.,0.));
#8720=DIRECTION('ref_axis',(0.,0.,1.));
#8721=DIRECTION('',(0.17364817766693,0.,0.984807753012208));
#8722=DIRECTION('center_axis',(0.,-1.,0.));
#8723=DIRECTION('ref_axis',(0.984807753012208,0.,-0.173648177666931));
#8724=DIRECTION('center_axis',(0.,0.,1.));
#8725=DIRECTION('ref_axis',(1.,0.,0.));
#8726=DIRECTION('',(0.,1.,0.));
#8727=DIRECTION('',(1.,0.,0.));
#8728=DIRECTION('',(0.,1.,0.));
#8729=DIRECTION('center_axis',(-1.,0.,-1.02798428206033E-16));
#8730=DIRECTION('ref_axis',(0.,-0.707106781186546,0.707106781186549));
#8731=DIRECTION('center_axis',(-1.,0.,0.));
#8732=DIRECTION('ref_axis',(0.,-1.,0.));
#8733=DIRECTION('center_axis',(1.,0.,0.));
#8734=DIRECTION('ref_axis',(0.,0.,1.));
#8735=DIRECTION('',(1.,0.,1.02798428206033E-16));
#8736=DIRECTION('center_axis',(0.,-1.,0.));
#8737=DIRECTION('ref_axis',(0.,0.,-1.));
#8738=DIRECTION('center_axis',(-0.173648177666929,0.,-0.984807753012208));
#8739=DIRECTION('ref_axis',(0.984807753012208,0.,-0.173648177666929));
#8740=DIRECTION('center_axis',(0.,1.,0.));
#8741=DIRECTION('ref_axis',(0.766044443118978,0.,0.64278760968654));
#8742=DIRECTION('center_axis',(0.17364817766693,0.,0.984807753012208));
#8743=DIRECTION('ref_axis',(0.696364240320019,-0.707106781186548,-0.122787803968972));
#8744=DIRECTION('center_axis',(-0.17364817766693,0.,-0.984807753012208));
#8745=DIRECTION('ref_axis',(0.984807753012208,0.,-0.17364817766693));
#8746=DIRECTION('',(-0.17364817766693,0.,-0.984807753012208));
#8747=DIRECTION('center_axis',(0.,-1.,0.));
#8748=DIRECTION('ref_axis',(0.,0.,-1.));
#8749=DIRECTION('center_axis',(-1.,0.,0.));
#8750=DIRECTION('ref_axis',(0.,0.,-1.));
#8751=DIRECTION('center_axis',(0.,1.,0.));
#8752=DIRECTION('ref_axis',(0.64278760968654,0.,-0.766044443118977));
#8753=DIRECTION('center_axis',(1.,0.,1.25481943862789E-16));
#8754=DIRECTION('ref_axis',(0.,-0.707106781186547,-0.707106781186547));
#8755=DIRECTION('center_axis',(-1.,0.,-2.22044604925031E-15));
#8756=DIRECTION('ref_axis',(2.22044604925031E-15,0.,-1.));
#8757=DIRECTION('',(-1.,0.,-1.25481943862789E-16));
#8758=DIRECTION('center_axis',(0.,-1.,0.));
#8759=DIRECTION('ref_axis',(0.,0.,-1.));
#8760=DIRECTION('center_axis',(-0.173648177666928,0.,0.984807753012208));
#8761=DIRECTION('ref_axis',(-0.984807753012208,0.,-0.173648177666929));
#8762=DIRECTION('center_axis',(0.,1.,0.));
#8763=DIRECTION('ref_axis',(-0.642787609686539,0.,-0.766044443118978));
#8764=DIRECTION('center_axis',(0.173648177666931,0.,-0.984807753012208));
#8765=DIRECTION('ref_axis',(-0.696364240320019,-0.707106781186548,-0.122787803968971));
#8766=DIRECTION('center_axis',(-0.173648177666932,0.,0.984807753012208));
#8767=DIRECTION('ref_axis',(-0.984807753012208,0.,-0.173648177666932));
#8768=DIRECTION('',(-0.17364817766693,0.,0.984807753012208));
#8769=DIRECTION('center_axis',(0.,-1.,0.));
#8770=DIRECTION('ref_axis',(0.,0.,-1.));
#8771=DIRECTION('center_axis',(0.,1.,0.));
#8772=DIRECTION('ref_axis',(-0.766044443118978,0.,0.64278760968654));
#8773=DIRECTION('center_axis',(0.,-1.,0.));
#8774=DIRECTION('ref_axis',(0.,0.,-1.));
#8775=DIRECTION('center_axis',(0.,1.,0.));
#8776=DIRECTION('ref_axis',(-0.984807753012208,0.,-0.173648177666931));
#8777=DIRECTION('',(-1.,0.,-1.11539505655813E-16));
#8778=DIRECTION('center_axis',(0.,1.,0.));
#8779=DIRECTION('ref_axis',(0.,0.,-1.));
#8780=DIRECTION('',(-0.173648177666931,0.,-0.984807753012208));
#8781=DIRECTION('center_axis',(0.,1.,0.));
#8782=DIRECTION('ref_axis',(0.984807753012208,0.,-0.173648177666931));
#8783=DIRECTION('',(1.,0.,1.02798428206033E-16));
#8784=DIRECTION('center_axis',(0.,1.,0.));
#8785=DIRECTION('ref_axis',(0.,0.,1.));
#8786=DIRECTION('',(-0.17364817766693,0.,0.984807753012208));
#8787=DIRECTION('center_axis',(0.984807753012208,0.,-0.17364817766693));
#8788=DIRECTION('ref_axis',(-0.17364817766693,0.,-0.984807753012208));
#8789=DIRECTION('',(0.,1.,0.));
#8790=DIRECTION('',(-0.17364817766693,0.,-0.984807753012208));
#8791=DIRECTION('',(0.,1.,0.));
#8792=DIRECTION('center_axis',(0.,1.,0.));
#8793=DIRECTION('ref_axis',(0.,0.,1.));
#8794=DIRECTION('center_axis',(0.,1.,0.));
#8795=DIRECTION('ref_axis',(0.766044443118978,0.,0.642787609686539));
#8796=DIRECTION('center_axis',(0.,1.,0.));
#8797=DIRECTION('ref_axis',(-0.984807753012208,0.,-0.17364817766693));
#8798=DIRECTION('',(0.,1.,0.));
#8799=DIRECTION('center_axis',(0.,1.,0.));
#8800=DIRECTION('ref_axis',(-0.766044443118978,0.,0.642787609686539));
#8801=DIRECTION('center_axis',(-0.984807753012208,0.,-0.17364817766693));
#8802=DIRECTION('ref_axis',(-0.17364817766693,0.,0.984807753012208));
#8803=DIRECTION('',(0.,1.,0.));
#8804=DIRECTION('',(-0.17364817766693,0.,0.984807753012208));
#8805=DIRECTION('center_axis',(0.,1.,0.));
#8806=DIRECTION('ref_axis',(0.,0.,-1.));
#8807=DIRECTION('',(0.,1.,0.));
#8808=DIRECTION('center_axis',(0.,1.,0.));
#8809=DIRECTION('ref_axis',(-0.642787609686539,0.,-0.766044443118978));
#8810=DIRECTION('center_axis',(1.39424382069766E-16,0.,-1.));
#8811=DIRECTION('ref_axis',(-1.,0.,-1.39424382069766E-16));
#8812=DIRECTION('',(0.,1.,0.));
#8813=DIRECTION('',(-1.,0.,-1.39424382069766E-16));
#8814=DIRECTION('center_axis',(0.,1.,0.));
#8815=DIRECTION('ref_axis',(0.984807753012208,0.,-0.173648177666931));
#8816=DIRECTION('center_axis',(0.,1.,0.));
#8817=DIRECTION('ref_axis',(0.642787609686539,0.,-0.766044443118978));
#8818=DIRECTION('center_axis',(-0.17364817766693,0.,-0.984807753012208));
#8819=DIRECTION('ref_axis',(0.69636424032002,0.707106781186547,-0.122787803968972));
#8820=DIRECTION('center_axis',(0.17364817766693,0.,0.984807753012208));
#8821=DIRECTION('ref_axis',(0.984807753012208,0.,-0.17364817766693));
#8822=DIRECTION('',(0.17364817766693,0.,0.984807753012208));
#8823=DIRECTION('center_axis',(0.17364817766693,0.,0.984807753012208));
#8824=DIRECTION('ref_axis',(0.984807753012208,0.,-0.17364817766693));
#8825=DIRECTION('center_axis',(0.,1.,0.));
#8826=DIRECTION('ref_axis',(0.,0.,1.));
#8827=DIRECTION('center_axis',(1.,0.,0.));
#8828=DIRECTION('ref_axis',(0.,1.,0.));
#8829=DIRECTION('center_axis',(0.,-1.,0.));
#8830=DIRECTION('ref_axis',(0.766044443118978,0.,0.642787609686539));
#8831=DIRECTION('center_axis',(1.,0.,0.));
#8832=DIRECTION('ref_axis',(0.,0.707106781186547,0.707106781186548));
#8833=DIRECTION('center_axis',(-1.,0.,0.));
#8834=DIRECTION('ref_axis',(0.,0.,1.));
#8835=DIRECTION('',(-1.,0.,0.));
#8836=DIRECTION('center_axis',(0.,1.,0.));
#8837=DIRECTION('ref_axis',(0.,0.,1.));
#8838=DIRECTION('center_axis',(0.173648177666929,0.,-0.984807753012208));
#8839=DIRECTION('ref_axis',(-0.984807753012208,0.,-0.173648177666929));
#8840=DIRECTION('center_axis',(0.,-1.,0.));
#8841=DIRECTION('ref_axis',(-0.766044443118978,0.,0.642787609686539));
#8842=DIRECTION('center_axis',(-0.17364817766693,0.,0.984807753012208));
#8843=DIRECTION('ref_axis',(-0.696364240320019,0.707106781186547,-0.122787803968973));
#8844=DIRECTION('',(0.17364817766693,0.,-0.984807753012208));
#8845=DIRECTION('center_axis',(0.173648177666931,0.,-0.984807753012208));
#8846=DIRECTION('ref_axis',(-0.984807753012208,0.,-0.173648177666931));
#8847=DIRECTION('center_axis',(0.,1.,0.));
#8848=DIRECTION('ref_axis',(0.,0.,1.));
#8849=DIRECTION('center_axis',(1.,0.,0.));
#8850=DIRECTION('ref_axis',(0.,0.,-1.));
#8851=DIRECTION('center_axis',(0.,-1.,0.));
#8852=DIRECTION('ref_axis',(-0.642787609686539,0.,-0.766044443118978));
#8853=DIRECTION('center_axis',(-1.,0.,-1.39424382069766E-16));
#8854=DIRECTION('ref_axis',(0.,0.707106781186548,-0.707106781186548));
#8855=DIRECTION('center_axis',(1.,0.,-1.11022302462516E-15));
#8856=DIRECTION('ref_axis',(-1.11022302462516E-15,0.,-1.));
#8857=DIRECTION('',(1.,0.,1.39424382069766E-16));
#8858=DIRECTION('center_axis',(0.,1.,0.));
#8859=DIRECTION('ref_axis',(0.,0.,1.));
#8860=DIRECTION('center_axis',(0.,-1.,0.));
#8861=DIRECTION('ref_axis',(0.642787609686539,0.,-0.766044443118978));
#8862=DIRECTION('center_axis',(0.,1.,0.));
#8863=DIRECTION('ref_axis',(0.,0.,1.));
#8864=DIRECTION('center_axis',(0.,-1.,0.));
#8865=DIRECTION('ref_axis',(0.984807753012208,0.,-0.173648177666932));
#8866=DIRECTION('',(1.,0.,1.39424382069766E-16));
#8867=DIRECTION('center_axis',(0.,-1.,0.));
#8868=DIRECTION('ref_axis',(0.,0.,-1.));
#8869=DIRECTION('',(0.173648177666931,0.,-0.984807753012208));
#8870=DIRECTION('center_axis',(0.,-1.,0.));
#8871=DIRECTION('ref_axis',(-0.984807753012208,0.,-0.173648177666931));
#8872=DIRECTION('',(-1.,0.,0.));
#8873=DIRECTION('center_axis',(0.,-1.,0.));
#8874=DIRECTION('ref_axis',(0.,0.,1.));
#8875=DIRECTION('',(0.173648177666932,0.,0.984807753012208));
#8876=DIRECTION('center_axis',(0.,-1.,0.));
#8877=DIRECTION('ref_axis',(0.,0.,1.));
#8878=DIRECTION('',(0.,-1.,0.));
#8879=DIRECTION('center_axis',(0.,-1.,0.));
#8880=DIRECTION('ref_axis',(0.,0.,1.));
#8881=DIRECTION('',(0.,-1.,0.));
#8882=DIRECTION('center_axis',(0.,0.,1.));
#8883=DIRECTION('ref_axis',(-1.,0.,0.));
#8884=DIRECTION('',(0.,-1.,0.));
#8885=DIRECTION('',(-1.,0.,0.));
#8886=DIRECTION('center_axis',(0.,-1.,0.));
#8887=DIRECTION('ref_axis',(-0.984807753012208,0.,-0.173648177666931));
#8888=DIRECTION('',(0.,-1.,0.));
#8889=DIRECTION('center_axis',(0.,-1.,0.));
#8890=DIRECTION('ref_axis',(-0.984807753012208,0.,-0.173648177666931));
#8891=DIRECTION('center_axis',(-0.984807753012208,0.,-0.173648177666931));
#8892=DIRECTION('ref_axis',(0.173648177666931,0.,-0.984807753012208));
#8893=DIRECTION('',(0.,-1.,0.));
#8894=DIRECTION('',(0.173648177666931,0.,-0.984807753012208));
#8895=DIRECTION('center_axis',(0.984807753012208,0.,-0.173648177666931));
#8896=DIRECTION('ref_axis',(-0.173648177666931,0.,-0.984807753012208));
#8897=DIRECTION('',(0.,1.,0.));
#8898=DIRECTION('',(-0.173648177666931,0.,-0.984807753012208));
#8899=DIRECTION('',(0.,1.,0.));
#8900=DIRECTION('center_axis',(0.,1.,0.));
#8901=DIRECTION('ref_axis',(0.,0.,-1.));
#8902=DIRECTION('',(0.,1.,0.));
#8903=DIRECTION('center_axis',(0.,1.,0.));
#8904=DIRECTION('ref_axis',(0.,0.,-1.));
#8905=DIRECTION('center_axis',(1.11539505655813E-16,0.,-1.));
#8906=DIRECTION('ref_axis',(-1.,0.,-1.11539505655813E-16));
#8907=DIRECTION('',(0.,1.,0.));
#8908=DIRECTION('',(-1.,0.,-1.11539505655813E-16));
#8909=DIRECTION('center_axis',(0.984807753012208,0.,-0.173648177666932));
#8910=DIRECTION('ref_axis',(0.173648177666932,0.,0.984807753012208));
#8911=DIRECTION('',(0.173648177666932,0.,0.984807753012208));
#8912=DIRECTION('',(0.,-1.,0.));
#8913=DIRECTION('center_axis',(0.,-1.,0.));
#8914=DIRECTION('ref_axis',(0.984807753012208,0.,-0.173648177666932));
#8915=DIRECTION('center_axis',(0.,-1.,0.));
#8916=DIRECTION('ref_axis',(0.984807753012208,0.,-0.173648177666932));
#8917=DIRECTION('',(0.,-1.,0.));
#8918=DIRECTION('center_axis',(1.39424382069766E-16,0.,-1.));
#8919=DIRECTION('ref_axis',(1.,0.,1.39424382069766E-16));
#8920=DIRECTION('',(1.,0.,1.39424382069766E-16));
#8921=DIRECTION('',(0.,-1.,0.));
#8922=DIRECTION('center_axis',(0.,-1.,0.));
#8923=DIRECTION('ref_axis',(0.,0.,-1.));
#8924=DIRECTION('center_axis',(0.,-1.,0.));
#8925=DIRECTION('ref_axis',(0.,0.,-1.));
#8926=DIRECTION('center_axis',(0.,1.,0.));
#8927=DIRECTION('ref_axis',(-0.984807753012208,0.,-0.173648177666931));
#8928=DIRECTION('',(0.,1.,0.));
#8929=DIRECTION('center_axis',(0.,1.,0.));
#8930=DIRECTION('ref_axis',(-0.984807753012208,0.,-0.173648177666931));
#8931=DIRECTION('center_axis',(0.,1.,0.));
#8932=DIRECTION('ref_axis',(0.984807753012208,0.,-0.173648177666931));
#8933=DIRECTION('center_axis',(0.,1.,0.));
#8934=DIRECTION('ref_axis',(0.984807753012208,0.,-0.173648177666931));
#8935=DIRECTION('',(0.,1.,0.));
#8936=DIRECTION('center_axis',(-1.02798428206033E-16,0.,1.));
#8937=DIRECTION('ref_axis',(1.,0.,1.02798428206033E-16));
#8938=DIRECTION('',(1.,0.,1.02798428206033E-16));
#8939=DIRECTION('',(0.,1.,0.));
#8940=DIRECTION('center_axis',(0.,1.,0.));
#8941=DIRECTION('ref_axis',(0.,0.,1.));
#8942=DIRECTION('center_axis',(0.,1.,0.));
#8943=DIRECTION('ref_axis',(0.,0.,1.));
#8944=DIRECTION('',(0.,1.,0.));
#8945=DIRECTION('center_axis',(-0.984807753012208,0.,-0.173648177666931));
#8946=DIRECTION('ref_axis',(-0.17364817766693,0.,0.984807753012208));
#8947=DIRECTION('',(-0.17364817766693,0.,0.984807753012208));
#8948=DIRECTION('center_axis',(-0.986368379649177,-2.12742388793942E-12,
0.16455217904439));
#8949=DIRECTION('ref_axis',(-0.16455217904439,0.,-0.986368379649177));
#8950=DIRECTION('center_axis',(0.,-1.,0.));
#8951=DIRECTION('ref_axis',(0.,0.,-1.));
#8952=DIRECTION('center_axis',(-1.,0.,0.));
#8953=DIRECTION('ref_axis',(0.,0.,-1.));
#8954=DIRECTION('center_axis',(0.,1.,0.));
#8955=DIRECTION('ref_axis',(0.173648177666932,0.,0.984807753012208));
#8956=DIRECTION('center_axis',(0.,-1.,0.));
#8957=DIRECTION('ref_axis',(0.173648177666932,0.,0.984807753012208));
#8958=DIRECTION('center_axis',(-1.,0.,7.11681426041765E-17));
#8959=DIRECTION('ref_axis',(0.,-0.707106781186548,-0.707106781186547));
#8960=DIRECTION('center_axis',(-1.,0.,0.));
#8961=DIRECTION('ref_axis',(0.,0.,-1.));
#8962=DIRECTION('',(1.,0.,-7.11681426041765E-17));
#8963=DIRECTION('',(-1.,0.,7.11681426041765E-17));
#8964=DIRECTION('center_axis',(0.,-1.,0.));
#8965=DIRECTION('ref_axis',(0.,0.,-1.));
#8966=DIRECTION('center_axis',(-0.942809041582064,3.70074341541718E-16,
-0.333333333333332));
#8967=DIRECTION('ref_axis',(0.333333333333332,0.,-0.942809041582064));
#8968=DIRECTION('center_axis',(0.,1.,0.));
#8969=DIRECTION('ref_axis',(-0.258819045102523,0.,0.965925826289068));
#8970=DIRECTION('center_axis',(0.,-1.,0.));
#8971=DIRECTION('ref_axis',(-0.258819045102523,0.,0.965925826289068));
#8972=DIRECTION('center_axis',(0.,1.,0.));
#8973=DIRECTION('ref_axis',(0.,0.,-1.));
#8974=DIRECTION('',(0.,-1.,0.));
#8975=DIRECTION('center_axis',(0.,1.,0.));
#8976=DIRECTION('ref_axis',(-1.,0.,-1.38777878078144E-15));
#8977=DIRECTION('',(0.,1.,0.));
#8978=DIRECTION('center_axis',(7.11681426041765E-17,0.,1.));
#8979=DIRECTION('ref_axis',(-1.,0.,7.11681426041765E-17));
#8980=DIRECTION('',(0.,-1.,0.));
#8981=DIRECTION('',(1.,0.,-7.11681426041765E-17));
#8982=DIRECTION('center_axis',(0.,1.,0.));
#8983=DIRECTION('ref_axis',(0.984807753012208,0.,0.173648177666931));
#8984=DIRECTION('',(0.,1.,0.));
#8985=DIRECTION('center_axis',(0.,-1.,0.));
#8986=DIRECTION('ref_axis',(0.984807753012208,0.,0.173648177666931));
#8987=DIRECTION('',(0.,1.,0.));
#8988=DIRECTION('center_axis',(0.,1.,0.));
#8989=DIRECTION('ref_axis',(1.,0.,0.));
#8990=DIRECTION('center_axis',(-0.942809041582417,-2.1185780909181E-12,
0.333333333332333));
#8991=DIRECTION('ref_axis',(-0.333333333332333,0.,-0.942809041582417));
#8992=DIRECTION('center_axis',(0.,-1.,0.));
#8993=DIRECTION('ref_axis',(0.,0.,-1.));
#8994=DIRECTION('center_axis',(-1.,0.,0.));
#8995=DIRECTION('ref_axis',(0.,0.,-1.));
#8996=DIRECTION('center_axis',(0.,1.,0.));
#8997=DIRECTION('ref_axis',(0.258819045102523,0.,0.965925826289068));
#8998=DIRECTION('center_axis',(0.,-1.,0.));
#8999=DIRECTION('ref_axis',(0.258819045102523,0.,0.965925826289068));
#9000=DIRECTION('center_axis',(-1.,0.,0.));
#9001=DIRECTION('ref_axis',(0.,-0.707106781186548,-0.707106781186547));
#9002=DIRECTION('center_axis',(-1.,0.,0.));
#9003=DIRECTION('ref_axis',(0.,0.,-1.));
#9004=DIRECTION('',(1.,0.,0.));
#9005=DIRECTION('',(-1.,0.,0.));
#9006=DIRECTION('center_axis',(0.,-1.,0.));
#9007=DIRECTION('ref_axis',(0.,0.,-1.));
#9008=DIRECTION('center_axis',(-0.986368379649001,0.,-0.164552179045443));
#9009=DIRECTION('ref_axis',(0.164552179045443,0.,-0.986368379649001));
#9010=DIRECTION('center_axis',(0.,1.,0.));
#9011=DIRECTION('ref_axis',(-0.173648177666932,0.,0.984807753012208));
#9012=DIRECTION('center_axis',(0.,-1.,0.));
#9013=DIRECTION('ref_axis',(-0.173648177666932,0.,0.984807753012208));
#9014=DIRECTION('center_axis',(0.,1.,0.));
#9015=DIRECTION('ref_axis',(0.,0.,-1.));
#9016=DIRECTION('',(0.,-1.,0.));
#9017=DIRECTION('center_axis',(0.,1.,0.));
#9018=DIRECTION('ref_axis',(-1.,0.,-2.77555756156289E-15));
#9019=DIRECTION('',(0.,1.,0.));
#9020=DIRECTION('center_axis',(0.,-1.,0.));
#9021=DIRECTION('ref_axis',(0.,0.,-1.));
#9022=DIRECTION('',(0.,1.,0.));
#9023=DIRECTION('center_axis',(0.,0.,1.));
#9024=DIRECTION('ref_axis',(-1.,0.,0.));
#9025=DIRECTION('',(0.,-1.,0.));
#9026=DIRECTION('',(1.,0.,0.));
#9027=DIRECTION('center_axis',(0.,1.,0.));
#9028=DIRECTION('ref_axis',(1.,0.,1.38777878078144E-16));
#9029=DIRECTION('',(0.,1.,0.));
#9030=DIRECTION('center_axis',(0.,1.,0.));
#9031=DIRECTION('ref_axis',(1.,0.,-2.77555756156289E-16));
#9032=DIRECTION('',(0.,1.,0.));
#9033=DIRECTION('center_axis',(0.,1.,0.));
#9034=DIRECTION('ref_axis',(0.,0.,1.));
#9035=DIRECTION('center_axis',(1.,0.,0.));
#9036=DIRECTION('ref_axis',(0.,1.,0.));
#9037=DIRECTION('center_axis',(0.,1.,0.));
#9038=DIRECTION('ref_axis',(0.766044443118978,0.,0.642787609686539));
#9039=DIRECTION('center_axis',(0.17364817766693,0.,0.984807753012208));
#9040=DIRECTION('ref_axis',(0.984807753012208,0.,-0.17364817766693));
#9041=DIRECTION('center_axis',(0.,-1.,0.));
#9042=DIRECTION('ref_axis',(0.766044443118978,0.,0.642787609686539));
#9043=DIRECTION('center_axis',(-0.17364817766693,0.,-0.984807753012208));
#9044=DIRECTION('ref_axis',(0.69636424032002,0.707106781186547,-0.122787803968972));
#9045=DIRECTION('center_axis',(0.17364817766693,0.,0.984807753012208));
#9046=DIRECTION('ref_axis',(0.984807753012208,0.,-0.17364817766693));
#9047=DIRECTION('',(0.17364817766693,0.,0.984807753012208));
#9048=DIRECTION('',(-0.17364817766693,0.,-0.984807753012208));
#9049=DIRECTION('center_axis',(0.,1.,0.));
#9050=DIRECTION('ref_axis',(0.,0.,1.));
#9051=DIRECTION('center_axis',(1.,0.,-1.11022302462516E-15));
#9052=DIRECTION('ref_axis',(-1.11022302462516E-15,0.,-1.));
#9053=DIRECTION('center_axis',(0.,-1.,0.));
#9054=DIRECTION('ref_axis',(0.642787609686539,0.,-0.766044443118978));
#9055=DIRECTION('center_axis',(0.,1.,0.));
#9056=DIRECTION('ref_axis',(0.642787609686539,0.,-0.766044443118978));
#9057=DIRECTION('center_axis',(-1.,0.,-1.39424382069766E-16));
#9058=DIRECTION('ref_axis',(0.,0.707106781186548,-0.707106781186548));
#9059=DIRECTION('center_axis',(1.,0.,0.));
#9060=DIRECTION('ref_axis',(0.,0.,-1.));
#9061=DIRECTION('',(1.,0.,1.39424382069766E-16));
#9062=DIRECTION('',(-1.,0.,-1.39424382069766E-16));
#9063=DIRECTION('center_axis',(0.,1.,0.));
#9064=DIRECTION('ref_axis',(0.,0.,1.));
#9065=DIRECTION('center_axis',(0.173648177666931,0.,-0.984807753012208));
#9066=DIRECTION('ref_axis',(-0.984807753012208,0.,-0.173648177666931));
#9067=DIRECTION('center_axis',(0.,-1.,0.));
#9068=DIRECTION('ref_axis',(-0.642787609686539,0.,-0.766044443118978));
#9069=DIRECTION('center_axis',(0.,1.,0.));
#9070=DIRECTION('ref_axis',(-0.642787609686539,0.,-0.766044443118978));
#9071=DIRECTION('center_axis',(-0.17364817766693,0.,0.984807753012208));
#9072=DIRECTION('ref_axis',(-0.696364240320019,0.707106781186547,-0.122787803968973));
#9073=DIRECTION('center_axis',(0.173648177666929,0.,-0.984807753012208));
#9074=DIRECTION('ref_axis',(-0.984807753012208,0.,-0.173648177666929));
#9075=DIRECTION('',(0.17364817766693,0.,-0.984807753012208));
#9076=DIRECTION('',(-0.17364817766693,0.,0.984807753012208));
#9077=DIRECTION('center_axis',(0.,1.,0.));
#9078=DIRECTION('ref_axis',(0.,0.,1.));
#9079=DIRECTION('center_axis',(-1.,0.,0.));
#9080=DIRECTION('ref_axis',(0.,0.,1.));
#9081=DIRECTION('center_axis',(0.,-1.,0.));
#9082=DIRECTION('ref_axis',(-0.766044443118978,0.,0.642787609686539));
#9083=DIRECTION('center_axis',(0.,1.,0.));
#9084=DIRECTION('ref_axis',(-0.766044443118978,0.,0.642787609686539));
#9085=DIRECTION('center_axis',(1.,0.,0.));
#9086=DIRECTION('ref_axis',(0.,0.707106781186547,0.707106781186548));
#9087=DIRECTION('',(-1.,0.,0.));
#9088=DIRECTION('',(1.,0.,0.));
#9089=DIRECTION('center_axis',(1.39424382069766E-16,0.,-1.));
#9090=DIRECTION('ref_axis',(-1.,0.,-1.39424382069766E-16));
#9091=DIRECTION('',(0.,1.,0.));
#9092=DIRECTION('',(1.,0.,1.39424382069766E-16));
#9093=DIRECTION('',(0.,1.,0.));
#9094=DIRECTION('center_axis',(0.,1.,0.));
#9095=DIRECTION('ref_axis',(0.984807753012208,0.,-0.173648177666931));
#9096=DIRECTION('',(0.,1.,0.));
#9097=DIRECTION('center_axis',(0.,-1.,0.));
#9098=DIRECTION('ref_axis',(0.642787609686539,0.,-0.766044443118978));
#9099=DIRECTION('center_axis',(0.984807753012208,0.,-0.17364817766693));
#9100=DIRECTION('ref_axis',(-0.17364817766693,0.,-0.984807753012208));
#9101=DIRECTION('',(0.,1.,0.));
#9102=DIRECTION('',(0.17364817766693,0.,0.984807753012208));
#9103=DIRECTION('center_axis',(0.,1.,0.));
#9104=DIRECTION('ref_axis',(0.,0.,1.));
#9105=DIRECTION('',(0.,1.,0.));
#9106=DIRECTION('center_axis',(0.,-1.,0.));
#9107=DIRECTION('ref_axis',(0.766044443118978,0.,0.642787609686539));
#9108=DIRECTION('center_axis',(0.,1.,0.));
#9109=DIRECTION('ref_axis',(0.,0.,1.));
#9110=DIRECTION('center_axis',(0.,-1.,0.));
#9111=DIRECTION('ref_axis',(0.,0.,-1.));
#9112=DIRECTION('center_axis',(-1.,0.,0.));
#9113=DIRECTION('ref_axis',(0.,-1.,0.));
#9114=DIRECTION('center_axis',(0.,-1.,0.));
#9115=DIRECTION('ref_axis',(-0.766044443118978,0.,0.642787609686539));
#9116=DIRECTION('center_axis',(-0.173648177666932,0.,0.984807753012208));
#9117=DIRECTION('ref_axis',(-0.984807753012208,0.,-0.173648177666932));
#9118=DIRECTION('center_axis',(0.,1.,0.));
#9119=DIRECTION('ref_axis',(-0.766044443118978,0.,0.64278760968654));
#9120=DIRECTION('center_axis',(0.173648177666931,0.,-0.984807753012208));
#9121=DIRECTION('ref_axis',(-0.696364240320019,-0.707106781186548,-0.122787803968971));
#9122=DIRECTION('center_axis',(-0.173648177666928,0.,0.984807753012208));
#9123=DIRECTION('ref_axis',(-0.984807753012208,0.,-0.173648177666928));
#9124=DIRECTION('',(-0.17364817766693,0.,0.984807753012208));
#9125=DIRECTION('',(0.17364817766693,0.,-0.984807753012208));
#9126=DIRECTION('center_axis',(0.,-1.,0.));
#9127=DIRECTION('ref_axis',(0.,0.,-1.));
#9128=DIRECTION('center_axis',(-1.,0.,-2.22044604925031E-15));
#9129=DIRECTION('ref_axis',(2.22044604925031E-15,0.,-1.));
#9130=DIRECTION('center_axis',(0.,1.,0.));
#9131=DIRECTION('ref_axis',(-0.642787609686539,0.,-0.766044443118978));
#9132=DIRECTION('center_axis',(0.,-1.,0.));
#9133=DIRECTION('ref_axis',(-0.642787609686539,0.,-0.766044443118978));
#9134=DIRECTION('center_axis',(1.,0.,1.25481943862789E-16));
#9135=DIRECTION('ref_axis',(0.,-0.707106781186548,-0.707106781186548));
#9136=DIRECTION('center_axis',(-1.,0.,0.));
#9137=DIRECTION('ref_axis',(0.,0.,-1.));
#9138=DIRECTION('',(-1.,0.,-1.25481943862789E-16));
#9139=DIRECTION('',(1.,0.,1.25481943862789E-16));
#9140=DIRECTION('center_axis',(0.,-1.,0.));
#9141=DIRECTION('ref_axis',(0.,0.,-1.));
#9142=DIRECTION('center_axis',(-0.17364817766693,0.,-0.984807753012208));
#9143=DIRECTION('ref_axis',(0.984807753012208,0.,-0.17364817766693));
#9144=DIRECTION('center_axis',(0.,1.,0.));
#9145=DIRECTION('ref_axis',(0.64278760968654,0.,-0.766044443118977));
#9146=DIRECTION('center_axis',(0.,-1.,0.));
#9147=DIRECTION('ref_axis',(0.64278760968654,0.,-0.766044443118977));
#9148=DIRECTION('center_axis',(0.17364817766693,0.,0.984807753012208));
#9149=DIRECTION('ref_axis',(0.696364240320019,-0.707106781186548,-0.122787803968972));
#9150=DIRECTION('center_axis',(-0.173648177666929,0.,-0.984807753012208));
#9151=DIRECTION('ref_axis',(0.984807753012208,0.,-0.17364817766693));
#9152=DIRECTION('',(-0.17364817766693,0.,-0.984807753012208));
#9153=DIRECTION('',(0.17364817766693,0.,0.984807753012208));
#9154=DIRECTION('center_axis',(0.,-1.,0.));
#9155=DIRECTION('ref_axis',(0.,0.,-1.));
#9156=DIRECTION('center_axis',(1.,0.,0.));
#9157=DIRECTION('ref_axis',(0.,0.,1.));
#9158=DIRECTION('center_axis',(0.,1.,0.));
#9159=DIRECTION('ref_axis',(0.766044443118978,0.,0.64278760968654));
#9160=DIRECTION('center_axis',(0.,-1.,0.));
#9161=DIRECTION('ref_axis',(0.766044443118978,0.,0.64278760968654));
#9162=DIRECTION('center_axis',(-1.,0.,-1.02798428206033E-16));
#9163=DIRECTION('ref_axis',(0.,-0.707106781186546,0.707106781186549));
#9164=DIRECTION('',(1.,0.,1.02798428206033E-16));
#9165=DIRECTION('',(-1.,0.,-1.02798428206033E-16));
#9166=DIRECTION('center_axis',(1.25481943862789E-16,0.,-1.));
#9167=DIRECTION('ref_axis',(1.,0.,1.25481943862789E-16));
#9168=DIRECTION('',(0.,-1.,0.));
#9169=DIRECTION('',(-1.,0.,-1.25481943862789E-16));
#9170=DIRECTION('',(0.,-1.,0.));
#9171=DIRECTION('center_axis',(0.,-1.,0.));
#9172=DIRECTION('ref_axis',(-0.984807753012208,0.,-0.17364817766693));
#9173=DIRECTION('',(0.,-1.,0.));
#9174=DIRECTION('center_axis',(0.,1.,0.));
#9175=DIRECTION('ref_axis',(-0.642787609686539,0.,-0.766044443118978));
#9176=DIRECTION('center_axis',(-0.984807753012208,0.,-0.173648177666931));
#9177=DIRECTION('ref_axis',(0.17364817766693,0.,-0.984807753012208));
#9178=DIRECTION('',(0.,-1.,0.));
#9179=DIRECTION('',(-0.17364817766693,0.,0.984807753012208));
#9180=DIRECTION('center_axis',(0.,-1.,0.));
#9181=DIRECTION('ref_axis',(0.,0.,1.));
#9182=DIRECTION('',(0.,-1.,0.));
#9183=DIRECTION('center_axis',(0.,1.,0.));
#9184=DIRECTION('ref_axis',(-0.766044443118978,0.,0.64278760968654));
#9185=DIRECTION('center_axis',(0.,-1.,0.));
#9186=DIRECTION('ref_axis',(0.,0.,-1.));
#9187=DIRECTION('center_axis',(0.,1.,0.));
#9188=DIRECTION('ref_axis',(0.,0.,1.));
#9189=DIRECTION('center_axis',(-1.,0.,0.));
#9190=DIRECTION('ref_axis',(0.,1.,0.));
#9191=DIRECTION('center_axis',(0.,1.,0.));
#9192=DIRECTION('ref_axis',(0.766044443118978,0.,0.64278760968654));
#9193=DIRECTION('center_axis',(-0.173648177666929,0.,-0.984807753012208));
#9194=DIRECTION('ref_axis',(-0.984807753012208,0.,0.17364817766693));
#9195=DIRECTION('center_axis',(-0.17364817766693,0.,-0.984807753012208));
#9196=DIRECTION('ref_axis',(-0.696364240320019,0.707106781186547,0.122787803968972));
#9197=DIRECTION('center_axis',(-0.173648177666931,0.,-0.984807753012208));
#9198=DIRECTION('ref_axis',(-0.984807753012208,0.,0.173648177666931));
#9199=DIRECTION('',(-0.17364817766693,0.,-0.984807753012208));
#9200=DIRECTION('center_axis',(0.,1.,0.));
#9201=DIRECTION('ref_axis',(0.,0.,1.));
#9202=DIRECTION('center_axis',(-1.,0.,0.));
#9203=DIRECTION('ref_axis',(0.,0.,1.));
#9204=DIRECTION('center_axis',(0.,1.,0.));
#9205=DIRECTION('ref_axis',(0.64278760968654,0.,-0.766044443118977));
#9206=DIRECTION('center_axis',(-1.,0.,-1.25481943862789E-16));
#9207=DIRECTION('ref_axis',(0.,0.707106781186548,0.707106781186547));
#9208=DIRECTION('center_axis',(-1.,0.,0.));
#9209=DIRECTION('ref_axis',(0.,0.,1.));
#9210=DIRECTION('center_axis',(0.,1.,0.));
#9211=DIRECTION('ref_axis',(0.,0.,1.));
#9212=DIRECTION('center_axis',(-0.173648177666929,0.,0.984807753012208));
#9213=DIRECTION('ref_axis',(0.984807753012208,0.,0.17364817766693));
#9214=DIRECTION('center_axis',(-0.173648177666931,0.,0.984807753012208));
#9215=DIRECTION('ref_axis',(0.696364240320019,0.707106781186547,0.122787803968974));
#9216=DIRECTION('center_axis',(-0.173648177666932,0.,0.984807753012208));
#9217=DIRECTION('ref_axis',(0.984807753012208,0.,0.173648177666932));
#9218=DIRECTION('center_axis',(0.,1.,0.));
#9219=DIRECTION('ref_axis',(0.,0.,1.));
#9220=DIRECTION('center_axis',(1.,0.,0.));
#9221=DIRECTION('ref_axis',(0.,0.,-1.));
#9222=DIRECTION('center_axis',(1.,0.,1.02798428206033E-16));
#9223=DIRECTION('ref_axis',(0.,0.707106781186546,-0.707106781186549));
#9224=DIRECTION('',(1.,0.,1.02798428206033E-16));
#9225=DIRECTION('center_axis',(0.,-1.,0.));
#9226=DIRECTION('ref_axis',(1.38777878078145E-15,0.,-1.));
#9227=DIRECTION('',(0.,-1.,0.));
#9228=DIRECTION('center_axis',(0.984807753012208,0.,-0.17364817766693));
#9229=DIRECTION('ref_axis',(0.17364817766693,0.,0.984807753012208));
#9230=DIRECTION('',(0.,-1.,0.));
#9231=DIRECTION('center_axis',(0.,-1.,0.));
#9232=DIRECTION('ref_axis',(0.984807753012208,0.,-0.17364817766693));
#9233=DIRECTION('',(0.,-1.,0.));
#9234=DIRECTION('center_axis',(0.,-1.,0.));
#9235=DIRECTION('ref_axis',(0.,0.,-1.));
#9236=DIRECTION('center_axis',(1.,0.,0.));
#9237=DIRECTION('ref_axis',(0.,-1.,0.));
#9238=DIRECTION('center_axis',(0.,-1.,0.));
#9239=DIRECTION('ref_axis',(-0.766044443118978,0.,0.642787609686539));
#9240=DIRECTION('center_axis',(0.173648177666929,0.,-0.984807753012208));
#9241=DIRECTION('ref_axis',(0.984807753012208,0.,0.173648177666929));
#9242=DIRECTION('center_axis',(0.,1.,0.));
#9243=DIRECTION('ref_axis',(-0.766044443118978,0.,0.642787609686539));
#9244=DIRECTION('center_axis',(0.17364817766693,0.,-0.984807753012208));
#9245=DIRECTION('ref_axis',(0.69636424032002,-0.707106781186547,0.122787803968972));
#9246=DIRECTION('center_axis',(0.17364817766693,0.,-0.984807753012208));
#9247=DIRECTION('ref_axis',(0.984807753012208,0.,0.17364817766693));
#9248=DIRECTION('',(-0.17364817766693,0.,0.984807753012208));
#9249=DIRECTION('',(0.17364817766693,0.,-0.984807753012208));
#9250=DIRECTION('center_axis',(0.,-1.,0.));
#9251=DIRECTION('ref_axis',(0.,0.,-1.));
#9252=DIRECTION('center_axis',(1.,0.,2.22044604925032E-15));
#9253=DIRECTION('ref_axis',(-2.22044604925032E-15,0.,1.));
#9254=DIRECTION('center_axis',(0.,1.,0.));
#9255=DIRECTION('ref_axis',(-0.642787609686539,0.,-0.766044443118978));
#9256=DIRECTION('center_axis',(0.,-1.,0.));
#9257=DIRECTION('ref_axis',(-0.642787609686539,0.,-0.766044443118978));
#9258=DIRECTION('center_axis',(1.,0.,1.39424382069766E-16));
#9259=DIRECTION('ref_axis',(0.,-0.707106781186548,0.707106781186548));
#9260=DIRECTION('center_axis',(1.,0.,0.));
#9261=DIRECTION('ref_axis',(0.,0.,1.));
#9262=DIRECTION('',(-1.,0.,-1.39424382069766E-16));
#9263=DIRECTION('center_axis',(0.,-1.,0.));
#9264=DIRECTION('ref_axis',(0.,0.,-1.));
#9265=DIRECTION('center_axis',(0.173648177666931,0.,0.984807753012208));
#9266=DIRECTION('ref_axis',(-0.984807753012208,0.,0.173648177666931));
#9267=DIRECTION('center_axis',(0.,1.,0.));
#9268=DIRECTION('ref_axis',(0.642787609686539,0.,-0.766044443118978));
#9269=DIRECTION('center_axis',(0.17364817766693,0.,0.984807753012208));
#9270=DIRECTION('ref_axis',(-0.69636424032002,-0.707106781186547,0.122787803968971));
#9271=DIRECTION('center_axis',(0.17364817766693,0.,0.984807753012208));
#9272=DIRECTION('ref_axis',(-0.984807753012208,0.,0.17364817766693));
#9273=DIRECTION('',(-0.17364817766693,0.,-0.984807753012208));
#9274=DIRECTION('center_axis',(0.,-1.,0.));
#9275=DIRECTION('ref_axis',(0.,0.,-1.));
#9276=DIRECTION('center_axis',(-1.,0.,4.44089209850062E-15));
#9277=DIRECTION('ref_axis',(-4.44089209850062E-15,0.,-1.));
#9278=DIRECTION('center_axis',(0.,1.,0.));
#9279=DIRECTION('ref_axis',(0.766044443118978,0.,0.642787609686539));
#9280=DIRECTION('center_axis',(-1.,0.,0.));
#9281=DIRECTION('ref_axis',(0.,-0.707106781186546,-0.707106781186549));
#9282=DIRECTION('',(1.,0.,0.));
#9283=DIRECTION('',(-1.,0.,0.));
#9284=DIRECTION('center_axis',(0.,1.,0.));
#9285=DIRECTION('ref_axis',(0.,0.,-1.));
#9286=DIRECTION('',(0.,1.,0.));
#9287=DIRECTION('center_axis',(-0.984807753012208,0.,-0.17364817766693));
#9288=DIRECTION('ref_axis',(-0.17364817766693,0.,0.984807753012208));
#9289=DIRECTION('',(0.,1.,0.));
#9290=DIRECTION('center_axis',(0.,1.,0.));
#9291=DIRECTION('ref_axis',(-0.984807753012208,0.,-0.17364817766693));
#9292=DIRECTION('',(0.,1.,0.));
#9293=DIRECTION('center_axis',(0.,1.,0.));
#9294=DIRECTION('ref_axis',(0.,0.,1.));
#9295=DIRECTION('',(-0.173648177666931,0.,0.984807753012208));
#9296=DIRECTION('center_axis',(0.,-1.,0.));
#9297=DIRECTION('ref_axis',(0.,0.,1.));
#9298=DIRECTION('center_axis',(0.,-1.,0.));
#9299=DIRECTION('ref_axis',(-0.984807753012208,0.,0.173648177666931));
#9300=DIRECTION('',(-0.173648177666931,0.,-0.984807753012208));
#9301=DIRECTION('',(-1.,0.,2.00899795511711E-16));
#9302=DIRECTION('center_axis',(1.,0.,0.));
#9303=DIRECTION('ref_axis',(0.,1.,0.));
#9304=DIRECTION('center_axis',(1.,0.,0.));
#9305=DIRECTION('ref_axis',(0.,0.,-1.));
#9306=DIRECTION('center_axis',(0.,-1.,0.));
#9307=DIRECTION('ref_axis',(1.,0.,0.));
#9308=DIRECTION('center_axis',(-1.,0.,2.00899795511711E-16));
#9309=DIRECTION('ref_axis',(0.,0.707106781186549,-0.707106781186546));
#9310=DIRECTION('center_axis',(1.,0.,-4.44089209850063E-15));
#9311=DIRECTION('ref_axis',(-4.44089209850063E-15,0.,-1.));
#9312=DIRECTION('',(1.,0.,-2.00899795511711E-16));
#9313=DIRECTION('',(-1.,0.,2.00899795511711E-16));
#9314=DIRECTION('center_axis',(-1.,0.,-8.88178419700138E-15));
#9315=DIRECTION('ref_axis',(-8.88178419700138E-15,0.,1.));
#9316=DIRECTION('center_axis',(0.,-1.,0.));
#9317=DIRECTION('ref_axis',(-1.,0.,-1.38777878078144E-15));
#9318=DIRECTION('center_axis',(1.,0.,-7.11681426041765E-17));
#9319=DIRECTION('ref_axis',(0.,0.707106781186546,0.707106781186549));
#9320=DIRECTION('',(-1.,0.,7.11681426041765E-17));
#9321=DIRECTION('center_axis',(-2.00899795511711E-16,0.,-1.));
#9322=DIRECTION('ref_axis',(-1.,0.,2.00899795511711E-16));
#9323=DIRECTION('',(-1.,0.,2.00899795511711E-16));
#9324=DIRECTION('center_axis',(0.,1.,0.));
#9325=DIRECTION('ref_axis',(0.,0.,1.));
#9326=DIRECTION('center_axis',(1.,0.,0.));
#9327=DIRECTION('ref_axis',(0.,1.,0.));
#9328=DIRECTION('center_axis',(1.,0.,0.));
#9329=DIRECTION('ref_axis',(0.,0.,-1.));
#9330=DIRECTION('center_axis',(0.,-1.,0.));
#9331=DIRECTION('ref_axis',(1.,0.,-2.77555756156289E-16));
#9332=DIRECTION('center_axis',(-1.,0.,2.00899795511711E-16));
#9333=DIRECTION('ref_axis',(0.,0.707106781186549,-0.707106781186546));
#9334=DIRECTION('center_axis',(1.,0.,0.));
#9335=DIRECTION('ref_axis',(0.,0.,-1.));
#9336=DIRECTION('',(1.,0.,-2.00899795511711E-16));
#9337=DIRECTION('center_axis',(-1.,0.,0.));
#9338=DIRECTION('ref_axis',(0.,0.,1.));
#9339=DIRECTION('center_axis',(0.,-1.,0.));
#9340=DIRECTION('ref_axis',(-1.,0.,-2.77555756156289E-15));
#9341=DIRECTION('center_axis',(1.,0.,0.));
#9342=DIRECTION('ref_axis',(0.,0.707106781186546,0.707106781186549));
#9343=DIRECTION('',(-1.,0.,0.));
#9344=DIRECTION('center_axis',(0.,1.,0.));
#9345=DIRECTION('ref_axis',(0.,0.,1.));
#9346=DIRECTION('center_axis',(8.37904169528421E-16,0.,1.));
#9347=DIRECTION('ref_axis',(-0.707106781186546,0.707106781186549,1.57009245868378E-15));
#9348=DIRECTION('center_axis',(0.,0.,-1.));
#9349=DIRECTION('ref_axis',(-1.,0.,0.));
#9350=DIRECTION('',(-8.37904169528421E-16,0.,-1.));
#9351=DIRECTION('center_axis',(-1.,0.,0.));
#9352=DIRECTION('ref_axis',(0.,0.,1.));
#9353=DIRECTION('center_axis',(0.,-1.,0.));
#9354=DIRECTION('ref_axis',(-0.707106781186546,0.,0.707106781186549));
#9355=DIRECTION('center_axis',(1.,0.,-1.79068229778251E-16));
#9356=DIRECTION('ref_axis',(0.,0.707106781186549,0.707106781186546));
#9357=DIRECTION('center_axis',(-1.,0.,0.));
#9358=DIRECTION('ref_axis',(0.,0.,1.));
#9359=DIRECTION('',(-1.,0.,1.79068229778251E-16));
#9360=DIRECTION('center_axis',(-0.173648177666932,0.,0.984807753012208));
#9361=DIRECTION('ref_axis',(0.984807753012208,0.,0.173648177666932));
#9362=DIRECTION('center_axis',(0.,-1.,0.));
#9363=DIRECTION('ref_axis',(0.642787609686539,0.,0.766044443118978));
#9364=DIRECTION('center_axis',(0.,1.,0.));
#9365=DIRECTION('ref_axis',(0.642787609686539,0.,0.766044443118978));
#9366=DIRECTION('center_axis',(0.173648177666931,0.,-0.984807753012208));
#9367=DIRECTION('ref_axis',(0.696364240320019,0.707106781186547,0.122787803968974));
#9368=DIRECTION('',(-0.173648177666931,0.,0.984807753012208));
#9369=DIRECTION('',(0.173648177666931,0.,-0.984807753012208));
#9370=DIRECTION('center_axis',(0.984807753012208,0.,0.173648177666931));
#9371=DIRECTION('ref_axis',(0.173648177666931,0.,-0.984807753012208));
#9372=DIRECTION('',(0.,1.,0.));
#9373=DIRECTION('center_axis',(0.,1.,0.));
#9374=DIRECTION('ref_axis',(0.,0.,1.));
#9375=DIRECTION('center_axis',(0.173648177666931,0.,0.984807753012208));
#9376=DIRECTION('ref_axis',(-0.696364240320019,0.707106781186547,0.122787803968974));
#9377=DIRECTION('',(0.173648177666931,0.,0.984807753012208));
#9378=DIRECTION('center_axis',(-0.173648177666923,0.,-0.984807753012209));
#9379=DIRECTION('ref_axis',(-0.984807753012209,0.,0.173648177666923));
#9380=DIRECTION('',(-0.173648177666931,0.,-0.984807753012208));
#9381=DIRECTION('center_axis',(-1.,0.,0.));
#9382=DIRECTION('ref_axis',(0.,0.,1.));
#9383=DIRECTION('center_axis',(0.,-1.,0.));
#9384=DIRECTION('ref_axis',(-0.642787609686539,0.,0.766044443118978));
#9385=DIRECTION('center_axis',(0.,1.,0.));
#9386=DIRECTION('ref_axis',(-0.642787609686539,0.,0.766044443118978));
#9387=DIRECTION('center_axis',(1.,0.,-1.79068229778251E-16));
#9388=DIRECTION('ref_axis',(0.,0.707106781186546,0.707106781186549));
#9389=DIRECTION('center_axis',(-1.,0.,0.));
#9390=DIRECTION('ref_axis',(0.,0.,1.));
#9391=DIRECTION('',(-1.,0.,1.79068229778251E-16));
#9392=DIRECTION('center_axis',(0.,0.,1.));
#9393=DIRECTION('ref_axis',(1.,0.,0.));
#9394=DIRECTION('center_axis',(0.,-1.,0.));
#9395=DIRECTION('ref_axis',(0.707106781186548,0.,0.707106781186548));
#9396=DIRECTION('center_axis',(4.1895208476421E-16,0.,-1.));
#9397=DIRECTION('ref_axis',(0.707106781186546,0.707106781186549,0.));
#9398=DIRECTION('',(-4.1895208476421E-16,0.,1.));
#9399=DIRECTION('',(4.1895208476421E-16,0.,-1.));
#9400=DIRECTION('center_axis',(1.,0.,4.1895208476421E-16));
#9401=DIRECTION('ref_axis',(4.1895208476421E-16,0.,-1.));
#9402=DIRECTION('center_axis',(0.,1.,0.));
#9403=DIRECTION('ref_axis',(-0.984807753012208,0.,0.173648177666931));
#9404=DIRECTION('',(0.,1.,0.));
#9405=DIRECTION('center_axis',(-0.984807753012208,0.,0.173648177666931));
#9406=DIRECTION('ref_axis',(0.173648177666931,0.,0.984807753012208));
#9407=DIRECTION('center_axis',(0.,-1.,0.));
#9408=DIRECTION('ref_axis',(1.,0.,0.));
#9409=DIRECTION('',(0.,1.,0.));
#9410=DIRECTION('center_axis',(0.,-1.,0.));
#9411=DIRECTION('ref_axis',(1.,0.,0.));
#9412=DIRECTION('center_axis',(0.,-1.,0.));
#9413=DIRECTION('ref_axis',(1.,0.,0.));
#9414=DIRECTION('',(0.,1.,0.));
#9415=DIRECTION('center_axis',(0.,-1.,0.));
#9416=DIRECTION('ref_axis',(1.,0.,0.));
#9417=DIRECTION('center_axis',(0.,1.,0.));
#9418=DIRECTION('ref_axis',(0.,0.,1.));
#9419=DIRECTION('center_axis',(0.,1.,0.));
#9420=DIRECTION('ref_axis',(0.,0.,1.));
#9421=DIRECTION('center_axis',(0.,0.,1.));
#9422=DIRECTION('ref_axis',(1.,0.,0.));
#9423=DIRECTION('center_axis',(-1.02798428206033E-16,0.,1.));
#9424=DIRECTION('ref_axis',(-1.,0.,-1.02798428206033E-16));
#9425=DIRECTION('axis',(0.,0.,1.));
#9426=DIRECTION('refdir',(1.,0.,0.));
#9427=DIRECTION('center_axis',(0.,0.,1.));
#9428=DIRECTION('ref_axis',(1.,0.,0.));
#9429=DIRECTION('center_axis',(0.,0.,1.));
#9430=DIRECTION('ref_axis',(1.,0.,0.));
#9431=DIRECTION('',(0.866025403784439,1.06057523872491E-16,-0.5));
#9432=DIRECTION('center_axis',(0.,0.,1.));
#9433=DIRECTION('ref_axis',(1.,0.,0.));
#9434=DIRECTION('center_axis',(0.,0.,-1.));
#9435=DIRECTION('ref_axis',(1.,0.,0.));
#9436=DIRECTION('',(0.707106781186547,8.65956056235493E-17,-0.707106781186548));
#9437=DIRECTION('center_axis',(0.,0.,1.));
#9438=DIRECTION('ref_axis',(1.,0.,0.));
#9439=DIRECTION('center_axis',(0.,0.,1.));
#9440=DIRECTION('ref_axis',(1.,0.,0.));
#9441=DIRECTION('',(0.,0.,-1.));
#9442=DIRECTION('center_axis',(0.,0.,1.));
#9443=DIRECTION('ref_axis',(-1.,0.,0.));
#9444=DIRECTION('',(-0.866025403784439,1.06057523872491E-16,-0.5));
#9445=DIRECTION('center_axis',(0.,0.,-1.));
#9446=DIRECTION('ref_axis',(-1.,0.,0.));
#9447=DIRECTION('center_axis',(0.,0.,-1.));
#9448=DIRECTION('ref_axis',(-1.,0.,0.));
#9449=DIRECTION('center_axis',(0.,0.,1.));
#9450=DIRECTION('ref_axis',(-1.,0.,0.));
#9451=DIRECTION('',(0.866025403784439,-1.06057523872491E-16,-0.5));
#9452=DIRECTION('center_axis',(8.18281994205772E-16,-1.,0.));
#9453=DIRECTION('ref_axis',(1.,8.18281994205772E-16,0.));
#9454=DIRECTION('',(0.,0.,-1.));
#9455=DIRECTION('',(0.,0.,1.));
#9456=DIRECTION('center_axis',(0.,0.,1.));
#9457=DIRECTION('ref_axis',(0.5,-0.866025403784438,0.));
#9458=DIRECTION('',(0.,0.,1.));
#9459=DIRECTION('center_axis',(0.866025403784439,-0.5,0.));
#9460=DIRECTION('ref_axis',(0.5,0.866025403784439,0.));
#9461=DIRECTION('',(0.,0.,-1.));
#9462=DIRECTION('center_axis',(0.,0.,1.));
#9463=DIRECTION('ref_axis',(1.,1.05162021911601E-15,0.));
#9464=DIRECTION('',(0.,0.,1.));
#9465=DIRECTION('center_axis',(0.866025403784438,0.500000000000001,0.));
#9466=DIRECTION('ref_axis',(-0.500000000000001,0.866025403784438,0.));
#9467=DIRECTION('',(0.,0.,-1.));
#9468=DIRECTION('center_axis',(0.,0.,1.));
#9469=DIRECTION('ref_axis',(0.499999999999998,0.86602540378444,0.));
#9470=DIRECTION('',(0.,0.,1.));
#9471=DIRECTION('center_axis',(0.,0.,1.));
#9472=DIRECTION('ref_axis',(1.,0.,0.));
#9473=DIRECTION('center_axis',(0.,0.,-1.));
#9474=DIRECTION('ref_axis',(1.,-1.22464679914735E-16,0.));
#9475=DIRECTION('center_axis',(0.,0.,1.));
#9476=DIRECTION('ref_axis',(-0.499999999999998,-0.86602540378444,0.));
#9477=DIRECTION('',(0.,0.,-1.));
#9478=DIRECTION('center_axis',(0.,0.,1.));
#9479=DIRECTION('ref_axis',(-1.,-8.01234452659817E-16,0.));
#9480=DIRECTION('',(0.,0.,1.));
#9481=DIRECTION('',(0.,0.,-1.));
#9482=DIRECTION('center_axis',(-0.866025403784439,0.499999999999999,0.));
#9483=DIRECTION('ref_axis',(-0.499999999999999,-0.866025403784439,0.));
#9484=DIRECTION('',(0.,0.,1.));
#9485=DIRECTION('center_axis',(0.,0.,1.));
#9486=DIRECTION('ref_axis',(-0.500000000000001,0.866025403784438,0.));
#9487=DIRECTION('',(0.,0.,-1.));
#9488=DIRECTION('center_axis',(0.,0.,1.));
#9489=DIRECTION('ref_axis',(1.,0.,0.));
#9490=DIRECTION('center_axis',(0.,0.,1.));
#9491=DIRECTION('ref_axis',(1.,-1.22464679914735E-16,0.));
#9492=DIRECTION('center_axis',(0.,0.,1.));
#9493=DIRECTION('ref_axis',(1.,-1.22464679914735E-16,0.));
#9494=DIRECTION('center_axis',(1.22464679914735E-16,-1.,0.));
#9495=DIRECTION('ref_axis',(-1.,-1.22464679914735E-16,0.));
#9496=DIRECTION('center_axis',(0.,0.,-1.));
#9497=DIRECTION('ref_axis',(-1.,0.,0.));
#9498=DIRECTION('center_axis',(0.,0.,-1.));
#9499=DIRECTION('ref_axis',(1.,0.,0.));
#9500=DIRECTION('center_axis',(0.,0.,-1.));
#9501=DIRECTION('ref_axis',(1.,0.,0.));
#9502=DIRECTION('',(0.,0.,1.));
#9503=DIRECTION('center_axis',(0.,0.,1.));
#9504=DIRECTION('ref_axis',(1.,0.,0.));
#9505=DIRECTION('center_axis',(0.,0.,1.));
#9506=DIRECTION('ref_axis',(1.,0.,0.));
#9507=DIRECTION('',(-0.866025403784439,1.06057523872491E-16,0.499999999999999));
#9508=DIRECTION('center_axis',(0.,0.,-1.));
#9509=DIRECTION('ref_axis',(-1.,0.,0.));
#9510=DIRECTION('center_axis',(-0.866025403784438,-0.500000000000001,0.));
#9511=DIRECTION('ref_axis',(0.500000000000001,-0.866025403784438,0.));
#9512=DIRECTION('center_axis',(-1.63656398841154E-15,1.,0.));
#9513=DIRECTION('ref_axis',(-1.,-1.63656398841154E-15,0.));
#9514=DIRECTION('center_axis',(0.,0.,1.));
#9515=DIRECTION('ref_axis',(1.,0.,0.));
#9516=DIRECTION('axis',(0.,0.,1.));
#9517=DIRECTION('refdir',(1.,0.,0.));
#9518=DIRECTION('center_axis',(-1.,0.,0.));
#9519=DIRECTION('ref_axis',(0.,0.,1.));
#9520=DIRECTION('',(0.,0.,1.));
#9521=DIRECTION('',(0.,1.,0.));
#9522=DIRECTION('',(0.,0.,1.));
#9523=DIRECTION('',(0.,1.,0.));
#9524=DIRECTION('',(0.,1.,0.));
#9525=DIRECTION('',(0.,1.,0.));
#9526=DIRECTION('center_axis',(1.,0.,0.));
#9527=DIRECTION('ref_axis',(0.,0.,-1.));
#9528=DIRECTION('',(0.,0.,-1.));
#9529=DIRECTION('',(0.,1.,0.));
#9530=DIRECTION('',(0.,0.,-1.));
#9531=DIRECTION('',(0.,1.,0.));
#9532=DIRECTION('',(0.,1.,0.));
#9533=DIRECTION('center_axis',(-0.707106781186547,0.,0.707106781186548));
#9534=DIRECTION('ref_axis',(0.707106781186548,0.,0.707106781186547));
#9535=DIRECTION('',(0.707106781186548,0.,0.707106781186547));
#9536=DIRECTION('',(0.,1.,0.));
#9537=DIRECTION('',(0.707106781186548,0.,0.707106781186547));
#9538=DIRECTION('',(0.,1.,0.));
#9539=DIRECTION('',(0.,1.,0.));
#9540=DIRECTION('',(0.,1.,0.));
#9541=DIRECTION('center_axis',(0.707106781186547,0.,-0.707106781186548));
#9542=DIRECTION('ref_axis',(-0.707106781186548,0.,-0.707106781186547));
#9543=DIRECTION('',(-0.707106781186548,0.,-0.707106781186547));
#9544=DIRECTION('',(-0.707106781186548,0.,-0.707106781186547));
#9545=DIRECTION('center_axis',(-1.76071652321537E-16,-1.,9.31251112280792E-17));
#9546=DIRECTION('ref_axis',(0.,-9.31251112280792E-17,-1.));
#9547=DIRECTION('center_axis',(0.,0.,-1.));
#9548=DIRECTION('ref_axis',(-1.,0.,0.));
#9549=DIRECTION('',(1.,0.,0.));
#9550=DIRECTION('',(0.,1.,0.));
#9551=DIRECTION('',(1.,0.,0.));
#9552=DIRECTION('',(0.,1.,0.));
#9553=DIRECTION('center_axis',(0.948882873575293,0.,0.315628408473468));
#9554=DIRECTION('ref_axis',(0.315628408473468,0.,-0.948882873575293));
#9555=DIRECTION('',(-0.315628408473468,0.,0.948882873575293));
#9556=DIRECTION('',(-0.315628408473468,0.,0.948882873575293));
#9557=DIRECTION('',(0.,1.,0.));
#9558=DIRECTION('center_axis',(-0.948882873575294,0.,0.315628408473466));
#9559=DIRECTION('ref_axis',(0.315628408473466,0.,0.948882873575294));
#9560=DIRECTION('',(-0.315628408473466,0.,-0.948882873575294));
#9561=DIRECTION('',(-0.315628408473466,0.,-0.948882873575294));
#9562=DIRECTION('',(0.,1.,0.));
#9563=DIRECTION('',(0.,1.,0.));
#9564=DIRECTION('center_axis',(0.948584953257485,0.,0.316522647615451));
#9565=DIRECTION('ref_axis',(0.316522647615451,0.,-0.948584953257485));
#9566=DIRECTION('',(0.316522647615451,0.,-0.948584953257485));
#9567=DIRECTION('',(0.,1.,0.));
#9568=DIRECTION('',(0.316522647615451,0.,-0.948584953257485));
#9569=DIRECTION('',(0.,1.,0.));
#9570=DIRECTION('',(0.,1.,0.));
#9571=DIRECTION('center_axis',(-0.948781673437598,0.,0.31593248669447));
#9572=DIRECTION('ref_axis',(0.31593248669447,0.,0.948781673437598));
#9573=DIRECTION('',(0.31593248669447,0.,0.948781673437598));
#9574=DIRECTION('',(0.,1.,0.));
#9575=DIRECTION('',(0.31593248669447,0.,0.948781673437598));
#9576=DIRECTION('',(0.,1.,0.));
#9577=DIRECTION('',(0.,1.,0.));
#9578=DIRECTION('',(0.,1.,0.));
#9579=DIRECTION('center_axis',(0.947863007628857,0.,-0.318678080151079));
#9580=DIRECTION('ref_axis',(-0.318678080151079,0.,-0.947863007628857));
#9581=DIRECTION('',(-0.318678080151079,0.,-0.947863007628857));
#9582=DIRECTION('',(0.,1.,0.));
#9583=DIRECTION('',(-0.318678080151079,0.,-0.947863007628857));
#9584=DIRECTION('center_axis',(0.,0.,-1.));
#9585=DIRECTION('ref_axis',(-1.,0.,0.));
#9586=DIRECTION('',(-1.,0.,0.));
#9587=DIRECTION('',(0.,1.,0.));
#9588=DIRECTION('',(-1.,0.,0.));
#9589=DIRECTION('center_axis',(-0.947863007628855,0.,-0.318678080151083));
#9590=DIRECTION('ref_axis',(-0.318678080151083,0.,0.947863007628855));
#9591=DIRECTION('',(-0.318678080151083,0.,0.947863007628855));
#9592=DIRECTION('',(0.,1.,0.));
#9593=DIRECTION('',(-0.318678080151083,0.,0.947863007628855));
#9594=DIRECTION('',(0.,1.,0.));
#9595=DIRECTION('center_axis',(0.,-1.,0.));
#9596=DIRECTION('ref_axis',(0.,0.,-1.));
#9597=DIRECTION('center_axis',(-1.39165163106035E-15,0.,-1.));
#9598=DIRECTION('ref_axis',(-1.,0.,1.39165163106035E-15));
#9599=DIRECTION('',(1.,0.,-1.39165163106035E-15));
#9600=DIRECTION('',(0.,1.,0.));
#9601=DIRECTION('',(1.,0.,-1.39165163106035E-15));
#9602=DIRECTION('',(0.,1.,0.));
#9603=DIRECTION('',(0.,1.,0.));
#9604=DIRECTION('',(0.,1.,0.));
#9605=DIRECTION('center_axis',(1.39165163106035E-15,0.,1.));
#9606=DIRECTION('ref_axis',(1.,0.,-1.39165163106035E-15));
#9607=DIRECTION('',(-1.,0.,1.39165163106035E-15));
#9608=DIRECTION('',(-1.,0.,1.39165163106035E-15));
#9609=DIRECTION('',(0.,1.,0.));
#9610=DIRECTION('center_axis',(-1.,0.,3.70532632418547E-15));
#9611=DIRECTION('ref_axis',(3.70532632418547E-15,0.,1.));
#9612=DIRECTION('',(-3.70532632418547E-15,0.,-1.));
#9613=DIRECTION('',(-3.70532632418547E-15,0.,-1.));
#9614=DIRECTION('center_axis',(-1.38520879943507E-15,0.,-1.));
#9615=DIRECTION('ref_axis',(-1.,0.,1.38520879943507E-15));
#9616=DIRECTION('',(1.,0.,-1.38520879943507E-15));
#9617=DIRECTION('',(0.,1.,0.));
#9618=DIRECTION('',(1.,0.,-1.38520879943507E-15));
#9619=DIRECTION('',(0.,1.,0.));
#9620=DIRECTION('',(0.,1.,0.));
#9621=DIRECTION('',(0.,1.,0.));
#9622=DIRECTION('center_axis',(1.38520879943507E-15,0.,1.));
#9623=DIRECTION('ref_axis',(1.,0.,-1.38520879943507E-15));
#9624=DIRECTION('',(-1.,0.,1.38520879943507E-15));
#9625=DIRECTION('',(-1.,0.,1.38520879943507E-15));
#9626=DIRECTION('',(0.,1.,0.));
#9627=DIRECTION('center_axis',(-1.,0.,0.));
#9628=DIRECTION('ref_axis',(0.,0.,1.));
#9629=DIRECTION('',(0.,0.,-1.));
#9630=DIRECTION('',(0.,0.,-1.));
#9631=DIRECTION('',(0.,1.,0.));
#9632=DIRECTION('',(0.,1.,0.));
#9633=DIRECTION('',(0.,1.,0.));
#9634=DIRECTION('center_axis',(0.,0.,1.));
#9635=DIRECTION('ref_axis',(1.,0.,0.));
#9636=DIRECTION('',(1.,0.,0.));
#9637=DIRECTION('',(0.,1.,0.));
#9638=DIRECTION('',(1.,0.,0.));
#9639=DIRECTION('',(0.,1.,0.));
#9640=DIRECTION('center_axis',(-1.,0.,1.2338354667133E-15));
#9641=DIRECTION('ref_axis',(1.2338354667133E-15,0.,1.));
#9642=DIRECTION('',(1.2338354667133E-15,0.,1.));
#9643=DIRECTION('',(0.,1.,0.));
#9644=DIRECTION('',(1.2338354667133E-15,0.,1.));
#9645=DIRECTION('',(0.,1.,0.));
#9646=DIRECTION('center_axis',(-1.10816703954806E-15,0.,-1.));
#9647=DIRECTION('ref_axis',(-1.,0.,1.10816703954806E-15));
#9648=DIRECTION('',(-1.,0.,1.10816703954806E-15));
#9649=DIRECTION('',(0.,1.,0.));
#9650=DIRECTION('',(-1.,0.,1.10816703954806E-15));
#9651=DIRECTION('',(0.,1.,0.));
#9652=DIRECTION('center_axis',(0.,1.,0.));
#9653=DIRECTION('ref_axis',(0.,0.,1.));
#9654=DIRECTION('center_axis',(0.,-1.,0.));
#9655=DIRECTION('ref_axis',(0.,0.,-1.));
#9656=DIRECTION('center_axis',(0.,1.,0.));
#9657=DIRECTION('ref_axis',(-0.766044443118978,0.,0.642787609686539));
#9658=DIRECTION('',(-0.17364817766693,0.,0.984807753012208));
#9659=DIRECTION('center_axis',(0.,1.,0.));
#9660=DIRECTION('ref_axis',(-0.642787609686539,0.,-0.766044443118978));
#9661=DIRECTION('',(-1.,0.,1.39424382069766E-16));
#9662=DIRECTION('center_axis',(0.,1.,0.));
#9663=DIRECTION('ref_axis',(0.64278760968654,0.,-0.766044443118977));
#9664=DIRECTION('',(-0.17364817766693,0.,-0.984807753012208));
#9665=DIRECTION('center_axis',(0.,1.,0.));
#9666=DIRECTION('ref_axis',(0.766044443118978,0.,0.64278760968654));
#9667=DIRECTION('',(1.,0.,-1.02798428206033E-16));
#9668=DIRECTION('center_axis',(0.,1.,0.));
#9669=DIRECTION('ref_axis',(1.,0.,0.));
#9670=DIRECTION('center_axis',(0.,1.,0.));
#9671=DIRECTION('ref_axis',(1.,0.,0.));
#9672=DIRECTION('center_axis',(0.,1.,0.));
#9673=DIRECTION('ref_axis',(1.,0.,0.));
#9674=DIRECTION('center_axis',(0.,1.,0.));
#9675=DIRECTION('ref_axis',(1.,0.,0.));
#9676=DIRECTION('center_axis',(0.,1.,0.));
#9677=DIRECTION('ref_axis',(1.,0.,0.));
#9678=DIRECTION('center_axis',(0.,-1.,0.));
#9679=DIRECTION('ref_axis',(-1.,0.,0.));
#9680=DIRECTION('center_axis',(0.,-1.,0.));
#9681=DIRECTION('ref_axis',(-1.,0.,0.));
#9682=DIRECTION('center_axis',(0.,-1.,0.));
#9683=DIRECTION('ref_axis',(0.,0.,-1.));
#9684=DIRECTION('center_axis',(0.,-1.,0.));
#9685=DIRECTION('ref_axis',(0.,0.,-1.));
#9686=DIRECTION('center_axis',(0.,-1.,0.));
#9687=DIRECTION('ref_axis',(0.,0.,-1.));
#9688=DIRECTION('center_axis',(-1.,0.,0.));
#9689=DIRECTION('ref_axis',(0.,-1.,0.));
#9690=DIRECTION('center_axis',(0.,-1.,0.));
#9691=DIRECTION('ref_axis',(-0.766044443118978,0.,0.642787609686539));
#9692=DIRECTION('center_axis',(-0.173648177666932,0.,0.984807753012208));
#9693=DIRECTION('ref_axis',(-0.984807753012208,0.,-0.173648177666932));
#9694=DIRECTION('center_axis',(0.17364817766693,0.,-0.984807753012208));
#9695=DIRECTION('ref_axis',(-0.696364240320038,-0.707106781186528,-0.122787803968973));
#9696=DIRECTION('center_axis',(-0.173648177666924,0.,0.984807753012209));
#9697=DIRECTION('ref_axis',(-0.984807753012209,0.,-0.173648177666924));
#9698=DIRECTION('',(0.17364817766693,0.,-0.984807753012208));
#9699=DIRECTION('center_axis',(0.,-1.,0.));
#9700=DIRECTION('ref_axis',(0.,0.,-1.));
#9701=DIRECTION('center_axis',(-1.,0.,-1.11022302462513E-14));
#9702=DIRECTION('ref_axis',(1.11022302462513E-14,0.,-1.));
#9703=DIRECTION('center_axis',(0.,-1.,0.));
#9704=DIRECTION('ref_axis',(-0.642787609686539,0.,-0.766044443118978));
#9705=DIRECTION('center_axis',(1.,0.,-1.39424382069766E-16));
#9706=DIRECTION('ref_axis',(0.,-0.707106781186548,-0.707106781186548));
#9707=DIRECTION('center_axis',(-1.,0.,-1.11022302462516E-14));
#9708=DIRECTION('ref_axis',(1.11022302462516E-14,0.,-1.));
#9709=DIRECTION('',(1.,0.,-1.39424382069766E-16));
#9710=DIRECTION('center_axis',(0.,-1.,0.));
#9711=DIRECTION('ref_axis',(0.,0.,-1.));
#9712=DIRECTION('center_axis',(-0.173648177666932,0.,-0.984807753012208));
#9713=DIRECTION('ref_axis',(0.984807753012208,0.,-0.173648177666932));
#9714=DIRECTION('center_axis',(0.,-1.,0.));
#9715=DIRECTION('ref_axis',(0.64278760968654,0.,-0.766044443118977));
#9716=DIRECTION('center_axis',(0.17364817766693,0.,0.984807753012208));
#9717=DIRECTION('ref_axis',(0.696364240320022,-0.707106781186545,-0.122787803968972));
#9718=DIRECTION('center_axis',(-0.173648177666941,0.,-0.984807753012206));
#9719=DIRECTION('ref_axis',(0.984807753012206,0.,-0.173648177666941));
#9720=DIRECTION('',(0.17364817766693,0.,0.984807753012208));
#9721=DIRECTION('center_axis',(0.,-1.,0.));
#9722=DIRECTION('ref_axis',(0.,0.,-1.));
#9723=DIRECTION('center_axis',(1.,0.,0.));
#9724=DIRECTION('ref_axis',(0.,0.,1.));
#9725=DIRECTION('center_axis',(0.,-1.,0.));
#9726=DIRECTION('ref_axis',(0.766044443118978,0.,0.64278760968654));
#9727=DIRECTION('center_axis',(-1.,0.,1.02798428206033E-16));
#9728=DIRECTION('ref_axis',(0.,-0.707106781186548,0.707106781186548));
#9729=DIRECTION('',(-1.,0.,1.02798428206033E-16));
#9730=DIRECTION('center_axis',(-1.39424382069766E-16,0.,-1.));
#9731=DIRECTION('ref_axis',(1.,0.,-1.39424382069766E-16));
#9732=DIRECTION('',(0.,-1.,0.));
#9733=DIRECTION('',(-1.,0.,1.39424382069766E-16));
#9734=DIRECTION('',(0.,-1.,0.));
#9735=DIRECTION('center_axis',(0.,-1.,0.));
#9736=DIRECTION('ref_axis',(-0.984807753012208,0.,-0.17364817766693));
#9737=DIRECTION('',(0.,-1.,0.));
#9738=DIRECTION('center_axis',(0.,1.,0.));
#9739=DIRECTION('ref_axis',(-0.984807753012208,0.,-0.17364817766693));
#9740=DIRECTION('center_axis',(-0.984807753012208,0.,-0.17364817766693));
#9741=DIRECTION('ref_axis',(0.17364817766693,0.,-0.984807753012208));
#9742=DIRECTION('',(0.,-1.,0.));
#9743=DIRECTION('',(-0.17364817766693,0.,0.984807753012208));
#9744=DIRECTION('center_axis',(0.,-1.,0.));
#9745=DIRECTION('ref_axis',(0.,0.,1.));
#9746=DIRECTION('',(0.,-1.,0.));
#9747=DIRECTION('center_axis',(0.,1.,0.));
#9748=DIRECTION('ref_axis',(0.,0.,1.));
#9749=DIRECTION('center_axis',(0.,-1.,0.));
#9750=DIRECTION('ref_axis',(0.,0.,-1.));
#9751=DIRECTION('center_axis',(0.,1.,0.));
#9752=DIRECTION('ref_axis',(0.,0.,1.));
#9753=DIRECTION('center_axis',(-0.173648177666926,0.,-0.984807753012209));
#9754=DIRECTION('ref_axis',(0.,1.,0.));
#9755=DIRECTION('center_axis',(0.,1.,0.));
#9756=DIRECTION('ref_axis',(0.642787609686539,0.,-0.766044443118978));
#9757=DIRECTION('center_axis',(1.,0.,0.));
#9758=DIRECTION('ref_axis',(0.,0.,-1.));
#9759=DIRECTION('center_axis',(0.,-1.,0.));
#9760=DIRECTION('ref_axis',(0.642787609686539,0.,-0.766044443118978));
#9761=DIRECTION('center_axis',(-1.,0.,9.20200921660454E-16));
#9762=DIRECTION('ref_axis',(0.,0.707106781186548,-0.707106781186548));
#9763=DIRECTION('center_axis',(1.,0.,-1.11022302462516E-14));
#9764=DIRECTION('ref_axis',(-1.11022302462516E-14,0.,-1.));
#9765=DIRECTION('',(1.,0.,-9.20200921660454E-16));
#9766=DIRECTION('',(-1.,0.,9.20200921660454E-16));
#9767=DIRECTION('center_axis',(0.,1.,0.));
#9768=DIRECTION('ref_axis',(0.,0.,1.));
#9769=DIRECTION('center_axis',(0.173648177666923,0.,-0.984807753012209));
#9770=DIRECTION('ref_axis',(-0.984807753012209,0.,-0.173648177666923));
#9771=DIRECTION('center_axis',(0.,-1.,0.));
#9772=DIRECTION('ref_axis',(-0.642787609686541,0.,-0.766044443118977));
#9773=DIRECTION('center_axis',(0.,1.,0.));
#9774=DIRECTION('ref_axis',(-0.642787609686541,0.,-0.766044443118976));
#9775=DIRECTION('center_axis',(-0.173648177666927,0.,0.984807753012209));
#9776=DIRECTION('ref_axis',(-0.696364240320022,0.707106781186545,-0.122787803968972));
#9777=DIRECTION('center_axis',(0.173648177666931,0.,-0.984807753012208));
#9778=DIRECTION('ref_axis',(-0.984807753012208,0.,-0.173648177666931));
#9779=DIRECTION('',(0.173648177666927,0.,-0.984807753012209));
#9780=DIRECTION('',(-0.173648177666927,0.,0.984807753012209));
#9781=DIRECTION('center_axis',(0.,1.,0.));
#9782=DIRECTION('ref_axis',(0.,0.,1.));
#9783=DIRECTION('center_axis',(-1.,0.,0.));
#9784=DIRECTION('ref_axis',(0.,0.,1.));
#9785=DIRECTION('center_axis',(0.,-1.,0.));
#9786=DIRECTION('ref_axis',(-0.766044443118978,0.,0.64278760968654));
#9787=DIRECTION('center_axis',(0.,1.,0.));
#9788=DIRECTION('ref_axis',(-0.766044443118978,0.,0.64278760968654));
#9789=DIRECTION('center_axis',(1.,0.,-9.50885460905805E-16));
#9790=DIRECTION('ref_axis',(0.,0.707106781186548,0.707106781186548));
#9791=DIRECTION('center_axis',(-1.,0.,0.));
#9792=DIRECTION('ref_axis',(0.,0.,1.));
#9793=DIRECTION('',(-1.,0.,9.50885460905805E-16));
#9794=DIRECTION('',(1.,0.,-9.50885460905805E-16));
#9795=DIRECTION('center_axis',(0.,1.,0.));
#9796=DIRECTION('ref_axis',(0.,0.,1.));
#9797=DIRECTION('center_axis',(0.173648177666931,0.,0.984807753012208));
#9798=DIRECTION('ref_axis',(0.984807753012208,0.,-0.173648177666931));
#9799=DIRECTION('center_axis',(0.,-1.,0.));
#9800=DIRECTION('ref_axis',(0.766044443118978,0.,0.642787609686539));
#9801=DIRECTION('center_axis',(0.,1.,0.));
#9802=DIRECTION('ref_axis',(0.766044443118978,0.,0.642787609686539));
#9803=DIRECTION('center_axis',(-0.173648177666931,0.,-0.984807753012208));
#9804=DIRECTION('ref_axis',(0.696364240320022,0.707106781186544,-0.122787803968974));
#9805=DIRECTION('',(0.173648177666931,0.,0.984807753012208));
#9806=DIRECTION('',(-0.173648177666931,0.,-0.984807753012208));
#9807=DIRECTION('center_axis',(-0.984807753012209,0.,-0.173648177666927));
#9808=DIRECTION('ref_axis',(-0.173648177666927,0.,0.984807753012209));
#9809=DIRECTION('',(0.,1.,0.));
#9810=DIRECTION('',(0.173648177666927,0.,-0.984807753012209));
#9811=DIRECTION('',(0.,1.,0.));
#9812=DIRECTION('center_axis',(0.,1.,0.));
#9813=DIRECTION('ref_axis',(-9.25185853854301E-16,0.,-1.));
#9814=DIRECTION('',(0.,1.,0.));
#9815=DIRECTION('center_axis',(0.,-1.,0.));
#9816=DIRECTION('ref_axis',(-9.25185853854301E-16,0.,-1.));
#9817=DIRECTION('center_axis',(-9.20200921660454E-16,0.,-1.));
#9818=DIRECTION('ref_axis',(-1.,0.,9.20200921660454E-16));
#9819=DIRECTION('',(0.,1.,0.));
#9820=DIRECTION('',(1.,0.,-9.20200921660454E-16));
#9821=DIRECTION('center_axis',(0.,1.,0.));
#9822=DIRECTION('ref_axis',(0.984807753012208,0.,-0.173648177666931));
#9823=DIRECTION('',(0.,1.,0.));
#9824=DIRECTION('center_axis',(0.,-1.,0.));
#9825=DIRECTION('ref_axis',(0.984807753012208,0.,-0.173648177666931));
#9826=DIRECTION('center_axis',(0.,1.,0.));
#9827=DIRECTION('ref_axis',(0.,0.,1.));
#9828=DIRECTION('center_axis',(0.,-1.,0.));
#9829=DIRECTION('ref_axis',(1.,0.,0.));
#9830=DIRECTION('center_axis',(0.,-1.,0.));
#9831=DIRECTION('ref_axis',(1.,0.,0.));
#9832=DIRECTION('center_axis',(0.,-1.,0.));
#9833=DIRECTION('ref_axis',(1.,0.,0.));
#9834=DIRECTION('center_axis',(0.,-1.,0.));
#9835=DIRECTION('ref_axis',(1.,0.,0.));
#9836=DIRECTION('center_axis',(0.,-1.,0.));
#9837=DIRECTION('ref_axis',(1.,0.,0.));
#9838=DIRECTION('center_axis',(0.,-1.,0.));
#9839=DIRECTION('ref_axis',(1.,0.,0.));
#9840=DIRECTION('center_axis',(0.,-1.,0.));
#9841=DIRECTION('ref_axis',(1.,0.,0.));
#9842=DIRECTION('center_axis',(0.,1.,0.));
#9843=DIRECTION('ref_axis',(1.,0.,0.));
#9844=DIRECTION('',(0.,-1.,0.));
#9845=DIRECTION('center_axis',(0.,1.,0.));
#9846=DIRECTION('ref_axis',(1.,0.,0.));
#9847=DIRECTION('center_axis',(0.,1.,0.));
#9848=DIRECTION('ref_axis',(1.,0.,0.));
#9849=DIRECTION('',(0.,-1.,0.));
#9850=DIRECTION('center_axis',(0.,1.,0.));
#9851=DIRECTION('ref_axis',(1.,0.,0.));
#9852=DIRECTION('center_axis',(0.,1.,0.));
#9853=DIRECTION('ref_axis',(1.,0.,0.));
#9854=DIRECTION('',(0.,-1.,0.));
#9855=DIRECTION('center_axis',(0.,1.,0.));
#9856=DIRECTION('ref_axis',(1.,0.,0.));
#9857=DIRECTION('center_axis',(0.,1.,0.));
#9858=DIRECTION('ref_axis',(1.,0.,0.));
#9859=DIRECTION('',(0.,-1.,0.));
#9860=DIRECTION('center_axis',(0.,1.,0.));
#9861=DIRECTION('ref_axis',(1.,0.,0.));
#9862=DIRECTION('center_axis',(0.,1.,0.));
#9863=DIRECTION('ref_axis',(1.,0.,0.));
#9864=DIRECTION('',(0.,-1.,0.));
#9865=DIRECTION('center_axis',(0.,1.,0.));
#9866=DIRECTION('ref_axis',(1.,0.,0.));
#9867=DIRECTION('center_axis',(0.,-1.,0.));
#9868=DIRECTION('ref_axis',(1.,0.,0.));
#9869=DIRECTION('center_axis',(0.,1.,0.));
#9870=DIRECTION('ref_axis',(1.,0.,0.));
#9871=DIRECTION('center_axis',(0.,-1.,0.));
#9872=DIRECTION('ref_axis',(1.,0.,0.));
#9873=DIRECTION('center_axis',(0.,1.,0.));
#9874=DIRECTION('ref_axis',(1.,0.,0.));
#9875=DIRECTION('',(0.,1.,0.));
#9876=DIRECTION('center_axis',(0.,1.,0.));
#9877=DIRECTION('ref_axis',(-1.,0.,0.));
#9878=DIRECTION('center_axis',(0.,-1.,0.));
#9879=DIRECTION('ref_axis',(1.,0.,0.));
#9880=DIRECTION('center_axis',(0.,-1.,0.));
#9881=DIRECTION('ref_axis',(1.,0.,0.));
#9882=DIRECTION('center_axis',(0.,1.,0.));
#9883=DIRECTION('ref_axis',(1.,0.,0.));
#9884=DIRECTION('center_axis',(0.,-1.,0.));
#9885=DIRECTION('ref_axis',(1.,0.,0.));
#9886=DIRECTION('center_axis',(0.,1.,0.));
#9887=DIRECTION('ref_axis',(1.,0.,0.));
#9888=DIRECTION('',(0.,1.,0.));
#9889=DIRECTION('center_axis',(0.,1.,0.));
#9890=DIRECTION('ref_axis',(-1.,0.,0.));
#9891=DIRECTION('center_axis',(0.,-1.,0.));
#9892=DIRECTION('ref_axis',(1.,0.,0.));
#9893=DIRECTION('center_axis',(0.,-1.,0.));
#9894=DIRECTION('ref_axis',(1.,0.,0.));
#9895=DIRECTION('center_axis',(0.,1.,0.));
#9896=DIRECTION('ref_axis',(1.,0.,0.));
#9897=DIRECTION('center_axis',(0.,-1.,0.));
#9898=DIRECTION('ref_axis',(1.,0.,0.));
#9899=DIRECTION('center_axis',(0.,1.,0.));
#9900=DIRECTION('ref_axis',(1.,0.,0.));
#9901=DIRECTION('',(0.,1.,0.));
#9902=DIRECTION('center_axis',(0.,1.,0.));
#9903=DIRECTION('ref_axis',(-1.,0.,0.));
#9904=DIRECTION('center_axis',(0.,-1.,0.));
#9905=DIRECTION('ref_axis',(1.,0.,0.));
#9906=DIRECTION('center_axis',(0.,-1.,0.));
#9907=DIRECTION('ref_axis',(1.,0.,0.));
#9908=DIRECTION('center_axis',(0.,1.,0.));
#9909=DIRECTION('ref_axis',(1.,0.,0.));
#9910=DIRECTION('center_axis',(0.,-1.,0.));
#9911=DIRECTION('ref_axis',(1.,0.,0.));
#9912=DIRECTION('center_axis',(0.,1.,0.));
#9913=DIRECTION('ref_axis',(1.,0.,0.));
#9914=DIRECTION('',(0.,1.,0.));
#9915=DIRECTION('center_axis',(0.,1.,0.));
#9916=DIRECTION('ref_axis',(-1.,0.,0.));
#9917=DIRECTION('center_axis',(0.,-1.,0.));
#9918=DIRECTION('ref_axis',(1.,0.,0.));
#9919=DIRECTION('center_axis',(0.,-1.,0.));
#9920=DIRECTION('ref_axis',(1.,0.,0.));
#9921=DIRECTION('center_axis',(0.,1.,0.));
#9922=DIRECTION('ref_axis',(1.,0.,0.));
#9923=DIRECTION('center_axis',(0.,-1.,0.));
#9924=DIRECTION('ref_axis',(1.,0.,0.));
#9925=DIRECTION('center_axis',(0.,1.,0.));
#9926=DIRECTION('ref_axis',(1.,0.,0.));
#9927=DIRECTION('',(0.,1.,0.));
#9928=DIRECTION('center_axis',(0.,1.,0.));
#9929=DIRECTION('ref_axis',(-1.,0.,0.));
#9930=DIRECTION('center_axis',(0.,-1.,0.));
#9931=DIRECTION('ref_axis',(1.,0.,0.));
#9932=DIRECTION('center_axis',(0.,-1.,0.));
#9933=DIRECTION('ref_axis',(1.,0.,0.));
#9934=DIRECTION('',(0.707106781186547,0.707106781186548,8.65956056235493E-17));
#9935=DIRECTION('center_axis',(0.,-1.,0.));
#9936=DIRECTION('ref_axis',(1.,0.,0.));
#9937=DIRECTION('center_axis',(0.,-1.,0.));
#9938=DIRECTION('ref_axis',(1.,0.,0.));
#9939=DIRECTION('',(0.,1.,0.));
#9940=DIRECTION('center_axis',(0.,-1.,0.));
#9941=DIRECTION('ref_axis',(1.,0.,0.));
#9942=DIRECTION('',(0.707106781186547,0.707106781186548,8.65956056235493E-17));
#9943=DIRECTION('center_axis',(0.,-1.,0.));
#9944=DIRECTION('ref_axis',(1.,0.,0.));
#9945=DIRECTION('center_axis',(0.,-1.,0.));
#9946=DIRECTION('ref_axis',(1.,0.,0.));
#9947=DIRECTION('',(0.,1.,0.));
#9948=DIRECTION('center_axis',(0.,-1.,0.));
#9949=DIRECTION('ref_axis',(1.,0.,0.));
#9950=DIRECTION('',(0.707106781186547,0.707106781186548,8.65956056235493E-17));
#9951=DIRECTION('center_axis',(0.,-1.,0.));
#9952=DIRECTION('ref_axis',(1.,0.,0.));
#9953=DIRECTION('center_axis',(0.,-1.,0.));
#9954=DIRECTION('ref_axis',(1.,0.,0.));
#9955=DIRECTION('',(0.,1.,0.));
#9956=DIRECTION('center_axis',(0.,-1.,0.));
#9957=DIRECTION('ref_axis',(1.,0.,0.));
#9958=DIRECTION('',(0.707106781186547,0.707106781186548,8.65956056235493E-17));
#9959=DIRECTION('center_axis',(0.,-1.,0.));
#9960=DIRECTION('ref_axis',(1.,0.,0.));
#9961=DIRECTION('center_axis',(0.,-1.,0.));
#9962=DIRECTION('ref_axis',(1.,0.,0.));
#9963=DIRECTION('',(0.,1.,0.));
#9964=DIRECTION('center_axis',(0.,-1.,0.));
#9965=DIRECTION('ref_axis',(1.,0.,0.));
#9966=DIRECTION('',(0.707106781186547,0.707106781186548,8.65956056235493E-17));
#9967=DIRECTION('center_axis',(0.,-1.,0.));
#9968=DIRECTION('ref_axis',(1.,0.,0.));
#9969=DIRECTION('center_axis',(0.,-1.,0.));
#9970=DIRECTION('ref_axis',(1.,0.,0.));
#9971=DIRECTION('',(0.,1.,0.));
#9972=DIRECTION('center_axis',(0.,-1.,0.));
#9973=DIRECTION('ref_axis',(-1.,0.,0.));
#9974=DIRECTION('',(-0.707106781186548,0.707106781186548,-8.65956056235493E-17));
#9975=DIRECTION('center_axis',(0.,1.,0.));
#9976=DIRECTION('ref_axis',(-1.,0.,0.));
#9977=DIRECTION('center_axis',(0.,1.,0.));
#9978=DIRECTION('ref_axis',(-1.,0.,0.));
#9979=DIRECTION('center_axis',(0.,-1.,0.));
#9980=DIRECTION('ref_axis',(1.,0.,0.));
#9981=DIRECTION('',(0.,1.,0.));
#9982=DIRECTION('center_axis',(0.,-1.,0.));
#9983=DIRECTION('ref_axis',(1.,0.,0.));
#9984=DIRECTION('center_axis',(0.,-1.,0.));
#9985=DIRECTION('ref_axis',(-1.,0.,0.));
#9986=DIRECTION('',(-0.707106781186548,0.707106781186548,-8.65956056235493E-17));
#9987=DIRECTION('center_axis',(0.,1.,0.));
#9988=DIRECTION('ref_axis',(-1.,0.,0.));
#9989=DIRECTION('center_axis',(0.,1.,0.));
#9990=DIRECTION('ref_axis',(-1.,0.,0.));
#9991=DIRECTION('center_axis',(0.,-1.,0.));
#9992=DIRECTION('ref_axis',(1.,0.,0.));
#9993=DIRECTION('',(0.,1.,0.));
#9994=DIRECTION('center_axis',(0.,-1.,0.));
#9995=DIRECTION('ref_axis',(1.,0.,0.));
#9996=DIRECTION('center_axis',(0.,-1.,0.));
#9997=DIRECTION('ref_axis',(1.,0.,0.));
#9998=DIRECTION('center_axis',(0.,-1.,0.));
#9999=DIRECTION('ref_axis',(1.,0.,0.));
#10000=DIRECTION('center_axis',(0.,-1.,0.));
#10001=DIRECTION('ref_axis',(1.,0.,0.));
#10002=DIRECTION('',(0.,1.,0.));
#10003=DIRECTION('center_axis',(0.,-1.,0.));
#10004=DIRECTION('ref_axis',(1.,0.,0.));
#10005=DIRECTION('center_axis',(0.,-1.,0.));
#10006=DIRECTION('ref_axis',(1.,0.,0.));
#10007=DIRECTION('center_axis',(0.,-1.,0.));
#10008=DIRECTION('ref_axis',(1.,0.,0.));
#10009=DIRECTION('',(0.,1.,0.));
#10010=DIRECTION('center_axis',(0.,-1.,0.));
#10011=DIRECTION('ref_axis',(0.,0.,-1.));
#10012=DIRECTION('center_axis',(0.,1.,0.));
#10013=DIRECTION('ref_axis',(0.,0.,-1.));
#10014=DIRECTION('',(0.,-1.,0.));
#10015=DIRECTION('center_axis',(1.02798428206033E-16,0.,1.));
#10016=DIRECTION('ref_axis',(-1.,0.,1.02798428206033E-16));
#10017=DIRECTION('',(0.,-1.,0.));
#10018=DIRECTION('',(1.,0.,-1.02798428206033E-16));
#10019=DIRECTION('center_axis',(0.,-1.,0.));
#10020=DIRECTION('ref_axis',(0.984807753012208,0.,-0.17364817766693));
#10021=DIRECTION('',(0.,-1.,0.));
#10022=DIRECTION('center_axis',(0.,1.,0.));
#10023=DIRECTION('ref_axis',(0.984807753012208,0.,-0.17364817766693));
#10024=DIRECTION('center_axis',(0.984807753012208,0.,-0.17364817766693));
#10025=DIRECTION('ref_axis',(0.17364817766693,0.,0.984807753012208));
#10026=DIRECTION('',(-0.17364817766693,0.,-0.984807753012208));
#10027=DIRECTION('center_axis',(0.,-1.,0.));
#10028=DIRECTION('ref_axis',(0.,0.,-1.));
#10029=DIRECTION('center_axis',(-1.,0.,0.));
#10030=DIRECTION('ref_axis',(0.,-1.,0.));
#10031=DIRECTION('center_axis',(0.,-1.,0.));
#10032=DIRECTION('ref_axis',(-0.766044443118978,0.,0.642787609686539));
#10033=DIRECTION('center_axis',(-0.17364817766693,0.,0.984807753012208));
#10034=DIRECTION('ref_axis',(-0.984807753012208,0.,-0.17364817766693));
#10035=DIRECTION('center_axis',(0.,1.,0.));
#10036=DIRECTION('ref_axis',(-0.766044443118978,0.,0.642787609686539));
#10037=DIRECTION('center_axis',(0.173648177666929,0.,-0.984807753012208));
#10038=DIRECTION('ref_axis',(-0.696364240320038,-0.707106781186529,-0.122787803968972));
#10039=DIRECTION('center_axis',(-0.173648177666924,0.,0.984807753012209));
#10040=DIRECTION('ref_axis',(-0.984807753012209,0.,-0.173648177666924));
#10041=DIRECTION('',(-0.173648177666929,0.,0.984807753012208));
#10042=DIRECTION('',(0.173648177666929,0.,-0.984807753012208));
#10043=DIRECTION('center_axis',(0.,-1.,0.));
#10044=DIRECTION('ref_axis',(0.,0.,-1.));
#10045=DIRECTION('center_axis',(-1.,0.,1.11022302462526E-14));
#10046=DIRECTION('ref_axis',(-1.11022302462526E-14,0.,-1.));
#10047=DIRECTION('center_axis',(0.,1.,0.));
#10048=DIRECTION('ref_axis',(-0.64278760968654,0.,-0.766044443118977));
#10049=DIRECTION('center_axis',(0.,-1.,0.));
#10050=DIRECTION('ref_axis',(-0.64278760968654,0.,-0.766044443118977));
#10051=DIRECTION('center_axis',(1.,0.,-7.25006786762782E-16));
#10052=DIRECTION('ref_axis',(0.,-0.707106781186548,-0.707106781186548));
#10053=DIRECTION('center_axis',(-1.,0.,1.11022302462516E-14));
#10054=DIRECTION('ref_axis',(-1.11022302462516E-14,0.,-1.));
#10055=DIRECTION('',(-1.,0.,7.25006786762782E-16));
#10056=DIRECTION('',(1.,0.,-7.25006786762782E-16));
#10057=DIRECTION('center_axis',(0.,-1.,0.));
#10058=DIRECTION('ref_axis',(0.,0.,-1.));
#10059=DIRECTION('center_axis',(-0.17364817766693,0.,-0.984807753012208));
#10060=DIRECTION('ref_axis',(0.984807753012208,0.,-0.17364817766693));
#10061=DIRECTION('center_axis',(0.,1.,0.));
#10062=DIRECTION('ref_axis',(0.642787609686538,0.,-0.766044443118979));
#10063=DIRECTION('center_axis',(0.,-1.,0.));
#10064=DIRECTION('ref_axis',(0.642787609686538,0.,-0.766044443118979));
#10065=DIRECTION('center_axis',(0.173648177666931,0.,0.984807753012208));
#10066=DIRECTION('ref_axis',(0.696364240320022,-0.707106781186544,-0.122787803968976));
#10067=DIRECTION('center_axis',(-0.173648177666933,0.,-0.984807753012208));
#10068=DIRECTION('ref_axis',(0.984807753012208,0.,-0.173648177666933));
#10069=DIRECTION('',(-0.173648177666931,0.,-0.984807753012208));
#10070=DIRECTION('',(0.173648177666931,0.,0.984807753012208));
#10071=DIRECTION('center_axis',(0.,-1.,0.));
#10072=DIRECTION('ref_axis',(0.,0.,-1.));
#10073=DIRECTION('center_axis',(1.,0.,0.));
#10074=DIRECTION('ref_axis',(0.,0.,1.));
#10075=DIRECTION('center_axis',(0.,1.,0.));
#10076=DIRECTION('ref_axis',(0.766044443118978,0.,0.642787609686539));
#10077=DIRECTION('center_axis',(0.,-1.,0.));
#10078=DIRECTION('ref_axis',(0.766044443118978,0.,0.642787609686539));
#10079=DIRECTION('center_axis',(-1.,0.,7.19588997442231E-16));
#10080=DIRECTION('ref_axis',(0.,-0.707106781186548,0.707106781186548));
#10081=DIRECTION('',(1.,0.,-7.19588997442231E-16));
#10082=DIRECTION('',(-1.,0.,7.19588997442231E-16));
#10083=DIRECTION('center_axis',(-7.25006786762782E-16,0.,-1.));
#10084=DIRECTION('ref_axis',(1.,0.,-7.25006786762782E-16));
#10085=DIRECTION('',(0.,-1.,0.));
#10086=DIRECTION('',(-1.,0.,7.25006786762782E-16));
#10087=DIRECTION('',(0.,-1.,0.));
#10088=DIRECTION('center_axis',(0.,-1.,0.));
#10089=DIRECTION('ref_axis',(-0.984807753012208,0.,-0.173648177666929));
#10090=DIRECTION('',(0.,-1.,0.));
#10091=DIRECTION('center_axis',(0.,1.,0.));
#10092=DIRECTION('ref_axis',(-0.984807753012208,0.,-0.173648177666929));
#10093=DIRECTION('center_axis',(-0.984807753012208,0.,-0.173648177666929));
#10094=DIRECTION('ref_axis',(0.173648177666929,0.,-0.984807753012208));
#10095=DIRECTION('',(0.,-1.,0.));
#10096=DIRECTION('',(-0.173648177666929,0.,0.984807753012208));
#10097=DIRECTION('center_axis',(0.,-1.,0.));
#10098=DIRECTION('ref_axis',(0.,0.,1.));
#10099=DIRECTION('',(0.,-1.,0.));
#10100=DIRECTION('center_axis',(0.,1.,0.));
#10101=DIRECTION('ref_axis',(0.,0.,1.));
#10102=DIRECTION('center_axis',(0.,-1.,0.));
#10103=DIRECTION('ref_axis',(0.,0.,-1.));
#10104=DIRECTION('center_axis',(0.,-1.,0.));
#10105=DIRECTION('ref_axis',(-9.25185853854299E-16,0.,-1.));
#10106=DIRECTION('center_axis',(0.,1.,0.));
#10107=DIRECTION('ref_axis',(-9.25185853854299E-16,0.,-1.));
#10108=DIRECTION('',(0.,-1.,0.));
#10109=DIRECTION('center_axis',(7.19588997442231E-16,0.,1.));
#10110=DIRECTION('ref_axis',(-1.,0.,7.19588997442231E-16));
#10111=DIRECTION('',(0.,-1.,0.));
#10112=DIRECTION('',(1.,0.,-7.19588997442231E-16));
#10113=DIRECTION('center_axis',(0.,-1.,0.));
#10114=DIRECTION('ref_axis',(0.984807753012208,0.,-0.173648177666931));
#10115=DIRECTION('',(0.,-1.,0.));
#10116=DIRECTION('center_axis',(0.,1.,0.));
#10117=DIRECTION('ref_axis',(0.984807753012208,0.,-0.173648177666931));
#10118=DIRECTION('center_axis',(0.984807753012208,0.,-0.173648177666931));
#10119=DIRECTION('ref_axis',(0.173648177666931,0.,0.984807753012208));
#10120=DIRECTION('',(-0.173648177666931,0.,-0.984807753012208));
#10121=DIRECTION('center_axis',(0.984807753012208,0.,-0.173648177666931));
#10122=DIRECTION('ref_axis',(-0.173648177666931,0.,-0.984807753012208));
#10123=DIRECTION('',(0.,1.,0.));
#10124=DIRECTION('',(0.173648177666931,0.,0.984807753012208));
#10125=DIRECTION('center_axis',(0.,1.,0.));
#10126=DIRECTION('ref_axis',(0.,0.,1.));
#10127=DIRECTION('',(0.,1.,0.));
#10128=DIRECTION('center_axis',(0.,-1.,0.));
#10129=DIRECTION('ref_axis',(0.,0.,1.));
#10130=DIRECTION('center_axis',(9.50885460905805E-16,0.,1.));
#10131=DIRECTION('ref_axis',(1.,0.,-9.50885460905805E-16));
#10132=DIRECTION('',(0.,1.,0.));
#10133=DIRECTION('',(-1.,0.,9.50885460905805E-16));
#10134=DIRECTION('center_axis',(0.,1.,0.));
#10135=DIRECTION('ref_axis',(-0.984807753012208,0.,-0.173648177666927));
#10136=DIRECTION('center_axis',(0.,-1.,0.));
#10137=DIRECTION('ref_axis',(-0.984807753012208,0.,-0.173648177666927));
#10138=DIRECTION('center_axis',(0.,1.,0.));
#10139=DIRECTION('ref_axis',(0.,0.,1.));
#10140=DIRECTION('center_axis',(1.,0.,0.));
#10141=DIRECTION('ref_axis',(0.,1.,0.));
#10142=DIRECTION('center_axis',(0.,1.,0.));
#10143=DIRECTION('ref_axis',(0.76604444311898,0.,0.642787609686537));
#10144=DIRECTION('center_axis',(0.173648177666937,0.,0.984807753012207));
#10145=DIRECTION('ref_axis',(0.984807753012207,0.,-0.173648177666937));
#10146=DIRECTION('center_axis',(0.,-1.,0.));
#10147=DIRECTION('ref_axis',(0.76604444311898,0.,0.642787609686537));
#10148=DIRECTION('center_axis',(-0.173648177666931,0.,-0.984807753012208));
#10149=DIRECTION('ref_axis',(0.69636424032002,0.707106781186547,-0.122787803968973));
#10150=DIRECTION('center_axis',(0.173648177666931,0.,0.984807753012208));
#10151=DIRECTION('ref_axis',(0.984807753012208,0.,-0.173648177666931));
#10152=DIRECTION('',(0.173648177666931,0.,0.984807753012208));
#10153=DIRECTION('',(-0.173648177666931,0.,-0.984807753012208));
#10154=DIRECTION('center_axis',(0.,1.,0.));
#10155=DIRECTION('ref_axis',(0.,0.,1.));
#10156=DIRECTION('center_axis',(1.,0.,0.));
#10157=DIRECTION('ref_axis',(0.,0.,-1.));
#10158=DIRECTION('center_axis',(0.,-1.,0.));
#10159=DIRECTION('ref_axis',(0.642787609686539,0.,-0.766044443118979));
#10160=DIRECTION('center_axis',(0.,1.,0.));
#10161=DIRECTION('ref_axis',(0.642787609686539,0.,-0.766044443118978));
#10162=DIRECTION('center_axis',(-1.,0.,7.25006786762782E-16));
#10163=DIRECTION('ref_axis',(-1.30841038223648E-15,0.707106781186548,-0.707106781186547));
#10164=DIRECTION('center_axis',(1.,0.,-1.85037170770859E-15));
#10165=DIRECTION('ref_axis',(-1.85037170770859E-15,0.,-1.));
#10166=DIRECTION('',(1.,0.,-7.25006786762782E-16));
#10167=DIRECTION('',(-1.,0.,7.25006786762782E-16));
#10168=DIRECTION('center_axis',(0.,1.,0.));
#10169=DIRECTION('ref_axis',(0.,0.,1.));
#10170=DIRECTION('center_axis',(0.17364817766693,0.,-0.984807753012208));
#10171=DIRECTION('ref_axis',(-0.984807753012208,0.,-0.17364817766693));
#10172=DIRECTION('center_axis',(0.,-1.,0.));
#10173=DIRECTION('ref_axis',(-0.64278760968654,0.,-0.766044443118978));
#10174=DIRECTION('center_axis',(0.,1.,0.));
#10175=DIRECTION('ref_axis',(-0.64278760968654,0.,-0.766044443118978));
#10176=DIRECTION('center_axis',(-0.173648177666929,0.,0.984807753012208));
#10177=DIRECTION('ref_axis',(-0.69636424032002,0.707106781186547,-0.122787803968972));
#10178=DIRECTION('center_axis',(0.173648177666929,0.,-0.984807753012208));
#10179=DIRECTION('ref_axis',(-0.984807753012208,0.,-0.173648177666929));
#10180=DIRECTION('',(0.173648177666929,0.,-0.984807753012208));
#10181=DIRECTION('',(-0.173648177666929,0.,0.984807753012208));
#10182=DIRECTION('center_axis',(0.,1.,0.));
#10183=DIRECTION('ref_axis',(0.,0.,1.));
#10184=DIRECTION('center_axis',(-1.,0.,0.));
#10185=DIRECTION('ref_axis',(0.,0.,1.));
#10186=DIRECTION('center_axis',(0.,-1.,0.));
#10187=DIRECTION('ref_axis',(-0.766044443118977,0.,0.64278760968654));
#10188=DIRECTION('center_axis',(0.,1.,0.));
#10189=DIRECTION('ref_axis',(-0.766044443118977,0.,0.64278760968654));
#10190=DIRECTION('center_axis',(1.,0.,-7.19588997442231E-16));
#10191=DIRECTION('ref_axis',(0.,0.707106781186547,0.707106781186547));
#10192=DIRECTION('',(-1.,0.,7.19588997442231E-16));
#10193=DIRECTION('',(1.,0.,-7.19588997442231E-16));
#10194=DIRECTION('center_axis',(-7.25006786762782E-16,0.,-1.));
#10195=DIRECTION('ref_axis',(-1.,0.,7.25006786762782E-16));
#10196=DIRECTION('',(0.,1.,0.));
#10197=DIRECTION('',(-1.,0.,7.25006786762782E-16));
#10198=DIRECTION('',(0.,1.,0.));
#10199=DIRECTION('center_axis',(0.,1.,0.));
#10200=DIRECTION('ref_axis',(0.984807753012208,0.,-0.173648177666931));
#10201=DIRECTION('',(0.,1.,0.));
#10202=DIRECTION('center_axis',(0.,1.,0.));
#10203=DIRECTION('ref_axis',(0.984807753012208,0.,-0.173648177666931));
#10204=DIRECTION('center_axis',(0.984807753012208,0.,-0.173648177666931));
#10205=DIRECTION('ref_axis',(-0.173648177666931,0.,-0.984807753012208));
#10206=DIRECTION('',(0.,1.,0.));
#10207=DIRECTION('',(-0.173648177666931,0.,-0.984807753012208));
#10208=DIRECTION('center_axis',(0.,1.,0.));
#10209=DIRECTION('ref_axis',(-8.88178419700126E-16,0.,1.));
#10210=DIRECTION('',(0.,1.,0.));
#10211=DIRECTION('center_axis',(0.,1.,0.));
#10212=DIRECTION('ref_axis',(-8.88178419700126E-16,0.,1.));
#10213=DIRECTION('center_axis',(0.,1.,0.));
#10214=DIRECTION('ref_axis',(0.,0.,1.));
#10215=DIRECTION('center_axis',(7.19588997442231E-16,0.,1.));
#10216=DIRECTION('ref_axis',(1.,0.,-7.19588997442231E-16));
#10217=DIRECTION('',(0.,1.,0.));
#10218=DIRECTION('',(1.,0.,-7.19588997442231E-16));
#10219=DIRECTION('center_axis',(0.,1.,0.));
#10220=DIRECTION('ref_axis',(-0.984807753012208,0.,-0.17364817766693));
#10221=DIRECTION('',(0.,1.,0.));
#10222=DIRECTION('center_axis',(0.,1.,0.));
#10223=DIRECTION('ref_axis',(-0.984807753012208,0.,-0.17364817766693));
#10224=DIRECTION('center_axis',(-0.984807753012208,0.,-0.173648177666929));
#10225=DIRECTION('ref_axis',(-0.173648177666929,0.,0.984807753012208));
#10226=DIRECTION('',(0.,1.,0.));
#10227=DIRECTION('',(-0.173648177666929,0.,0.984807753012208));
#10228=DIRECTION('center_axis',(0.,1.,0.));
#10229=DIRECTION('ref_axis',(-4.44089209850063E-16,0.,-1.));
#10230=DIRECTION('center_axis',(0.,1.,0.));
#10231=DIRECTION('ref_axis',(-4.44089209850063E-16,0.,-1.));
#10232=DIRECTION('center_axis',(0.,1.,0.));
#10233=DIRECTION('ref_axis',(0.,0.,1.));
#10234=DIRECTION('axis',(0.,0.,1.));
#10235=DIRECTION('refdir',(1.,0.,0.));
#10236=DIRECTION('center_axis',(0.,0.,-1.));
#10237=DIRECTION('ref_axis',(-1.,0.,0.));
#10238=DIRECTION('',(0.,-1.,0.));
#10239=DIRECTION('',(-1.,0.,0.));
#10240=DIRECTION('',(0.,1.,0.));
#10241=DIRECTION('',(-1.,0.,0.));
#10242=DIRECTION('center_axis',(1.,0.,2.52323414687536E-17));
#10243=DIRECTION('ref_axis',(2.52323414687536E-17,0.,-1.));
#10244=DIRECTION('',(0.,-1.,0.));
#10245=DIRECTION('',(2.52323414687536E-17,0.,-1.));
#10246=DIRECTION('',(0.,1.,0.));
#10247=DIRECTION('',(2.52323414687536E-17,0.,-1.));
#10248=DIRECTION('center_axis',(2.52323414687536E-17,0.,1.));
#10249=DIRECTION('ref_axis',(1.,0.,-2.52323414687536E-17));
#10250=DIRECTION('',(0.,-1.,0.));
#10251=DIRECTION('',(1.,0.,-2.52323414687536E-17));
#10252=DIRECTION('',(0.,1.,0.));
#10253=DIRECTION('',(1.,0.,-2.52323414687536E-17));
#10254=DIRECTION('center_axis',(-1.,0.,2.52323414687536E-17));
#10255=DIRECTION('ref_axis',(2.52323414687536E-17,0.,1.));
#10256=DIRECTION('',(0.,-1.,0.));
#10257=DIRECTION('',(2.52323414687536E-17,0.,1.));
#10258=DIRECTION('',(0.,1.,0.));
#10259=DIRECTION('',(2.52323414687536E-17,0.,1.));
#10260=DIRECTION('center_axis',(0.,1.,0.));
#10261=DIRECTION('ref_axis',(0.,0.,1.));
#10262=DIRECTION('center_axis',(0.,1.,0.));
#10263=DIRECTION('ref_axis',(0.,0.,1.));
#10264=DIRECTION('',(2.52323414687536E-17,0.,-1.));
#10265=DIRECTION('center_axis',(0.,1.,0.));
#10266=DIRECTION('ref_axis',(1.,0.,0.));
#10267=DIRECTION('center_axis',(0.,1.,0.));
#10268=DIRECTION('ref_axis',(1.,0.,0.));
#10269=DIRECTION('center_axis',(0.,1.,0.));
#10270=DIRECTION('ref_axis',(0.,0.,1.));
#10271=DIRECTION('center_axis',(0.,1.,0.));
#10272=DIRECTION('ref_axis',(0.,0.,1.));
#10273=DIRECTION('center_axis',(0.,1.,0.));
#10274=DIRECTION('ref_axis',(0.,0.,1.));
#10275=DIRECTION('',(-1.,0.,0.));
#10276=DIRECTION('center_axis',(0.,1.,0.));
#10277=DIRECTION('ref_axis',(1.,0.,0.));
#10278=DIRECTION('center_axis',(0.,1.,0.));
#10279=DIRECTION('ref_axis',(0.,0.,1.));
#10280=DIRECTION('center_axis',(0.,1.,0.));
#10281=DIRECTION('ref_axis',(0.,0.,1.));
#10282=DIRECTION('',(2.52323414687536E-17,0.,1.));
#10283=DIRECTION('center_axis',(0.,1.,0.));
#10284=DIRECTION('ref_axis',(1.,0.,0.));
#10285=DIRECTION('center_axis',(2.52323414687536E-17,0.,1.));
#10286=DIRECTION('ref_axis',(1.,0.,-2.52323414687536E-17));
#10287=DIRECTION('',(0.,1.,0.));
#10288=DIRECTION('',(1.,0.,-2.52323414687536E-17));
#10289=DIRECTION('',(0.,-1.,0.));
#10290=DIRECTION('',(1.,0.,-2.52323414687536E-17));
#10291=DIRECTION('center_axis',(-1.,0.,2.52323414687536E-17));
#10292=DIRECTION('ref_axis',(2.52323414687536E-17,0.,1.));
#10293=DIRECTION('',(0.,1.,0.));
#10294=DIRECTION('',(2.52323414687536E-17,0.,1.));
#10295=DIRECTION('',(0.,-1.,0.));
#10296=DIRECTION('center_axis',(0.,0.,-1.));
#10297=DIRECTION('ref_axis',(-1.,0.,0.));
#10298=DIRECTION('',(0.,1.,0.));
#10299=DIRECTION('',(-1.,0.,0.));
#10300=DIRECTION('',(0.,-1.,0.));
#10301=DIRECTION('center_axis',(1.,0.,2.52323414687536E-17));
#10302=DIRECTION('ref_axis',(2.52323414687536E-17,0.,-1.));
#10303=DIRECTION('',(0.,1.,0.));
#10304=DIRECTION('',(2.52323414687536E-17,0.,-1.));
#10305=DIRECTION('',(0.,-1.,0.));
#10306=DIRECTION('center_axis',(0.,1.,0.));
#10307=DIRECTION('ref_axis',(0.,0.,1.));
#10308=DIRECTION('center_axis',(0.,1.,0.));
#10309=DIRECTION('ref_axis',(0.,0.,1.));
#10310=DIRECTION('center_axis',(0.,1.,0.));
#10311=DIRECTION('ref_axis',(1.,0.,0.));
#10312=DIRECTION('center_axis',(0.,-1.,0.));
#10313=DIRECTION('ref_axis',(0.,0.,-1.));
#10314=DIRECTION('center_axis',(0.,1.,0.));
#10315=DIRECTION('ref_axis',(1.,0.,0.));
#10316=DIRECTION('center_axis',(0.,1.,0.));
#10317=DIRECTION('ref_axis',(1.,0.,0.));
#10318=DIRECTION('center_axis',(0.,-1.,0.));
#10319=DIRECTION('ref_axis',(0.,0.,-1.));
#10320=DIRECTION('center_axis',(0.,1.,0.));
#10321=DIRECTION('ref_axis',(1.,0.,0.));
#10322=DIRECTION('center_axis',(0.,1.,0.));
#10323=DIRECTION('ref_axis',(1.,0.,0.));
#10324=DIRECTION('center_axis',(0.,-1.,0.));
#10325=DIRECTION('ref_axis',(0.,0.,-1.));
#10326=DIRECTION('center_axis',(0.,1.,0.));
#10327=DIRECTION('ref_axis',(1.,0.,0.));
#10328=DIRECTION('center_axis',(0.,1.,0.));
#10329=DIRECTION('ref_axis',(1.,0.,0.));
#10330=DIRECTION('center_axis',(0.,-1.,0.));
#10331=DIRECTION('ref_axis',(0.,0.,-1.));
#10332=DIRECTION('center_axis',(0.,1.,0.));
#10333=DIRECTION('ref_axis',(1.,0.,0.));
#10334=DIRECTION('center_axis',(0.,1.,0.));
#10335=DIRECTION('ref_axis',(1.,0.,0.));
#10336=DIRECTION('center_axis',(0.,-1.,0.));
#10337=DIRECTION('ref_axis',(0.,0.,1.));
#10338=DIRECTION('center_axis',(0.,1.,0.));
#10339=DIRECTION('ref_axis',(1.,0.,0.));
#10340=DIRECTION('center_axis',(0.,-1.,0.));
#10341=DIRECTION('ref_axis',(0.,0.,1.));
#10342=DIRECTION('center_axis',(0.,1.,0.));
#10343=DIRECTION('ref_axis',(1.,0.,0.));
#10344=DIRECTION('center_axis',(0.,-1.,0.));
#10345=DIRECTION('ref_axis',(0.,0.,1.));
#10346=DIRECTION('center_axis',(0.,1.,0.));
#10347=DIRECTION('ref_axis',(1.,0.,0.));
#10348=DIRECTION('center_axis',(0.,-1.,0.));
#10349=DIRECTION('ref_axis',(0.,0.,1.));
#10350=DIRECTION('center_axis',(0.,1.,0.));
#10351=DIRECTION('ref_axis',(1.,0.,0.));
#10352=DIRECTION('center_axis',(0.,1.,0.));
#10353=DIRECTION('ref_axis',(0.,0.,1.));
#10354=DIRECTION('center_axis',(0.,1.,0.));
#10355=DIRECTION('ref_axis',(1.,0.,0.));
#10356=DIRECTION('center_axis',(0.,1.,0.));
#10357=DIRECTION('ref_axis',(0.,0.,1.));
#10358=DIRECTION('center_axis',(0.,1.,0.));
#10359=DIRECTION('ref_axis',(1.,0.,0.));
#10360=DIRECTION('center_axis',(0.,1.,0.));
#10361=DIRECTION('ref_axis',(0.,0.,1.));
#10362=DIRECTION('center_axis',(0.,1.,0.));
#10363=DIRECTION('ref_axis',(1.,0.,0.));
#10364=DIRECTION('center_axis',(0.,1.,0.));
#10365=DIRECTION('ref_axis',(0.,0.,1.));
#10366=DIRECTION('center_axis',(0.,1.,0.));
#10367=DIRECTION('ref_axis',(1.,0.,0.));
#10368=DIRECTION('center_axis',(0.,1.,0.));
#10369=DIRECTION('ref_axis',(0.,0.,1.));
#10370=DIRECTION('center_axis',(0.,1.,0.));
#10371=DIRECTION('ref_axis',(1.,0.,0.));
#10372=DIRECTION('',(0.,-1.,0.));
#10373=DIRECTION('center_axis',(0.,1.,0.));
#10374=DIRECTION('ref_axis',(1.,0.,0.));
#10375=DIRECTION('center_axis',(0.,1.,0.));
#10376=DIRECTION('ref_axis',(0.,0.,1.));
#10377=DIRECTION('center_axis',(0.,-1.,0.));
#10378=DIRECTION('ref_axis',(0.,0.,1.));
#10379=DIRECTION('',(-1.06057523872491E-16,-0.5,-0.866025403784438));
#10380=DIRECTION('center_axis',(0.,1.,0.));
#10381=DIRECTION('ref_axis',(0.,0.,1.));
#10382=DIRECTION('center_axis',(0.,1.,0.));
#10383=DIRECTION('ref_axis',(1.,0.,0.));
#10384=DIRECTION('',(0.,-1.,0.));
#10385=DIRECTION('center_axis',(0.,1.,0.));
#10386=DIRECTION('ref_axis',(0.,0.,1.));
#10387=DIRECTION('center_axis',(0.,1.,0.));
#10388=DIRECTION('ref_axis',(1.,0.,0.));
#10389=DIRECTION('center_axis',(0.,1.,0.));
#10390=DIRECTION('ref_axis',(0.,0.,1.));
#10391=DIRECTION('center_axis',(0.,1.,0.));
#10392=DIRECTION('ref_axis',(1.,0.,0.));
#10393=DIRECTION('',(0.,-1.,0.));
#10394=DIRECTION('center_axis',(0.,-1.,0.));
#10395=DIRECTION('ref_axis',(0.,0.,-1.));
#10396=DIRECTION('center_axis',(0.,0.,1.));
#10397=DIRECTION('ref_axis',(-1.,0.,0.));
#10398=DIRECTION('center_axis',(0.,-2.83276944882399E-16,1.));
#10399=DIRECTION('ref_axis',(-1.,0.,0.));
#10400=DIRECTION('',(0.707106781186547,-8.65956056235493E-17,0.707106781186548));
#10401=DIRECTION('center_axis',(0.,2.83276944882399E-16,-1.));
#10402=DIRECTION('ref_axis',(-1.,0.,0.));
#10403=DIRECTION('center_axis',(0.,2.83276944882399E-16,-1.));
#10404=DIRECTION('ref_axis',(-1.,0.,0.));
#10405=DIRECTION('center_axis',(0.,0.,-1.));
#10406=DIRECTION('ref_axis',(1.,0.,0.));
#10407=DIRECTION('',(0.,0.,1.));
#10408=DIRECTION('center_axis',(0.,2.83276944882399E-16,-1.));
#10409=DIRECTION('ref_axis',(1.,0.,0.));
#10410=DIRECTION('center_axis',(0.,2.83276944882399E-16,-1.));
#10411=DIRECTION('ref_axis',(1.,0.,0.));
#10412=DIRECTION('center_axis',(0.,2.83276944882399E-16,-1.));
#10413=DIRECTION('ref_axis',(0.,1.,2.83276944882399E-16));
#10414=DIRECTION('center_axis',(-1.,0.,0.));
#10415=DIRECTION('ref_axis',(0.,0.,1.));
#10416=DIRECTION('center_axis',(1.,0.,0.));
#10417=DIRECTION('ref_axis',(0.,0.,1.));
#10418=DIRECTION('center_axis',(0.,1.,0.));
#10419=DIRECTION('ref_axis',(1.,0.,0.));
#10420=DIRECTION('center_axis',(0.,1.,0.));
#10421=DIRECTION('ref_axis',(1.,0.,0.));
#10422=DIRECTION('center_axis',(0.,1.,0.));
#10423=DIRECTION('ref_axis',(1.,0.,0.));
#10424=DIRECTION('',(0.,-1.,0.));
#10425=DIRECTION('center_axis',(0.,1.,0.));
#10426=DIRECTION('ref_axis',(1.,0.,0.));
#10427=DIRECTION('center_axis',(0.,1.,0.));
#10428=DIRECTION('ref_axis',(0.,0.,1.));
#10429=DIRECTION('axis',(0.,0.,1.));
#10430=DIRECTION('refdir',(1.,0.,0.));
#10431=DIRECTION('center_axis',(0.,0.,1.));
#10432=DIRECTION('ref_axis',(1.,0.,0.));
#10433=DIRECTION('',(0.,-1.,0.));
#10434=DIRECTION('',(1.,0.,0.));
#10435=DIRECTION('',(0.,1.,0.));
#10436=DIRECTION('',(1.,0.,0.));
#10437=DIRECTION('center_axis',(-1.,0.,0.));
#10438=DIRECTION('ref_axis',(0.,0.,1.));
#10439=DIRECTION('',(0.,-1.,0.));
#10440=DIRECTION('',(0.,0.,1.));
#10441=DIRECTION('',(0.,1.,0.));
#10442=DIRECTION('',(0.,0.,1.));
#10443=DIRECTION('center_axis',(1.,0.,0.));
#10444=DIRECTION('ref_axis',(0.,0.,-1.));
#10445=DIRECTION('',(0.,-1.,0.));
#10446=DIRECTION('',(0.,0.,-1.));
#10447=DIRECTION('',(0.,1.,0.));
#10448=DIRECTION('',(0.,0.,-1.));
#10449=DIRECTION('center_axis',(0.,0.,-1.));
#10450=DIRECTION('ref_axis',(-1.,0.,0.));
#10451=DIRECTION('',(0.,-1.,0.));
#10452=DIRECTION('',(-1.,0.,0.));
#10453=DIRECTION('',(0.,1.,0.));
#10454=DIRECTION('',(-1.,0.,0.));
#10455=DIRECTION('center_axis',(0.,0.,1.));
#10456=DIRECTION('ref_axis',(1.,0.,0.));
#10457=DIRECTION('',(0.,1.,0.));
#10458=DIRECTION('',(1.,0.,0.));
#10459=DIRECTION('',(0.,-1.,0.));
#10460=DIRECTION('',(1.,0.,0.));
#10461=DIRECTION('center_axis',(-1.,0.,0.));
#10462=DIRECTION('ref_axis',(0.,0.,1.));
#10463=DIRECTION('',(0.,1.,0.));
#10464=DIRECTION('',(0.,0.,1.));
#10465=DIRECTION('',(0.,-1.,0.));
#10466=DIRECTION('',(0.,0.,1.));
#10467=DIRECTION('center_axis',(0.,0.,-1.));
#10468=DIRECTION('ref_axis',(-1.,0.,0.));
#10469=DIRECTION('',(0.,1.,0.));
#10470=DIRECTION('',(-1.,0.,0.));
#10471=DIRECTION('',(0.,-1.,0.));
#10472=DIRECTION('',(-1.,0.,0.));
#10473=DIRECTION('center_axis',(1.,0.,0.));
#10474=DIRECTION('ref_axis',(0.,0.,-1.));
#10475=DIRECTION('',(0.,1.,0.));
#10476=DIRECTION('',(0.,0.,-1.));
#10477=DIRECTION('',(0.,-1.,0.));
#10478=DIRECTION('',(0.,0.,-1.));
#10479=DIRECTION('center_axis',(0.,-1.,0.));
#10480=DIRECTION('ref_axis',(0.,0.,-1.));
#10481=DIRECTION('center_axis',(0.,1.,0.));
#10482=DIRECTION('ref_axis',(1.,0.,0.));
#10483=DIRECTION('center_axis',(0.,1.,0.));
#10484=DIRECTION('ref_axis',(0.,0.,1.));
#10485=DIRECTION('center_axis',(0.,1.,0.));
#10486=DIRECTION('ref_axis',(0.,0.,1.));
#10487=DIRECTION('center_axis',(0.,1.,0.));
#10488=DIRECTION('ref_axis',(1.,0.,0.));
#10489=DIRECTION('center_axis',(0.,1.,0.));
#10490=DIRECTION('ref_axis',(0.,0.,1.));
#10491=DIRECTION('center_axis',(0.,1.,0.));
#10492=DIRECTION('ref_axis',(1.,0.,0.));
#10493=DIRECTION('center_axis',(0.,1.,0.));
#10494=DIRECTION('ref_axis',(0.,0.,1.));
#10495=DIRECTION('center_axis',(0.,1.,0.));
#10496=DIRECTION('ref_axis',(1.,0.,0.));
#10497=DIRECTION('center_axis',(0.,1.,0.));
#10498=DIRECTION('ref_axis',(0.,0.,1.));
#10499=DIRECTION('center_axis',(0.,1.,0.));
#10500=DIRECTION('ref_axis',(0.,0.,1.));
#10501=DIRECTION('center_axis',(0.,1.,0.));
#10502=DIRECTION('ref_axis',(0.,0.,-1.));
#10503=DIRECTION('center_axis',(0.,1.,0.));
#10504=DIRECTION('ref_axis',(0.,0.,1.));
#10505=DIRECTION('center_axis',(0.,1.,0.));
#10506=DIRECTION('ref_axis',(0.,0.,-1.));
#10507=DIRECTION('center_axis',(0.,1.,0.));
#10508=DIRECTION('ref_axis',(0.,0.,1.));
#10509=DIRECTION('center_axis',(0.,1.,0.));
#10510=DIRECTION('ref_axis',(0.,0.,-1.));
#10511=DIRECTION('center_axis',(0.,1.,0.));
#10512=DIRECTION('ref_axis',(0.,0.,1.));
#10513=DIRECTION('center_axis',(0.,1.,0.));
#10514=DIRECTION('ref_axis',(0.,0.,-1.));
#10515=DIRECTION('center_axis',(0.,-1.,0.));
#10516=DIRECTION('ref_axis',(0.,0.,-1.));
#10517=DIRECTION('center_axis',(0.,-1.,0.));
#10518=DIRECTION('ref_axis',(0.,0.,-1.));
#10519=DIRECTION('center_axis',(0.,1.,0.));
#10520=DIRECTION('ref_axis',(1.,0.,0.));
#10521=DIRECTION('center_axis',(0.,-1.,0.));
#10522=DIRECTION('ref_axis',(0.,0.,-1.));
#10523=DIRECTION('center_axis',(0.,1.,0.));
#10524=DIRECTION('ref_axis',(1.,0.,0.));
#10525=DIRECTION('center_axis',(0.,-1.,0.));
#10526=DIRECTION('ref_axis',(0.,0.,-1.));
#10527=DIRECTION('center_axis',(0.,-1.,0.));
#10528=DIRECTION('ref_axis',(0.,0.,-1.));
#10529=DIRECTION('center_axis',(0.,1.,0.));
#10530=DIRECTION('ref_axis',(1.,0.,0.));
#10531=DIRECTION('center_axis',(0.,-1.,0.));
#10532=DIRECTION('ref_axis',(0.,0.,-1.));
#10533=DIRECTION('center_axis',(0.,-1.,0.));
#10534=DIRECTION('ref_axis',(0.,0.,-1.));
#10535=DIRECTION('center_axis',(0.,-1.,0.));
#10536=DIRECTION('ref_axis',(0.,0.,-1.));
#10537=DIRECTION('center_axis',(0.,1.,0.));
#10538=DIRECTION('ref_axis',(1.,0.,0.));
#10539=DIRECTION('center_axis',(0.,-1.,0.));
#10540=DIRECTION('ref_axis',(0.,0.,-1.));
#10541=DIRECTION('center_axis',(0.,-1.,0.));
#10542=DIRECTION('ref_axis',(0.,0.,-1.));
#10543=DIRECTION('center_axis',(0.,-1.,0.));
#10544=DIRECTION('ref_axis',(0.,0.,-1.));
#10545=DIRECTION('center_axis',(0.,-1.,0.));
#10546=DIRECTION('ref_axis',(0.,0.,-1.));
#10547=DIRECTION('center_axis',(0.,-1.,0.));
#10548=DIRECTION('ref_axis',(0.,0.,1.));
#10549=DIRECTION('center_axis',(0.,1.,0.));
#10550=DIRECTION('ref_axis',(1.,0.,0.));
#10551=DIRECTION('',(-8.65956056235493E-17,-0.707106781186548,-0.707106781186547));
#10552=DIRECTION('center_axis',(0.,1.,0.));
#10553=DIRECTION('ref_axis',(1.,0.,0.));
#10554=DIRECTION('center_axis',(0.,1.,0.));
#10555=DIRECTION('ref_axis',(0.,0.,1.));
#10556=DIRECTION('center_axis',(0.,1.,0.));
#10557=DIRECTION('ref_axis',(0.,0.,1.));
#10558=DIRECTION('center_axis',(0.,1.,0.));
#10559=DIRECTION('ref_axis',(1.,0.,0.));
#10560=DIRECTION('',(0.,-1.,0.));
#10561=DIRECTION('center_axis',(0.,1.,0.));
#10562=DIRECTION('ref_axis',(0.,0.,1.));
#10563=DIRECTION('center_axis',(0.,1.,0.));
#10564=DIRECTION('ref_axis',(1.,0.,0.));
#10565=DIRECTION('center_axis',(0.,1.,0.));
#10566=DIRECTION('ref_axis',(0.,0.,1.));
#10567=DIRECTION('',(0.,-1.,0.));
#10568=DIRECTION('center_axis',(0.,0.,1.));
#10569=DIRECTION('ref_axis',(1.,0.,0.));
#10570=DIRECTION('center_axis',(0.,-6.12323399573677E-17,1.));
#10571=DIRECTION('ref_axis',(1.,0.,0.));
#10572=DIRECTION('',(-0.707106781186547,8.65956056235493E-17,0.707106781186548));
#10573=DIRECTION('center_axis',(0.,6.12323399573677E-17,-1.));
#10574=DIRECTION('ref_axis',(1.,0.,0.));
#10575=DIRECTION('center_axis',(0.,6.12323399573677E-17,-1.));
#10576=DIRECTION('ref_axis',(1.,0.,0.));
#10577=DIRECTION('center_axis',(0.,0.,-1.));
#10578=DIRECTION('ref_axis',(-1.,0.,0.));
#10579=DIRECTION('',(0.,0.,1.));
#10580=DIRECTION('center_axis',(0.,-6.12323399573677E-17,1.));
#10581=DIRECTION('ref_axis',(-1.,0.,0.));
#10582=DIRECTION('center_axis',(0.,6.12323399573677E-17,-1.));
#10583=DIRECTION('ref_axis',(-1.,0.,0.));
#10584=DIRECTION('center_axis',(0.,0.,1.));
#10585=DIRECTION('ref_axis',(-1.,0.,0.));
#10586=DIRECTION('',(0.707106781186547,-8.65956056235493E-17,0.707106781186548));
#10587=DIRECTION('center_axis',(0.,6.12323399573677E-17,-1.));
#10588=DIRECTION('ref_axis',(-1.,0.,0.));
#10589=DIRECTION('center_axis',(0.,6.12323399573677E-17,-1.));
#10590=DIRECTION('ref_axis',(-1.,0.,0.));
#10591=DIRECTION('center_axis',(0.,-1.94094934375027E-16,-1.));
#10592=DIRECTION('ref_axis',(1.,0.,0.));
#10593=DIRECTION('',(0.,1.94094934375027E-16,1.));
#10594=DIRECTION('center_axis',(0.,6.12323399573677E-17,-1.));
#10595=DIRECTION('ref_axis',(1.,0.,0.));
#10596=DIRECTION('center_axis',(0.,6.12323399573677E-17,-1.));
#10597=DIRECTION('ref_axis',(1.,0.,0.));
#10598=DIRECTION('center_axis',(-1.,0.,0.));
#10599=DIRECTION('ref_axis',(0.,0.,1.));
#10600=DIRECTION('center_axis',(1.,0.,0.));
#10601=DIRECTION('ref_axis',(0.,0.,1.));
#10602=DIRECTION('center_axis',(0.,1.,0.));
#10603=DIRECTION('ref_axis',(1.,0.,0.));
#10604=DIRECTION('center_axis',(0.,1.,0.));
#10605=DIRECTION('ref_axis',(1.,0.,0.));
#10606=DIRECTION('center_axis',(0.,1.,0.));
#10607=DIRECTION('ref_axis',(1.,0.,0.));
#10608=DIRECTION('',(0.,-1.,0.));
#10609=DIRECTION('center_axis',(0.,1.,0.));
#10610=DIRECTION('ref_axis',(1.,0.,0.));
#10611=DIRECTION('center_axis',(0.,1.,0.));
#10612=DIRECTION('ref_axis',(0.,0.,1.));
#10613=DIRECTION('axis',(0.,0.,1.));
#10614=DIRECTION('refdir',(1.,0.,0.));
#10615=DIRECTION('center_axis',(0.,0.,1.));
#10616=DIRECTION('ref_axis',(1.,0.,0.));
#10617=DIRECTION('',(0.,-1.,0.));
#10618=DIRECTION('',(1.,0.,0.));
#10619=DIRECTION('',(0.,1.,0.));
#10620=DIRECTION('',(1.,0.,0.));
#10621=DIRECTION('center_axis',(-1.,0.,0.));
#10622=DIRECTION('ref_axis',(0.,0.,1.));
#10623=DIRECTION('',(0.,-1.,0.));
#10624=DIRECTION('',(0.,0.,1.));
#10625=DIRECTION('',(0.,1.,0.));
#10626=DIRECTION('',(0.,0.,1.));
#10627=DIRECTION('center_axis',(1.,0.,0.));
#10628=DIRECTION('ref_axis',(0.,0.,-1.));
#10629=DIRECTION('',(0.,-1.,0.));
#10630=DIRECTION('',(0.,0.,-1.));
#10631=DIRECTION('',(0.,1.,0.));
#10632=DIRECTION('',(0.,0.,-1.));
#10633=DIRECTION('center_axis',(0.,0.,-1.));
#10634=DIRECTION('ref_axis',(-1.,0.,0.));
#10635=DIRECTION('',(0.,-1.,0.));
#10636=DIRECTION('',(-1.,0.,0.));
#10637=DIRECTION('',(0.,1.,0.));
#10638=DIRECTION('',(-1.,0.,0.));
#10639=DIRECTION('center_axis',(0.,0.,1.));
#10640=DIRECTION('ref_axis',(1.,0.,0.));
#10641=DIRECTION('',(0.,1.,0.));
#10642=DIRECTION('',(1.,0.,0.));
#10643=DIRECTION('',(0.,-1.,0.));
#10644=DIRECTION('',(1.,0.,0.));
#10645=DIRECTION('center_axis',(-1.,0.,0.));
#10646=DIRECTION('ref_axis',(0.,0.,1.));
#10647=DIRECTION('',(0.,1.,0.));
#10648=DIRECTION('',(0.,0.,1.));
#10649=DIRECTION('',(0.,-1.,0.));
#10650=DIRECTION('',(0.,0.,1.));
#10651=DIRECTION('center_axis',(0.,0.,-1.));
#10652=DIRECTION('ref_axis',(-1.,0.,0.));
#10653=DIRECTION('',(0.,1.,0.));
#10654=DIRECTION('',(-1.,0.,0.));
#10655=DIRECTION('',(0.,-1.,0.));
#10656=DIRECTION('',(-1.,0.,0.));
#10657=DIRECTION('center_axis',(1.,0.,0.));
#10658=DIRECTION('ref_axis',(0.,0.,-1.));
#10659=DIRECTION('',(0.,1.,0.));
#10660=DIRECTION('',(0.,0.,-1.));
#10661=DIRECTION('',(0.,-1.,0.));
#10662=DIRECTION('',(0.,0.,-1.));
#10663=DIRECTION('center_axis',(0.,-1.,0.));
#10664=DIRECTION('ref_axis',(0.,0.,-1.));
#10665=DIRECTION('center_axis',(0.,1.,0.));
#10666=DIRECTION('ref_axis',(1.,0.,0.));
#10667=DIRECTION('center_axis',(0.,1.,0.));
#10668=DIRECTION('ref_axis',(0.,0.,1.));
#10669=DIRECTION('center_axis',(0.,1.,0.));
#10670=DIRECTION('ref_axis',(0.,0.,1.));
#10671=DIRECTION('center_axis',(0.,1.,0.));
#10672=DIRECTION('ref_axis',(1.,0.,0.));
#10673=DIRECTION('center_axis',(0.,1.,0.));
#10674=DIRECTION('ref_axis',(0.,0.,1.));
#10675=DIRECTION('center_axis',(0.,1.,0.));
#10676=DIRECTION('ref_axis',(1.,0.,0.));
#10677=DIRECTION('center_axis',(0.,1.,0.));
#10678=DIRECTION('ref_axis',(0.,0.,1.));
#10679=DIRECTION('center_axis',(0.,1.,0.));
#10680=DIRECTION('ref_axis',(1.,0.,0.));
#10681=DIRECTION('center_axis',(0.,1.,0.));
#10682=DIRECTION('ref_axis',(0.,0.,1.));
#10683=DIRECTION('center_axis',(0.,1.,0.));
#10684=DIRECTION('ref_axis',(0.,0.,1.));
#10685=DIRECTION('center_axis',(0.,1.,0.));
#10686=DIRECTION('ref_axis',(0.,0.,-1.));
#10687=DIRECTION('center_axis',(0.,1.,0.));
#10688=DIRECTION('ref_axis',(0.,0.,1.));
#10689=DIRECTION('center_axis',(0.,1.,0.));
#10690=DIRECTION('ref_axis',(0.,0.,-1.));
#10691=DIRECTION('center_axis',(0.,1.,0.));
#10692=DIRECTION('ref_axis',(0.,0.,1.));
#10693=DIRECTION('center_axis',(0.,1.,0.));
#10694=DIRECTION('ref_axis',(0.,0.,-1.));
#10695=DIRECTION('center_axis',(0.,1.,0.));
#10696=DIRECTION('ref_axis',(0.,0.,1.));
#10697=DIRECTION('center_axis',(0.,1.,0.));
#10698=DIRECTION('ref_axis',(0.,0.,-1.));
#10699=DIRECTION('center_axis',(0.,-1.,0.));
#10700=DIRECTION('ref_axis',(0.,0.,-1.));
#10701=DIRECTION('center_axis',(0.,-1.,0.));
#10702=DIRECTION('ref_axis',(0.,0.,-1.));
#10703=DIRECTION('center_axis',(0.,1.,0.));
#10704=DIRECTION('ref_axis',(1.,0.,0.));
#10705=DIRECTION('center_axis',(0.,-1.,0.));
#10706=DIRECTION('ref_axis',(0.,0.,-1.));
#10707=DIRECTION('center_axis',(0.,1.,0.));
#10708=DIRECTION('ref_axis',(1.,0.,0.));
#10709=DIRECTION('center_axis',(0.,-1.,0.));
#10710=DIRECTION('ref_axis',(0.,0.,-1.));
#10711=DIRECTION('center_axis',(0.,-1.,0.));
#10712=DIRECTION('ref_axis',(0.,0.,-1.));
#10713=DIRECTION('center_axis',(0.,1.,0.));
#10714=DIRECTION('ref_axis',(1.,0.,0.));
#10715=DIRECTION('center_axis',(0.,-1.,0.));
#10716=DIRECTION('ref_axis',(0.,0.,-1.));
#10717=DIRECTION('center_axis',(0.,-1.,0.));
#10718=DIRECTION('ref_axis',(0.,0.,-1.));
#10719=DIRECTION('center_axis',(0.,-1.,0.));
#10720=DIRECTION('ref_axis',(0.,0.,-1.));
#10721=DIRECTION('center_axis',(0.,1.,0.));
#10722=DIRECTION('ref_axis',(1.,0.,0.));
#10723=DIRECTION('center_axis',(0.,-1.,0.));
#10724=DIRECTION('ref_axis',(0.,0.,-1.));
#10725=DIRECTION('center_axis',(0.,-1.,0.));
#10726=DIRECTION('ref_axis',(0.,0.,-1.));
#10727=DIRECTION('center_axis',(0.,-1.,0.));
#10728=DIRECTION('ref_axis',(0.,0.,-1.));
#10729=DIRECTION('center_axis',(0.,-1.,0.));
#10730=DIRECTION('ref_axis',(0.,0.,-1.));
#10731=DIRECTION('center_axis',(0.,-1.,0.));
#10732=DIRECTION('ref_axis',(0.,0.,1.));
#10733=DIRECTION('center_axis',(0.,1.,0.));
#10734=DIRECTION('ref_axis',(1.,0.,0.));
#10735=DIRECTION('',(-8.65956056235493E-17,-0.707106781186548,-0.707106781186547));
#10736=DIRECTION('center_axis',(0.,1.,0.));
#10737=DIRECTION('ref_axis',(1.,0.,0.));
#10738=DIRECTION('center_axis',(0.,1.,0.));
#10739=DIRECTION('ref_axis',(0.,0.,1.));
#10740=DIRECTION('center_axis',(0.,1.,0.));
#10741=DIRECTION('ref_axis',(0.,0.,1.));
#10742=DIRECTION('center_axis',(0.,1.,0.));
#10743=DIRECTION('ref_axis',(1.,0.,0.));
#10744=DIRECTION('',(0.,-1.,0.));
#10745=DIRECTION('center_axis',(0.,1.,0.));
#10746=DIRECTION('ref_axis',(0.,0.,1.));
#10747=DIRECTION('center_axis',(0.,1.,0.));
#10748=DIRECTION('ref_axis',(1.,0.,0.));
#10749=DIRECTION('center_axis',(0.,1.,0.));
#10750=DIRECTION('ref_axis',(0.,0.,1.));
#10751=DIRECTION('',(0.,-1.,0.));
#10752=DIRECTION('center_axis',(0.,0.,1.));
#10753=DIRECTION('ref_axis',(1.,0.,0.));
#10754=DIRECTION('center_axis',(0.,-6.12323399573677E-17,1.));
#10755=DIRECTION('ref_axis',(1.,0.,0.));
#10756=DIRECTION('',(-0.707106781186547,8.65956056235493E-17,0.707106781186548));
#10757=DIRECTION('center_axis',(0.,6.12323399573677E-17,-1.));
#10758=DIRECTION('ref_axis',(1.,0.,0.));
#10759=DIRECTION('center_axis',(0.,6.12323399573677E-17,-1.));
#10760=DIRECTION('ref_axis',(1.,0.,0.));
#10761=DIRECTION('center_axis',(0.,1.11022302462516E-16,-1.));
#10762=DIRECTION('ref_axis',(-1.,0.,0.));
#10763=DIRECTION('',(0.,-1.11022302462516E-16,1.));
#10764=DIRECTION('center_axis',(0.,-6.12323399573677E-17,1.));
#10765=DIRECTION('ref_axis',(-1.,0.,0.));
#10766=DIRECTION('center_axis',(0.,6.12323399573677E-17,-1.));
#10767=DIRECTION('ref_axis',(-1.,0.,0.));
#10768=DIRECTION('center_axis',(0.,0.,1.));
#10769=DIRECTION('ref_axis',(-1.,0.,0.));
#10770=DIRECTION('',(0.707106781186551,-8.65956056235498E-17,0.707106781186544));
#10771=DIRECTION('center_axis',(0.,6.12323399573677E-17,-1.));
#10772=DIRECTION('ref_axis',(-1.,0.,0.));
#10773=DIRECTION('center_axis',(0.,6.12323399573677E-17,-1.));
#10774=DIRECTION('ref_axis',(-1.,0.,0.));
#10775=DIRECTION('center_axis',(0.,1.92747052886312E-16,-1.));
#10776=DIRECTION('ref_axis',(1.,0.,0.));
#10777=DIRECTION('',(0.,-1.92747052886312E-16,1.));
#10778=DIRECTION('center_axis',(0.,6.12323399573677E-17,-1.));
#10779=DIRECTION('ref_axis',(1.,0.,0.));
#10780=DIRECTION('center_axis',(0.,6.12323399573677E-17,-1.));
#10781=DIRECTION('ref_axis',(1.,0.,0.));
#10782=DIRECTION('center_axis',(-1.,0.,0.));
#10783=DIRECTION('ref_axis',(0.,0.,1.));
#10784=DIRECTION('center_axis',(1.,0.,0.));
#10785=DIRECTION('ref_axis',(0.,0.,1.));
#10786=DIRECTION('center_axis',(0.,1.,0.));
#10787=DIRECTION('ref_axis',(1.,0.,0.));
#10788=DIRECTION('center_axis',(0.,1.,0.));
#10789=DIRECTION('ref_axis',(1.,0.,0.));
#10790=DIRECTION('center_axis',(0.,1.,0.));
#10791=DIRECTION('ref_axis',(1.,0.,0.));
#10792=DIRECTION('',(0.,-1.,0.));
#10793=DIRECTION('center_axis',(0.,1.,0.));
#10794=DIRECTION('ref_axis',(1.,0.,0.));
#10795=DIRECTION('center_axis',(0.,1.,0.));
#10796=DIRECTION('ref_axis',(0.,0.,1.));
#10797=DIRECTION('',(0.,0.,1.));
#10798=DIRECTION('',(1.,0.,0.));
#10799=DIRECTION('',(0.,-1.,0.));
#10800=DIRECTION('',(-1.,0.,8.37904169528421E-16));
#10801=DIRECTION('',(0.,-1.,0.));
#10802=DIRECTION('',(1.,0.,-1.01918178971748E-15));
#10803=DIRECTION('',(-8.22387425648264E-16,0.,1.));
#10804=DIRECTION('',(1.,-1.00012879646178E-32,8.22387425648264E-16));
#10805=DIRECTION('',(-9.73806388854818E-17,-1.94824875360616E-48,1.));
#10806=DIRECTION('',(1.,-1.00012879646178E-32,9.73806388854818E-17));
#10807=DIRECTION('',(-9.73806388854818E-17,-1.94824875360616E-48,1.));
#10808=DIRECTION('',(1.,-1.00012879646178E-32,9.73806388854818E-17));
#10809=DIRECTION('',(-9.73806388854818E-17,-1.94824875360616E-48,1.));
#10810=DIRECTION('',(1.,-1.00012879646178E-32,9.73806388854818E-17));
#10811=DIRECTION('',(-9.73806388854818E-17,-1.94824875360616E-48,1.));
#10812=DIRECTION('',(1.,-1.00012879646178E-32,9.73806388854818E-17));
#10813=DIRECTION('',(-9.73806388854818E-17,-1.94824875360616E-48,1.));
#10814=DIRECTION('',(1.,-1.00012879646178E-32,9.73806388854818E-17));
#10815=DIRECTION('',(-9.73806388854818E-17,-1.94824875360616E-48,1.));
#10816=DIRECTION('',(1.,-1.00012879646178E-32,9.73806388854818E-17));
#10817=DIRECTION('',(-9.73806388854818E-17,-1.94824875360616E-48,1.));
#10818=DIRECTION('',(1.,-1.00012879646178E-32,9.73806388854818E-17));
#10819=CARTESIAN_POINT('',(0.,0.,0.));
#10820=CARTESIAN_POINT('',(0.,0.,0.));
#10821=CARTESIAN_POINT('Origin',(18.6,0.1,11.6));
#10822=CARTESIAN_POINT('',(18.6,0.1,12.6));
#10823=CARTESIAN_POINT('',(18.6,0.,12.5));
#10824=CARTESIAN_POINT('Origin',(18.6,0.1,12.5));
#10825=CARTESIAN_POINT('',(19.5,0.,11.6));
#10826=CARTESIAN_POINT('Origin',(18.6,0.,11.6));
#10827=CARTESIAN_POINT('',(19.6,0.1,11.6));
#10828=CARTESIAN_POINT('Origin',(19.5,0.1,11.6));
#10829=CARTESIAN_POINT('Origin',(18.6,0.1,11.6));
#10830=CARTESIAN_POINT('Origin',(19.5,0.1,8.95));
#10831=CARTESIAN_POINT('',(19.5,0.,1.));
#10832=CARTESIAN_POINT('',(19.6,0.1,1.));
#10833=CARTESIAN_POINT('Origin',(19.5,0.1,1.));
#10834=CARTESIAN_POINT('',(19.6,0.1,8.95));
#10835=CARTESIAN_POINT('',(19.5,0.,8.95));
#10836=CARTESIAN_POINT('Origin',(18.6,0.1,1.));
#10837=CARTESIAN_POINT('',(18.6,0.,0.0999999999999997));
#10838=CARTESIAN_POINT('',(18.6,0.1,0.));
#10839=CARTESIAN_POINT('Origin',(18.6,0.1,0.0999999999999997));
#10840=CARTESIAN_POINT('Origin',(18.6,0.1,1.));
#10841=CARTESIAN_POINT('Origin',(18.6,0.,1.));
#10842=CARTESIAN_POINT('Origin',(9.3,0.1,0.100000000000002));
#10843=CARTESIAN_POINT('',(-18.6,0.,0.100000000000007));
#10844=CARTESIAN_POINT('',(-18.6,0.1,7.47347239303565E-15));
#10845=CARTESIAN_POINT('Origin',(-18.6,0.1,0.100000000000007));
#10846=CARTESIAN_POINT('',(9.3,0.1,1.87350135405495E-15));
#10847=CARTESIAN_POINT('',(9.3,0.,0.100000000000002));
#10848=CARTESIAN_POINT('Origin',(-18.6,0.1,1.00000000000001));
#10849=CARTESIAN_POINT('',(-19.5,0.,1.00000000000001));
#10850=CARTESIAN_POINT('',(-19.6,0.1,1.00000000000001));
#10851=CARTESIAN_POINT('Origin',(-19.5,0.1,1.00000000000001));
#10852=CARTESIAN_POINT('Origin',(-18.6,0.1,1.00000000000001));
#10853=CARTESIAN_POINT('Origin',(-18.6,0.,1.00000000000001));
#10854=CARTESIAN_POINT('Origin',(-19.5,0.1,3.65000000000001));
#10855=CARTESIAN_POINT('',(-19.5,0.,11.6));
#10856=CARTESIAN_POINT('',(-19.6,0.1,11.6));
#10857=CARTESIAN_POINT('Origin',(-19.5,0.1,11.6));
#10858=CARTESIAN_POINT('',(-19.6,0.1,3.65000000000001));
#10859=CARTESIAN_POINT('',(-19.5,0.,3.65000000000001));
#10860=CARTESIAN_POINT('Origin',(-18.6,0.1,11.6));
#10861=CARTESIAN_POINT('',(-18.6,0.,12.5));
#10862=CARTESIAN_POINT('',(-18.6,0.1,12.6));
#10863=CARTESIAN_POINT('Origin',(-18.6,0.1,12.5));
#10864=CARTESIAN_POINT('Origin',(-18.6,0.1,11.6));
#10865=CARTESIAN_POINT('Origin',(-18.6,0.,11.6));
#10866=CARTESIAN_POINT('Origin',(-9.3,0.1,12.5));
#10867=CARTESIAN_POINT('',(-9.3,0.1,12.6));
#10868=CARTESIAN_POINT('',(-9.3,0.,12.5));
#10869=CARTESIAN_POINT('Origin',(-19.6,0.,1.00000000000001));
#10870=CARTESIAN_POINT('',(-19.6,1.9,11.6));
#10871=CARTESIAN_POINT('',(-19.6,0.,11.6));
#10872=CARTESIAN_POINT('',(-19.6,1.9,1.00000000000001));
#10873=CARTESIAN_POINT('',(-19.6,1.9,3.65000000000001));
#10874=CARTESIAN_POINT('',(-19.6,0.,1.00000000000001));
#10875=CARTESIAN_POINT('Origin',(-18.6,0.,11.6));
#10876=CARTESIAN_POINT('',(-18.6,1.9,12.6));
#10877=CARTESIAN_POINT('',(-18.6,0.,12.6));
#10878=CARTESIAN_POINT('Origin',(-18.6,1.9,11.6));
#10879=CARTESIAN_POINT('Origin',(-18.6,0.,12.6));
#10880=CARTESIAN_POINT('',(18.6,1.9,12.6));
#10881=CARTESIAN_POINT('',(18.6,0.,12.6));
#10882=CARTESIAN_POINT('',(16.5690659955097,1.9,12.6));
#10883=CARTESIAN_POINT('',(-0.974999999999996,1.9,12.6));
#10884=CARTESIAN_POINT('',(16.5690659955097,0.8,12.6));
#10885=CARTESIAN_POINT('',(16.5690659955097,0.8,12.6));
#10886=CARTESIAN_POINT('',(-16.5690659955097,0.8,12.6));
#10887=CARTESIAN_POINT('',(-18.6,0.8,12.6));
#10888=CARTESIAN_POINT('',(-16.5690659955097,1.9,12.6));
#10889=CARTESIAN_POINT('',(-16.5690659955097,0.8,12.6));
#10890=CARTESIAN_POINT('',(-17.625,1.9,12.6));
#10891=CARTESIAN_POINT('Origin',(18.6,0.,11.6));
#10892=CARTESIAN_POINT('',(19.6,1.9,11.6));
#10893=CARTESIAN_POINT('',(19.6,0.,11.6));
#10894=CARTESIAN_POINT('Origin',(18.6,1.9,11.6));
#10895=CARTESIAN_POINT('Origin',(0.,0.,6.3));
#10896=CARTESIAN_POINT('',(12.8680962813256,0.,8.33533882689945));
#10897=CARTESIAN_POINT('',(10.8,0.,10.8));
#10898=CARTESIAN_POINT('Origin',(10.8,0.,8.7));
#10899=CARTESIAN_POINT('',(12.021726773925,0.,3.53533882689945));
#10900=CARTESIAN_POINT('',(12.0768695177519,0.,3.8480688674486));
#10901=CARTESIAN_POINT('',(9.95363049259937,0.,1.8));
#10902=CARTESIAN_POINT('Origin',(9.95363049259937,0.,3.9));
#10903=CARTESIAN_POINT('',(-9.95363049259937,0.,1.8));
#10904=CARTESIAN_POINT('',(-4.97681524629968,0.,1.8));
#10905=CARTESIAN_POINT('',(-12.021726773925,0.,3.53533882689945));
#10906=CARTESIAN_POINT('Origin',(-9.95363049259937,0.,3.9));
#10907=CARTESIAN_POINT('',(-12.8680962813256,0.,8.33533882689945));
#10908=CARTESIAN_POINT('',(-12.5000542714522,0.,6.24806886744859));
#10909=CARTESIAN_POINT('',(-10.8,0.,10.8));
#10910=CARTESIAN_POINT('Origin',(-10.8,0.,8.7));
#10911=CARTESIAN_POINT('',(5.4,0.,10.8));
#10912=CARTESIAN_POINT('',(-17.72823,0.,6.3));
#10913=CARTESIAN_POINT('Origin',(-16.65,0.,6.3));
#10914=CARTESIAN_POINT('',(15.57177,0.,6.3));
#10915=CARTESIAN_POINT('Origin',(16.65,0.,6.3));
#10916=CARTESIAN_POINT('Origin',(-16.65,11.6,-3.56698729810778));
#10917=CARTESIAN_POINT('',(-15.65,11.6,-4.));
#10918=CARTESIAN_POINT('Origin',(-16.65,11.6,-4.));
#10919=CARTESIAN_POINT('',(-15.15,11.6,-3.13397459621556));
#10920=CARTESIAN_POINT('',(-15.4,11.6,-3.56698729810778));
#10921=CARTESIAN_POINT('',(-18.15,11.6,-3.13397459621556));
#10922=CARTESIAN_POINT('Origin',(-16.65,11.6,-3.13397459621556));
#10923=CARTESIAN_POINT('Origin',(-16.65,11.6,-3.13397459621556));
#10924=CARTESIAN_POINT('Origin',(-16.65,11.6,0.));
#10925=CARTESIAN_POINT('',(-18.15,11.6,0.));
#10926=CARTESIAN_POINT('',(-18.15,11.6,0.));
#10927=CARTESIAN_POINT('Origin',(-16.65,11.6,0.));
#10928=CARTESIAN_POINT('Origin',(-16.65,11.6,-4.));
#10929=CARTESIAN_POINT('Origin',(16.65,11.6,-3.56698729810778));
#10930=CARTESIAN_POINT('',(17.65,11.6,-4.));
#10931=CARTESIAN_POINT('Origin',(16.65,11.6,-4.));
#10932=CARTESIAN_POINT('',(18.15,11.6,-3.13397459621556));
#10933=CARTESIAN_POINT('',(17.9,11.6,-3.56698729810778));
#10934=CARTESIAN_POINT('',(15.15,11.6,-3.13397459621556));
#10935=CARTESIAN_POINT('Origin',(16.65,11.6,-3.13397459621556));
#10936=CARTESIAN_POINT('Origin',(16.65,11.6,-3.13397459621556));
#10937=CARTESIAN_POINT('Origin',(16.65,11.6,0.));
#10938=CARTESIAN_POINT('',(15.15,11.6,0.));
#10939=CARTESIAN_POINT('',(15.15,11.6,0.));
#10940=CARTESIAN_POINT('Origin',(16.65,11.6,0.));
#10941=CARTESIAN_POINT('Origin',(16.65,11.6,-4.));
#10942=CARTESIAN_POINT('Origin',(-10.8,0.,8.7));
#10943=CARTESIAN_POINT('',(-10.8,0.4,9.9));
#10944=CARTESIAN_POINT('',(-11.9817693036147,0.4,8.49162218679968));
#10945=CARTESIAN_POINT('Origin',(-10.8,0.4,8.7));
#10946=CARTESIAN_POINT('',(-10.8,-5.4,9.9));
#10947=CARTESIAN_POINT('',(-10.8,0.,9.9));
#10948=CARTESIAN_POINT('',(-11.9817693036147,-5.4,8.49162218679968));
#10949=CARTESIAN_POINT('Origin',(-10.8,-5.4,8.7));
#10950=CARTESIAN_POINT('',(-11.9817693036147,0.,8.49162218679968));
#10951=CARTESIAN_POINT('Origin',(10.8,0.,9.9));
#10952=CARTESIAN_POINT('',(10.8,0.4,9.9));
#10953=CARTESIAN_POINT('',(5.4,0.4,9.9));
#10954=CARTESIAN_POINT('',(10.8,-5.4,9.9));
#10955=CARTESIAN_POINT('',(10.8,0.,9.9));
#10956=CARTESIAN_POINT('',(5.4,-5.4,9.9));
#10957=CARTESIAN_POINT('Origin',(-11.9817693036147,0.,8.49162218679968));
#10958=CARTESIAN_POINT('',(-11.135399796214,0.4,3.69162218679968));
#10959=CARTESIAN_POINT('',(-11.6137272937412,0.4,6.40435222734883));
#10960=CARTESIAN_POINT('',(-11.135399796214,-5.4,3.69162218679968));
#10961=CARTESIAN_POINT('',(-11.6137272937412,-5.4,6.40435222734883));
#10962=CARTESIAN_POINT('',(-11.135399796214,0.,3.69162218679968));
#10963=CARTESIAN_POINT('Origin',(10.8,0.,8.7));
#10964=CARTESIAN_POINT('',(11.9817693036147,0.4,8.49162218679969));
#10965=CARTESIAN_POINT('Origin',(10.8,0.4,8.7));
#10966=CARTESIAN_POINT('',(11.9817693036147,-5.4,8.49162218679969));
#10967=CARTESIAN_POINT('',(11.9817693036147,0.,8.49162218679969));
#10968=CARTESIAN_POINT('Origin',(10.8,-5.4,8.7));
#10969=CARTESIAN_POINT('Origin',(-9.95363049259937,0.,3.9));
#10970=CARTESIAN_POINT('',(-9.95363049259937,0.4,2.7));
#10971=CARTESIAN_POINT('Origin',(-9.95363049259937,0.4,3.9));
#10972=CARTESIAN_POINT('',(-9.95363049259937,-5.4,2.7));
#10973=CARTESIAN_POINT('Origin',(-9.95363049259937,-5.4,3.9));
#10974=CARTESIAN_POINT('',(-9.95363049259937,0.,2.7));
#10975=CARTESIAN_POINT('Origin',(11.135399796214,0.,3.69162218679969));
#10976=CARTESIAN_POINT('',(11.135399796214,0.4,3.69162218679969));
#10977=CARTESIAN_POINT('',(11.1905425400409,0.4,4.00435222734883));
#10978=CARTESIAN_POINT('',(11.135399796214,-5.4,3.69162218679969));
#10979=CARTESIAN_POINT('',(11.135399796214,0.,3.69162218679969));
#10980=CARTESIAN_POINT('',(11.1905425400409,-5.4,4.00435222734883));
#10981=CARTESIAN_POINT('Origin',(-9.95363049259937,0.,2.7));
#10982=CARTESIAN_POINT('',(9.95363049259937,0.4,2.7));
#10983=CARTESIAN_POINT('',(-4.97681524629968,0.4,2.7));
#10984=CARTESIAN_POINT('',(9.95363049259937,-5.4,2.7));
#10985=CARTESIAN_POINT('',(-4.97681524629968,-5.4,2.7));
#10986=CARTESIAN_POINT('',(9.95363049259937,0.,2.7));
#10987=CARTESIAN_POINT('Origin',(9.95363049259937,0.,3.9));
#10988=CARTESIAN_POINT('Origin',(9.95363049259937,0.4,3.9));
#10989=CARTESIAN_POINT('Origin',(9.95363049259937,-5.4,3.9));
#10990=CARTESIAN_POINT('Origin',(0.,0.4,6.3));
#10991=CARTESIAN_POINT('',(-9.95363049259937,0.4,1.4));
#10992=CARTESIAN_POINT('',(9.95363049259937,0.4,1.4));
#10993=CARTESIAN_POINT('',(4.97681524629968,0.4,1.4));
#10994=CARTESIAN_POINT('',(-12.4156498751299,0.4,3.46587955583267));
#10995=CARTESIAN_POINT('Origin',(-9.95363049259937,0.4,3.9));
#10996=CARTESIAN_POINT('',(-13.2620193825305,0.4,8.26587955583267));
#10997=CARTESIAN_POINT('',(-12.4707926189568,0.4,3.77860959638182));
#10998=CARTESIAN_POINT('',(-10.8,0.4,11.2));
#10999=CARTESIAN_POINT('Origin',(-10.8,0.4,8.7));
#11000=CARTESIAN_POINT('',(10.8,0.4,11.2));
#11001=CARTESIAN_POINT('',(-5.4,0.4,11.2));
#11002=CARTESIAN_POINT('',(13.2620193825305,0.4,8.26587955583268));
#11003=CARTESIAN_POINT('Origin',(10.8,0.4,8.7));
#11004=CARTESIAN_POINT('',(12.4156498751299,0.4,3.46587955583268));
#11005=CARTESIAN_POINT('',(12.8939773726571,0.4,6.17860959638182));
#11006=CARTESIAN_POINT('Origin',(9.95363049259937,0.4,3.9));
#11007=CARTESIAN_POINT('Origin',(-10.8,0.8,11.2));
#11008=CARTESIAN_POINT('',(-10.8,3.5,11.2));
#11009=CARTESIAN_POINT('',(-10.8,0.8,11.2));
#11010=CARTESIAN_POINT('',(10.8,3.5,11.2));
#11011=CARTESIAN_POINT('',(-5.4,3.5,11.2));
#11012=CARTESIAN_POINT('',(10.8,0.8,11.2));
#11013=CARTESIAN_POINT('Origin',(5.4,-5.4,9.8));
#11014=CARTESIAN_POINT('',(-10.8,-5.5,9.8));
#11015=CARTESIAN_POINT('Origin',(-10.8,-5.4,9.8));
#11016=CARTESIAN_POINT('',(10.8,-5.5,9.8));
#11017=CARTESIAN_POINT('Origin',(10.8,-5.4,9.8));
#11018=CARTESIAN_POINT('',(5.4,-5.5,9.8));
#11019=CARTESIAN_POINT('Origin',(10.8,-5.4,8.7));
#11020=CARTESIAN_POINT('',(11.8832885283134,-5.5,8.50898700456638));
#11021=CARTESIAN_POINT('Origin',(11.8832885283134,-5.4,8.50898700456638));
#11022=CARTESIAN_POINT('Origin',(10.8,-5.5,8.7));
#11023=CARTESIAN_POINT('Origin',(11.0920617647397,-5.4,4.02171704511553));
#11024=CARTESIAN_POINT('',(11.0369190209128,-5.5,3.70898700456638));
#11025=CARTESIAN_POINT('Origin',(11.0369190209128,-5.4,3.70898700456638));
#11026=CARTESIAN_POINT('',(11.0920617647397,-5.5,4.02171704511553));
#11027=CARTESIAN_POINT('Origin',(9.95363049259937,-5.4,3.9));
#11028=CARTESIAN_POINT('',(9.95363049259937,-5.5,2.8));
#11029=CARTESIAN_POINT('Origin',(9.95363049259937,-5.4,2.8));
#11030=CARTESIAN_POINT('Origin',(9.95363049259937,-5.5,3.9));
#11031=CARTESIAN_POINT('Origin',(-4.97681524629968,-5.4,2.8));
#11032=CARTESIAN_POINT('',(-9.95363049259937,-5.5,2.8));
#11033=CARTESIAN_POINT('Origin',(-9.95363049259937,-5.4,2.8));
#11034=CARTESIAN_POINT('',(-4.97681524629968,-5.5,2.8));
#11035=CARTESIAN_POINT('Origin',(-9.95363049259937,-5.4,3.9));
#11036=CARTESIAN_POINT('',(-11.0369190209128,-5.5,3.70898700456637));
#11037=CARTESIAN_POINT('Origin',(-11.0369190209128,-5.4,3.70898700456637));
#11038=CARTESIAN_POINT('Origin',(-9.95363049259937,-5.5,3.9));
#11039=CARTESIAN_POINT('Origin',(-11.51524651844,-5.4,6.42171704511553));
#11040=CARTESIAN_POINT('',(-11.8832885283134,-5.5,8.50898700456638));
#11041=CARTESIAN_POINT('Origin',(-11.8832885283134,-5.4,8.50898700456638));
#11042=CARTESIAN_POINT('',(-11.51524651844,-5.5,6.42171704511553));
#11043=CARTESIAN_POINT('Origin',(-10.8,-5.4,8.7));
#11044=CARTESIAN_POINT('Origin',(-10.8,-5.5,8.7));
#11045=CARTESIAN_POINT('Origin',(0.,-5.5,6.3));
#11046=CARTESIAN_POINT('',(-9.95363049259937,-5.5,3.15));
#11047=CARTESIAN_POINT('',(-10.6922363073585,-5.5,3.7697638667498));
#11048=CARTESIAN_POINT('Origin',(-9.95363049259937,-5.5,3.9));
#11049=CARTESIAN_POINT('',(9.95363049259937,-5.5,3.15));
#11050=CARTESIAN_POINT('',(4.97681524629968,-5.5,3.15));
#11051=CARTESIAN_POINT('',(10.6922363073585,-5.5,3.7697638667498));
#11052=CARTESIAN_POINT('Origin',(9.95363049259937,-5.5,3.9));
#11053=CARTESIAN_POINT('',(11.5386058147592,-5.5,8.5697638667498));
#11054=CARTESIAN_POINT('',(11.1705638048857,-5.5,6.48249390729895));
#11055=CARTESIAN_POINT('',(10.8,-5.5,9.45));
#11056=CARTESIAN_POINT('Origin',(10.8,-5.5,8.7));
#11057=CARTESIAN_POINT('',(-10.8,-5.5,9.45));
#11058=CARTESIAN_POINT('',(-5.4,-5.5,9.45));
#11059=CARTESIAN_POINT('',(-11.5386058147592,-5.5,8.5697638667498));
#11060=CARTESIAN_POINT('Origin',(-10.8,-5.5,8.7));
#11061=CARTESIAN_POINT('',(-10.7473790511854,-5.5,4.08249390729895));
#11062=CARTESIAN_POINT('Origin',(13.2620193825305,0.8,8.26587955583268));
#11063=CARTESIAN_POINT('',(13.2620193825305,3.5,8.26587955583268));
#11064=CARTESIAN_POINT('',(13.2620193825305,0.8,8.26587955583268));
#11065=CARTESIAN_POINT('',(12.4156498751299,3.5,3.46587955583268));
#11066=CARTESIAN_POINT('',(12.8939773726571,3.5,6.17860959638182));
#11067=CARTESIAN_POINT('',(12.4156498751299,0.8,3.46587955583268));
#11068=CARTESIAN_POINT('Origin',(10.8,0.8,8.7));
#11069=CARTESIAN_POINT('Origin',(10.8,3.5,8.7));
#11070=CARTESIAN_POINT('Origin',(-10.8,0.8,8.7));
#11071=CARTESIAN_POINT('',(-13.2620193825305,3.5,8.26587955583267));
#11072=CARTESIAN_POINT('',(-13.2620193825305,0.8,8.26587955583267));
#11073=CARTESIAN_POINT('Origin',(-10.8,3.5,8.7));
#11074=CARTESIAN_POINT('Origin',(-12.4156498751299,0.8,3.46587955583267));
#11075=CARTESIAN_POINT('',(-12.4156498751299,3.5,3.46587955583267));
#11076=CARTESIAN_POINT('',(-12.4156498751299,0.8,3.46587955583267));
#11077=CARTESIAN_POINT('',(-12.4707926189568,3.5,3.77860959638182));
#11078=CARTESIAN_POINT('Origin',(-9.95363049259937,0.8,3.9));
#11079=CARTESIAN_POINT('',(-9.95363049259937,3.5,1.4));
#11080=CARTESIAN_POINT('',(-9.95363049259937,0.8,1.4));
#11081=CARTESIAN_POINT('Origin',(-9.95363049259937,3.5,3.9));
#11082=CARTESIAN_POINT('Origin',(9.95363049259937,0.8,1.4));
#11083=CARTESIAN_POINT('',(9.95363049259937,3.5,1.4));
#11084=CARTESIAN_POINT('',(9.95363049259937,0.8,1.4));
#11085=CARTESIAN_POINT('',(4.97681524629968,3.5,1.4));
#11086=CARTESIAN_POINT('Origin',(9.95363049259937,0.8,3.9));
#11087=CARTESIAN_POINT('Origin',(9.95363049259937,3.5,3.9));
#11088=CARTESIAN_POINT('Origin',(12.3030927208497,3.5,6.28279850298198));
#11089=CARTESIAN_POINT('',(12.6711347307232,4.1,8.37006846243283));
#11090=CARTESIAN_POINT('Origin',(12.6711347307232,3.5,8.37006846243283));
#11091=CARTESIAN_POINT('',(11.8247652233226,4.1,3.57006846243283));
#11092=CARTESIAN_POINT('',(12.3030927208497,4.1,6.28279850298198));
#11093=CARTESIAN_POINT('Origin',(11.8247652233226,3.5,3.57006846243283));
#11094=CARTESIAN_POINT('Origin',(10.8,3.5,8.7));
#11095=CARTESIAN_POINT('',(10.8,4.1,10.6));
#11096=CARTESIAN_POINT('Origin',(10.8,3.5,10.6));
#11097=CARTESIAN_POINT('Origin',(10.8,4.1,8.7));
#11098=CARTESIAN_POINT('Origin',(-5.4,3.5,10.6));
#11099=CARTESIAN_POINT('',(-10.8,4.1,10.6));
#11100=CARTESIAN_POINT('Origin',(-10.8,3.5,10.6));
#11101=CARTESIAN_POINT('',(-5.4,4.1,10.6));
#11102=CARTESIAN_POINT('Origin',(-10.8,3.5,8.7));
#11103=CARTESIAN_POINT('',(-12.6711347307232,4.1,8.37006846243283));
#11104=CARTESIAN_POINT('Origin',(-12.6711347307232,3.5,8.37006846243283));
#11105=CARTESIAN_POINT('Origin',(-10.8,4.1,8.7));
#11106=CARTESIAN_POINT('Origin',(-11.8799079671494,3.5,3.88279850298198));
#11107=CARTESIAN_POINT('',(-11.8247652233226,4.1,3.57006846243283));
#11108=CARTESIAN_POINT('',(-11.8799079671494,4.1,3.88279850298198));
#11109=CARTESIAN_POINT('Origin',(-11.8247652233226,3.5,3.57006846243283));
#11110=CARTESIAN_POINT('Origin',(-9.95363049259937,3.5,3.9));
#11111=CARTESIAN_POINT('',(-9.95363049259937,4.1,2.));
#11112=CARTESIAN_POINT('Origin',(-9.95363049259937,3.5,2.));
#11113=CARTESIAN_POINT('Origin',(-9.95363049259937,4.1,3.9));
#11114=CARTESIAN_POINT('Origin',(4.97681524629968,3.5,2.));
#11115=CARTESIAN_POINT('',(9.95363049259937,4.1,2.));
#11116=CARTESIAN_POINT('Origin',(9.95363049259937,3.5,2.));
#11117=CARTESIAN_POINT('',(4.97681524629968,4.1,2.));
#11118=CARTESIAN_POINT('Origin',(9.95363049259937,3.5,3.9));
#11119=CARTESIAN_POINT('Origin',(9.95363049259937,4.1,3.9));
#11120=CARTESIAN_POINT('Origin',(0.,4.1,6.3));
#11121=CARTESIAN_POINT('',(9.95363049259937,4.1,2.7));
#11122=CARTESIAN_POINT('',(11.135399796214,4.1,3.69162218679968));
#11123=CARTESIAN_POINT('Origin',(9.95363049259937,4.1,3.9));
#11124=CARTESIAN_POINT('',(-9.95363049259937,4.1,2.7));
#11125=CARTESIAN_POINT('',(-4.97681524629968,4.1,2.7));
#11126=CARTESIAN_POINT('',(-11.135399796214,4.1,3.69162218679968));
#11127=CARTESIAN_POINT('Origin',(-9.95363049259937,4.1,3.9));
#11128=CARTESIAN_POINT('',(-11.9817693036146,4.1,8.49162218679968));
#11129=CARTESIAN_POINT('',(-11.6137272937412,4.1,6.40435222734883));
#11130=CARTESIAN_POINT('',(-10.8,4.1,9.9));
#11131=CARTESIAN_POINT('Origin',(-10.8,4.1,8.7));
#11132=CARTESIAN_POINT('',(10.8,4.1,9.9));
#11133=CARTESIAN_POINT('',(5.4,4.1,9.9));
#11134=CARTESIAN_POINT('',(11.9817693036147,4.1,8.49162218679968));
#11135=CARTESIAN_POINT('Origin',(10.8,4.1,8.7));
#11136=CARTESIAN_POINT('',(11.1905425400409,4.1,4.00435222734883));
#11137=CARTESIAN_POINT('Origin',(10.8,4.5,8.7));
#11138=CARTESIAN_POINT('',(10.8,4.5,9.9));
#11139=CARTESIAN_POINT('',(10.8,4.5,9.9));
#11140=CARTESIAN_POINT('',(11.9817693036147,4.5,8.49162218679968));
#11141=CARTESIAN_POINT('Origin',(10.8,4.5,8.7));
#11142=CARTESIAN_POINT('',(11.9817693036147,4.5,8.49162218679968));
#11143=CARTESIAN_POINT('Origin',(10.8,4.5,9.9));
#11144=CARTESIAN_POINT('',(-10.8,4.5,9.9));
#11145=CARTESIAN_POINT('',(-10.8,4.5,9.9));
#11146=CARTESIAN_POINT('',(5.4,4.5,9.9));
#11147=CARTESIAN_POINT('Origin',(-10.8,4.5,8.7));
#11148=CARTESIAN_POINT('',(-11.9817693036146,4.5,8.49162218679968));
#11149=CARTESIAN_POINT('',(-11.9817693036146,4.5,8.49162218679968));
#11150=CARTESIAN_POINT('Origin',(-10.8,4.5,8.7));
#11151=CARTESIAN_POINT('Origin',(-11.9817693036146,4.5,8.49162218679968));
#11152=CARTESIAN_POINT('',(-11.135399796214,4.5,3.69162218679968));
#11153=CARTESIAN_POINT('',(-11.135399796214,4.5,3.69162218679968));
#11154=CARTESIAN_POINT('',(-11.6137272937412,4.5,6.40435222734883));
#11155=CARTESIAN_POINT('Origin',(11.5386058147592,-5.9,8.5697638667498));
#11156=CARTESIAN_POINT('',(10.6922363073585,-5.9,3.7697638667498));
#11157=CARTESIAN_POINT('',(10.6922363073585,-5.9,3.7697638667498));
#11158=CARTESIAN_POINT('',(11.5386058147592,-5.9,8.5697638667498));
#11159=CARTESIAN_POINT('',(11.1705638048857,-5.9,6.48249390729895));
#11160=CARTESIAN_POINT('',(11.5386058147592,-5.9,8.5697638667498));
#11161=CARTESIAN_POINT('Origin',(9.95363049259937,-5.9,3.9));
#11162=CARTESIAN_POINT('',(9.95363049259937,-5.9,3.15));
#11163=CARTESIAN_POINT('',(9.95363049259937,-5.9,3.15));
#11164=CARTESIAN_POINT('Origin',(9.95363049259937,-5.9,3.9));
#11165=CARTESIAN_POINT('Origin',(9.95363049259937,-5.9,3.15));
#11166=CARTESIAN_POINT('',(-9.95363049259937,-5.9,3.15));
#11167=CARTESIAN_POINT('',(-9.95363049259937,-5.9,3.15));
#11168=CARTESIAN_POINT('',(4.97681524629968,-5.9,3.15));
#11169=CARTESIAN_POINT('Origin',(11.135399796214,4.5,3.69162218679968));
#11170=CARTESIAN_POINT('',(11.135399796214,4.5,3.69162218679968));
#11171=CARTESIAN_POINT('',(11.1905425400409,4.5,4.00435222734883));
#11172=CARTESIAN_POINT('',(11.135399796214,4.5,3.69162218679968));
#11173=CARTESIAN_POINT('Origin',(9.95363049259937,4.5,3.9));
#11174=CARTESIAN_POINT('',(9.95363049259937,4.5,2.7));
#11175=CARTESIAN_POINT('Origin',(9.95363049259937,4.5,3.9));
#11176=CARTESIAN_POINT('',(9.95363049259937,4.5,2.7));
#11177=CARTESIAN_POINT('Origin',(-9.95363049259937,4.5,2.7));
#11178=CARTESIAN_POINT('',(-9.95363049259937,4.5,2.7));
#11179=CARTESIAN_POINT('',(-4.97681524629968,4.5,2.7));
#11180=CARTESIAN_POINT('',(-9.95363049259937,4.5,2.7));
#11181=CARTESIAN_POINT('Origin',(-9.95363049259937,4.5,3.9));
#11182=CARTESIAN_POINT('Origin',(-9.95363049259937,4.5,3.9));
#11183=CARTESIAN_POINT('Origin',(-9.95363049259937,-5.9,3.9));
#11184=CARTESIAN_POINT('',(-10.6922363073585,-5.9,3.7697638667498));
#11185=CARTESIAN_POINT('',(-10.6922363073585,-5.9,3.7697638667498));
#11186=CARTESIAN_POINT('Origin',(-9.95363049259937,-5.9,3.9));
#11187=CARTESIAN_POINT('Origin',(10.8,-5.9,8.7));
#11188=CARTESIAN_POINT('',(10.8,-5.9,9.45));
#11189=CARTESIAN_POINT('Origin',(10.8,-5.9,8.7));
#11190=CARTESIAN_POINT('',(10.8,-5.9,9.45));
#11191=CARTESIAN_POINT('Origin',(-10.8,-5.9,9.45));
#11192=CARTESIAN_POINT('',(-10.8,-5.9,9.45));
#11193=CARTESIAN_POINT('',(-5.4,-5.9,9.45));
#11194=CARTESIAN_POINT('',(-10.8,-5.9,9.45));
#11195=CARTESIAN_POINT('Origin',(-10.8,-5.9,8.7));
#11196=CARTESIAN_POINT('',(-11.5386058147592,-5.9,8.5697638667498));
#11197=CARTESIAN_POINT('Origin',(-10.8,-5.9,8.7));
#11198=CARTESIAN_POINT('',(-11.5386058147592,-5.9,8.5697638667498));
#11199=CARTESIAN_POINT('Origin',(-10.6922363073585,-5.9,3.7697638667498));
#11200=CARTESIAN_POINT('',(-10.7473790511854,-5.9,4.08249390729895));
#11201=CARTESIAN_POINT('Ctrl Pts',(-13.7151922469878,1.9,1.17364817766693));
#11202=CARTESIAN_POINT('Ctrl Pts',(-13.715475476617,1.90066587518192,1.17525445271376));
#11203=CARTESIAN_POINT('Ctrl Pts',(-13.7157598673838,1.90133304476364,1.17686246426118));
#11204=CARTESIAN_POINT('Ctrl Pts',(-13.7737466140694,2.03593348404918,1.50179881093582));
#11205=CARTESIAN_POINT('Ctrl Pts',(-13.9211247378993,2.2210328316412,1.93167598618862));
#11206=CARTESIAN_POINT('Ctrl Pts',(-14.2312121297943,2.37297017740099,2.33506440045352));
#11207=CARTESIAN_POINT('Ctrl Pts',(-14.3792507937126,2.4000000000001,2.44466649461653));
#11208=CARTESIAN_POINT('Ctrl Pts',(-14.4531717314327,2.4,2.47955256947389));
#11209=CARTESIAN_POINT('Ctrl Pts',(-13.7151922469878,1.9,1.17364817766693));
#11210=CARTESIAN_POINT('Ctrl Pts',(-13.7153820126784,1.90089022069319,1.17508563746423));
#11211=CARTESIAN_POINT('Ctrl Pts',(-13.715761337372,1.90177429467988,1.17649575170234));
#11212=CARTESIAN_POINT('Ctrl Pts',(-13.7633038640593,2.08168232293092,1.46568623308891));
#11213=CARTESIAN_POINT('Ctrl Pts',(-13.9689888174536,2.32597595373492,1.83624590119119));
#11214=CARTESIAN_POINT('Ctrl Pts',(-14.3236876600315,2.42341047954126,2.12862909631961));
#11215=CARTESIAN_POINT('Ctrl Pts',(-14.4459584029308,2.4117899900726,2.19794094681981));
#11216=CARTESIAN_POINT('Ctrl Pts',(-14.4962513911675,2.39999999999987,2.22132193153722));
#11217=CARTESIAN_POINT('Ctrl Pts',(-13.7151922469878,1.9,1.17364817766693));
#11218=CARTESIAN_POINT('Ctrl Pts',(-13.7153544094426,1.90111620681855,1.17490435035555));
#11219=CARTESIAN_POINT('Ctrl Pts',(-13.7156942293563,1.90221599086621,1.17614055643587));
#11220=CARTESIAN_POINT('Ctrl Pts',(-13.7573238801887,2.12662071595124,1.42944942701871));
#11221=CARTESIAN_POINT('Ctrl Pts',(-13.9598125129229,2.43555736141075,1.74814908912029));
#11222=CARTESIAN_POINT('Ctrl Pts',(-14.335697783077,2.62996406807652,1.94460364783206));
#11223=CARTESIAN_POINT('Ctrl Pts',(-14.4753995369483,2.64576495318282,1.97637092286008));
#11224=CARTESIAN_POINT('Ctrl Pts',(-14.5354478209552,2.63820061220077,1.98636837964912));
#11225=CARTESIAN_POINT('Ctrl Pts',(-13.7151922469878,1.9,1.17364817766693));
#11226=CARTESIAN_POINT('Ctrl Pts',(-13.7153810667406,1.901331750364,1.17471902769833));
#11227=CARTESIAN_POINT('Ctrl Pts',(-13.7155712133625,1.90266608952727,1.17579093792687));
#11228=CARTESIAN_POINT('Ctrl Pts',(-13.7546762740823,2.17186696809847,1.39233631039919));
#11229=CARTESIAN_POINT('Ctrl Pts',(-13.8992088920241,2.5420656632824,1.67076058683018));
#11230=CARTESIAN_POINT('Ctrl Pts',(-14.260436240819,2.84594035480199,1.91244325095691));
#11231=CARTESIAN_POINT('Ctrl Pts',(-14.4423498101108,2.9000000000002,1.97083718373365));
#11232=CARTESIAN_POINT('Ctrl Pts',(-14.5354478209556,2.9,1.98636837964918));
#11233=CARTESIAN_POINT('',(-14.5354478209556,2.9,1.98636837964918));
#11234=CARTESIAN_POINT('',(-14.4531717314323,2.4,2.47955256947396));
#11235=CARTESIAN_POINT('Origin',(-14.4531717314334,2.9,2.47955256947377));
#11236=CARTESIAN_POINT('',(-13.7151922469878,1.9,1.17364817766693));
#11237=CARTESIAN_POINT('Ctrl Pts',(-14.4531717314327,2.4,2.47955256947389));
#11238=CARTESIAN_POINT('Ctrl Pts',(-14.3792507937126,2.4000000000001,2.44466649461653));
#11239=CARTESIAN_POINT('Ctrl Pts',(-14.2312121297943,2.37297017740099,2.33506440045352));
#11240=CARTESIAN_POINT('Ctrl Pts',(-13.9211247378993,2.2210328316412,1.93167598618862));
#11241=CARTESIAN_POINT('Ctrl Pts',(-13.7737466140694,2.03593348404918,1.50179881093582));
#11242=CARTESIAN_POINT('Ctrl Pts',(-13.7157598673838,1.90133304476364,1.17686246426118));
#11243=CARTESIAN_POINT('Ctrl Pts',(-13.715475476617,1.90066587518192,1.17525445271376));
#11244=CARTESIAN_POINT('Ctrl Pts',(-13.7151922469878,1.9,1.17364817766693));
#11245=CARTESIAN_POINT('Ctrl Pts',(-13.7151922469878,1.9,1.17364817766693));
#11246=CARTESIAN_POINT('Ctrl Pts',(-13.7153810667406,1.901331750364,1.17471902769833));
#11247=CARTESIAN_POINT('Ctrl Pts',(-13.7155712133625,1.90266608952727,1.17579093792687));
#11248=CARTESIAN_POINT('Ctrl Pts',(-13.7546762740823,2.17186696809847,1.39233631039919));
#11249=CARTESIAN_POINT('Ctrl Pts',(-13.8992088920241,2.5420656632824,1.67076058683018));
#11250=CARTESIAN_POINT('Ctrl Pts',(-14.260436240819,2.84594035480199,1.91244325095691));
#11251=CARTESIAN_POINT('Ctrl Pts',(-14.4423498101108,2.9000000000002,1.97083718373365));
#11252=CARTESIAN_POINT('Ctrl Pts',(-14.5354478209556,2.9,1.98636837964918));
#11253=CARTESIAN_POINT('Origin',(-14.7,2.9,1.));
#11254=CARTESIAN_POINT('',(-14.7,2.9,2.));
#11255=CARTESIAN_POINT('',(-14.7,2.4,2.5));
#11256=CARTESIAN_POINT('Origin',(-14.7,2.9,2.5));
#11257=CARTESIAN_POINT('Origin',(-14.7,2.4,1.));
#11258=CARTESIAN_POINT('Origin',(-14.7,2.9,1.));
#11259=CARTESIAN_POINT('Origin',(-15.675,2.9,2.5));
#11260=CARTESIAN_POINT('',(-18.6,2.9,2.));
#11261=CARTESIAN_POINT('',(-18.6,2.4,2.5));
#11262=CARTESIAN_POINT('Origin',(-18.6,2.9,2.5));
#11263=CARTESIAN_POINT('',(-15.675,2.4,2.5));
#11264=CARTESIAN_POINT('',(-15.675,2.9,2.));
#11265=CARTESIAN_POINT('Origin',(-18.6,2.9,1.00000000000001));
#11266=CARTESIAN_POINT('',(-18.9333333333333,2.9,1.94280904158207));
#11267=CARTESIAN_POINT('',(-19.1,2.4,2.4142135623731));
#11268=CARTESIAN_POINT('Origin',(-19.1,2.9,2.4142135623731));
#11269=CARTESIAN_POINT('Origin',(-18.6,2.4,1.00000000000001));
#11270=CARTESIAN_POINT('Origin',(-18.6,2.9,1.00000000000001));
#11271=CARTESIAN_POINT('Ctrl Pts',(-19.1,2.4,2.4142135623731));
#11272=CARTESIAN_POINT('Ctrl Pts',(-19.3002140008708,2.4,2.27264088466888));
#11273=CARTESIAN_POINT('Ctrl Pts',(-19.4961656258776,2.24961465830694,1.86937272960231));
#11274=CARTESIAN_POINT('Ctrl Pts',(-19.5855388100683,2.03836029968305,1.33761299788532));
#11275=CARTESIAN_POINT('Ctrl Pts',(-19.5997892701661,1.94679091323206,1.1146253854238));
#11276=CARTESIAN_POINT('Ctrl Pts',(-19.5999988641425,1.90134495958389,1.00329432396153));
#11277=CARTESIAN_POINT('Ctrl Pts',(-19.6,1.90067248647102,1.00164724871065));
#11278=CARTESIAN_POINT('Ctrl Pts',(-19.6,1.9,1.00000000000001));
#11279=CARTESIAN_POINT('Ctrl Pts',(-19.0563667687001,2.4,2.29080014742426));
#11280=CARTESIAN_POINT('Ctrl Pts',(-19.2248953384569,2.41786682506501,2.1721946414616));
#11281=CARTESIAN_POINT('Ctrl Pts',(-19.4639788990881,2.30332482515894,1.81932842075574));
#11282=CARTESIAN_POINT('Ctrl Pts',(-19.5811832967079,2.05856408228837,1.31739634955776));
#11283=CARTESIAN_POINT('Ctrl Pts',(-19.5997524870128,1.95459947503455,1.10825376203886));
#11284=CARTESIAN_POINT('Ctrl Pts',(-19.5999981626691,1.90156895671179,1.00311130979977));
#11285=CARTESIAN_POINT('Ctrl Pts',(-19.6,1.9007845675494,1.00155573489324));
#11286=CARTESIAN_POINT('Ctrl Pts',(-19.6,1.9,1.00000000000001));
#11287=CARTESIAN_POINT('Ctrl Pts',(-18.9694416925446,2.50832507763369,2.04493890420519));
#11288=CARTESIAN_POINT('Ctrl Pts',(-19.1197372101037,2.54101129467393,1.97109800566176));
#11289=CARTESIAN_POINT('Ctrl Pts',(-19.4264594063254,2.41812179072515,1.71881141933672));
#11290=CARTESIAN_POINT('Ctrl Pts',(-19.5751915011727,2.1018606466356,1.27681485400337));
#11291=CARTESIAN_POINT('Ctrl Pts',(-19.5996999957227,1.97016075439561,1.09549240879624));
#11292=CARTESIAN_POINT('Ctrl Pts',(-19.5999974197634,1.90201757285661,1.00274545947632));
#11293=CARTESIAN_POINT('Ctrl Pts',(-19.6,1.90100872970616,1.00137270725842));
#11294=CARTESIAN_POINT('Ctrl Pts',(-19.6,1.9,1.00000000000001));
#11295=CARTESIAN_POINT('Ctrl Pts',(-18.9333333333333,2.76910030610043,1.94280904158207));
#11296=CARTESIAN_POINT('Ctrl Pts',(-19.1534476312623,2.78033253215019,1.8653715237767));
#11297=CARTESIAN_POINT('Ctrl Pts',(-19.4410302901381,2.53902593386207,1.62392520205098));
#11298=CARTESIAN_POINT('Ctrl Pts',(-19.5777406268399,2.15181054978432,1.24158596579507));
#11299=CARTESIAN_POINT('Ctrl Pts',(-19.5997072120336,1.98578122525988,1.0827916879522));
#11300=CARTESIAN_POINT('Ctrl Pts',(-19.5999978895657,1.90246574039175,1.00237911821349));
#11301=CARTESIAN_POINT('Ctrl Pts',(-19.6,1.90123289186292,1.0011896796236));
#11302=CARTESIAN_POINT('Ctrl Pts',(-19.6,1.9,1.00000000000001));
#11303=CARTESIAN_POINT('Ctrl Pts',(-18.9333333333333,2.9,1.94280904158207));
#11304=CARTESIAN_POINT('Ctrl Pts',(-19.2002853344943,2.9,1.84842725644596));
#11305=CARTESIAN_POINT('Ctrl Pts',(-19.4615541678368,2.59922931661393,1.57958181973492));
#11306=CARTESIAN_POINT('Ctrl Pts',(-19.5807184134243,2.17672059936613,1.22507533192359));
#11307=CARTESIAN_POINT('Ctrl Pts',(-19.5997190268882,1.99358182646421,1.07641692361596));
#11308=CARTESIAN_POINT('Ctrl Pts',(-19.5999984855234,1.90268991916778,1.00219621597435));
#11309=CARTESIAN_POINT('Ctrl Pts',(-19.6,1.9013449729413,1.00109816580619));
#11310=CARTESIAN_POINT('Ctrl Pts',(-19.6,1.9,1.00000000000001));
#11311=CARTESIAN_POINT('Ctrl Pts',(-18.9333333333333,2.9,1.94280904158207));
#11312=CARTESIAN_POINT('Ctrl Pts',(-19.2002853344943,2.9,1.84842725644596));
#11313=CARTESIAN_POINT('Ctrl Pts',(-19.4615541678368,2.59922931661393,1.57958181973492));
#11314=CARTESIAN_POINT('Ctrl Pts',(-19.5807184134243,2.17672059936613,1.22507533192359));
#11315=CARTESIAN_POINT('Ctrl Pts',(-19.5997190268882,1.99358182646421,1.07641692361596));
#11316=CARTESIAN_POINT('Ctrl Pts',(-19.5999984855234,1.90268991916778,1.00219621597435));
#11317=CARTESIAN_POINT('Ctrl Pts',(-19.6,1.9013449729413,1.00109816580619));
#11318=CARTESIAN_POINT('Ctrl Pts',(-19.6,1.9,1.00000000000001));
#11319=CARTESIAN_POINT('Ctrl Pts',(-19.6,1.9,1.00000000000001));
#11320=CARTESIAN_POINT('Ctrl Pts',(-19.6,1.90067248647102,1.00164724871065));
#11321=CARTESIAN_POINT('Ctrl Pts',(-19.5999988641425,1.90134495958389,1.00329432396153));
#11322=CARTESIAN_POINT('Ctrl Pts',(-19.5997892701661,1.94679091323206,1.1146253854238));
#11323=CARTESIAN_POINT('Ctrl Pts',(-19.5855388100683,2.03836029968305,1.33761299788532));
#11324=CARTESIAN_POINT('Ctrl Pts',(-19.4961656258776,2.24961465830694,1.86937272960231));
#11325=CARTESIAN_POINT('Ctrl Pts',(-19.3002140008708,2.4,2.27264088466888));
#11326=CARTESIAN_POINT('Ctrl Pts',(-19.1,2.4,2.4142135623731));
#11327=CARTESIAN_POINT('Origin',(-18.6,0.,1.00000000000001));
#11328=CARTESIAN_POINT('',(-18.6,15.1,2.));
#11329=CARTESIAN_POINT('',(-18.6,15.6,2.));
#11330=CARTESIAN_POINT('',(-18.6,15.1,7.47347239303565E-15));
#11331=CARTESIAN_POINT('Origin',(-18.6,15.1,1.00000000000001));
#11332=CARTESIAN_POINT('',(-18.6,0.,7.47347239303565E-15));
#11333=CARTESIAN_POINT('Origin',(-14.7,15.6,2.));
#11334=CARTESIAN_POINT('',(-14.7,15.1,2.));
#11335=CARTESIAN_POINT('',(-14.7,15.6,2.));
#11336=CARTESIAN_POINT('',(-15.675,15.1,2.));
#11337=CARTESIAN_POINT('Origin',(-14.7,0.8,1.));
#11338=CARTESIAN_POINT('',(-13.7151922469878,0.8,1.17364817766693));
#11339=CARTESIAN_POINT('',(-13.7151922469878,0.8,1.17364817766693));
#11340=CARTESIAN_POINT('',(-14.7,0.8,-1.07818358133547E-17));
#11341=CARTESIAN_POINT('Origin',(-14.7,0.8,1.));
#11342=CARTESIAN_POINT('',(-14.7,15.1,-1.07818358133547E-17));
#11343=CARTESIAN_POINT('',(-14.7,0.8,-1.07818358133547E-17));
#11344=CARTESIAN_POINT('Origin',(-14.7,15.1,1.));
#11345=CARTESIAN_POINT('Ctrl Pts',(19.6,1.9,1.));
#11346=CARTESIAN_POINT('Ctrl Pts',(19.6,1.90067248647103,1.0016472487107));
#11347=CARTESIAN_POINT('Ctrl Pts',(19.5999991334968,1.9013462831384,1.00329643906402));
#11348=CARTESIAN_POINT('Ctrl Pts',(19.5993133828177,2.03594842218001,1.33336869382406));
#11349=CARTESIAN_POINT('Ctrl Pts',(19.5288182213977,2.22104370379133,1.78229697477838));
#11350=CARTESIAN_POINT('Ctrl Pts',(19.293492537117,2.37297300816876,2.23338591573324));
#11351=CARTESIAN_POINT('Ctrl Pts',(19.1667380002896,2.4000000000001,2.36702266980566));
#11352=CARTESIAN_POINT('Ctrl Pts',(19.0999999999993,2.4,2.41421356237362));
#11353=CARTESIAN_POINT('Ctrl Pts',(19.6,1.9,1.));
#11354=CARTESIAN_POINT('Ctrl Pts',(19.6000628436868,1.90089903899812,1.00146295571033));
#11355=CARTESIAN_POINT('Ctrl Pts',(19.5999338169332,1.90179193645777,1.0029319680002));
#11356=CARTESIAN_POINT('Ctrl Pts',(19.6033236224461,2.08170014144523,1.29598875213625));
#11357=CARTESIAN_POINT('Ctrl Pts',(19.4651066964753,2.32598711934023,1.69662521019926));
#11358=CARTESIAN_POINT('Ctrl Pts',(19.1665747890064,2.42341144300128,2.04614315630143));
#11359=CARTESIAN_POINT('Ctrl Pts',(19.0582011278347,2.41178969183304,2.13562853084445));
#11360=CARTESIAN_POINT('Ctrl Pts',(19.0127335373998,2.39999999999987,2.16738673247577));
#11361=CARTESIAN_POINT('Ctrl Pts',(19.6,1.9,1.));
#11362=CARTESIAN_POINT('Ctrl Pts',(19.600058541606,1.90112722478536,1.00127783707957));
#11363=CARTESIAN_POINT('Ctrl Pts',(19.5999382342237,1.90223805472532,1.00256690338122));
#11364=CARTESIAN_POINT('Ctrl Pts',(19.602919791462,2.12664740959952,1.25925719180629));
#11365=CARTESIAN_POINT('Ctrl Pts',(19.4588441931613,2.43557554632336,1.60826821053222));
#11366=CARTESIAN_POINT('Ctrl Pts',(19.1227905971453,2.62996794210815,1.86699656448837));
#11367=CARTESIAN_POINT('Ctrl Pts',(18.9907316676497,2.64576461334252,1.92253683707714));
#11368=CARTESIAN_POINT('Ctrl Pts',(18.9333333333327,2.63820061220077,1.94280904158229));
#11369=CARTESIAN_POINT('Ctrl Pts',(19.6,1.9,1.));
#11370=CARTESIAN_POINT('Ctrl Pts',(19.6,1.90134497294132,1.00109816580623));
#11371=CARTESIAN_POINT('Ctrl Pts',(19.5999988446625,1.90269256627679,1.00219762604268));
#11372=CARTESIAN_POINT('Ctrl Pts',(19.5990845104238,2.17189684436017,1.22224579588289));
#11373=CARTESIAN_POINT('Ctrl Pts',(19.5050909618636,2.54208740758265,1.52153131651893));
#11374=CARTESIAN_POINT('Ctrl Pts',(19.1913233828227,2.84594601633755,1.82225727715553));
#11375=CARTESIAN_POINT('Ctrl Pts',(19.0223173337194,2.9000000000002,1.91134844653712));
#11376=CARTESIAN_POINT('Ctrl Pts',(18.9333333333323,2.9,1.94280904158242));
#11377=CARTESIAN_POINT('',(18.9333333333323,2.9,1.94280904158242));
#11378=CARTESIAN_POINT('',(19.0999999999996,2.4,2.41421356237362));
#11379=CARTESIAN_POINT('Origin',(19.0999999999985,2.9,2.41421356237362));
#11380=CARTESIAN_POINT('',(19.6,1.9,1.));
#11381=CARTESIAN_POINT('Ctrl Pts',(19.0999999999993,2.4,2.41421356237362));
#11382=CARTESIAN_POINT('Ctrl Pts',(19.1667380002896,2.4000000000001,2.36702266980566));
#11383=CARTESIAN_POINT('Ctrl Pts',(19.293492537117,2.37297300816876,2.23338591573324));
#11384=CARTESIAN_POINT('Ctrl Pts',(19.5288182213977,2.22104370379133,1.78229697477838));
#11385=CARTESIAN_POINT('Ctrl Pts',(19.5993133828177,2.03594842218001,1.33336869382406));
#11386=CARTESIAN_POINT('Ctrl Pts',(19.5999991334968,1.9013462831384,1.00329643906402));
#11387=CARTESIAN_POINT('Ctrl Pts',(19.6,1.90067248647103,1.0016472487107));
#11388=CARTESIAN_POINT('Ctrl Pts',(19.6,1.9,1.));
#11389=CARTESIAN_POINT('Ctrl Pts',(19.6,1.9,1.));
#11390=CARTESIAN_POINT('Ctrl Pts',(19.6,1.90134497294132,1.00109816580623));
#11391=CARTESIAN_POINT('Ctrl Pts',(19.5999988446625,1.90269256627679,1.00219762604268));
#11392=CARTESIAN_POINT('Ctrl Pts',(19.5990845104238,2.17189684436017,1.22224579588289));
#11393=CARTESIAN_POINT('Ctrl Pts',(19.5050909618636,2.54208740758265,1.52153131651893));
#11394=CARTESIAN_POINT('Ctrl Pts',(19.1913233828227,2.84594601633755,1.82225727715553));
#11395=CARTESIAN_POINT('Ctrl Pts',(19.0223173337194,2.9000000000002,1.91134844653712));
#11396=CARTESIAN_POINT('Ctrl Pts',(18.9333333333323,2.9,1.94280904158242));
#11397=CARTESIAN_POINT('Origin',(18.6,2.9,1.));
#11398=CARTESIAN_POINT('',(18.6,2.9,2.));
#11399=CARTESIAN_POINT('',(18.6,2.4,2.5));
#11400=CARTESIAN_POINT('Origin',(18.6,2.9,2.5));
#11401=CARTESIAN_POINT('Origin',(18.6,2.4,1.));
#11402=CARTESIAN_POINT('Origin',(18.6,2.9,1.));
#11403=CARTESIAN_POINT('Origin',(17.625,2.9,2.5));
#11404=CARTESIAN_POINT('',(14.7,2.9,2.));
#11405=CARTESIAN_POINT('',(14.7,2.4,2.5));
#11406=CARTESIAN_POINT('Origin',(14.7,2.9,2.5));
#11407=CARTESIAN_POINT('',(17.625,2.4,2.5));
#11408=CARTESIAN_POINT('',(17.625,2.9,2.));
#11409=CARTESIAN_POINT('Origin',(14.7,2.9,1.));
#11410=CARTESIAN_POINT('',(14.5354478209546,2.9,1.986368379649));
#11411=CARTESIAN_POINT('',(14.4531717314318,2.4,2.4795525694735));
#11412=CARTESIAN_POINT('Origin',(14.4531717314318,2.9,2.4795525694735));
#11413=CARTESIAN_POINT('Origin',(14.7,2.4,1.));
#11414=CARTESIAN_POINT('Origin',(14.7,2.9,1.));
#11415=CARTESIAN_POINT('Ctrl Pts',(14.4531717314318,2.4,2.4795525694735));
#11416=CARTESIAN_POINT('Ctrl Pts',(14.3053298559916,2.4,2.40978041975848));
#11417=CARTESIAN_POINT('Ctrl Pts',(14.0944242039605,2.32077018356256,2.18800373691689));
#11418=CARTESIAN_POINT('Ctrl Pts',(13.8491681592868,2.12755982189253,1.715145756475));
#11419=CARTESIAN_POINT('Ctrl Pts',(13.754668154169,1.99158234331203,1.39450624983074));
#11420=CARTESIAN_POINT('Ctrl Pts',(13.7157590909184,1.90133153038916,1.17685996944161));
#11421=CARTESIAN_POINT('Ctrl Pts',(13.7154754766168,1.90066587518279,1.17525445271267));
#11422=CARTESIAN_POINT('Ctrl Pts',(13.7151922469878,1.9,1.17364817766693));
#11423=CARTESIAN_POINT('Ctrl Pts',(14.4747115612994,2.4,2.35043725050523));
#11424=CARTESIAN_POINT('Ctrl Pts',(14.3503319025943,2.41191157526399,2.29207619856203));
#11425=CARTESIAN_POINT('Ctrl Pts',(14.1342654022165,2.36384011359798,2.10881496332636));
#11426=CARTESIAN_POINT('Ctrl Pts',(13.8560397019051,2.16415976352386,1.68169596189104));
#11427=CARTESIAN_POINT('Ctrl Pts',(13.7524666958658,2.00683064023598,1.3821841995155));
#11428=CARTESIAN_POINT('Ctrl Pts',(13.7157288497855,1.90155352066282,1.17668158226008));
#11429=CARTESIAN_POINT('Ctrl Pts',(13.7154597416374,1.90077685437977,1.17516521520995));
#11430=CARTESIAN_POINT('Ctrl Pts',(13.7151922469878,1.9,1.17364817766693));
#11431=CARTESIAN_POINT('Ctrl Pts',(14.5176273988587,2.50829648199895,2.09318860512));
#11432=CARTESIAN_POINT('Ctrl Pts',(14.4104011522721,2.53008794931076,2.06210730510604));
#11433=CARTESIAN_POINT('Ctrl Pts',(14.176536755049,2.48796026617424,1.95651537926024));
#11434=CARTESIAN_POINT('Ctrl Pts',(13.8593999867375,2.23784109704689,1.61614491756135));
#11435=CARTESIAN_POINT('Ctrl Pts',(13.7481544889686,2.03711514955255,1.35743198207755));
#11436=CARTESIAN_POINT('Ctrl Pts',(13.7156670470182,1.90199858402662,1.17632550644266));
#11437=CARTESIAN_POINT('Ctrl Pts',(13.7154282716785,1.90099881277373,1.1749867402045));
#11438=CARTESIAN_POINT('Ctrl Pts',(13.7151922469878,1.9,1.17364817766693));
#11439=CARTESIAN_POINT('Ctrl Pts',(14.5354478209546,2.76910030610043,1.986368379649));
#11440=CARTESIAN_POINT('Ctrl Pts',(14.3819651002578,2.77658868221017,1.96100853548791));
#11441=CARTESIAN_POINT('Ctrl Pts',(14.1360953918162,2.65718867688536,1.85735274614298));
#11442=CARTESIAN_POINT('Ctrl Pts',(13.8427525514027,2.31619175109819,1.55822942265776));
#11443=CARTESIAN_POINT('Ctrl Pts',(13.7439324229233,2.06784677724605,1.33309583484963));
#11444=CARTESIAN_POINT('Ctrl Pts',(13.7156030647802,1.90244140705883,1.17596764818314));
#11445=CARTESIAN_POINT('Ctrl Pts',(13.7153968017197,1.90122077116769,1.17480826519906));
#11446=CARTESIAN_POINT('Ctrl Pts',(13.7151922469878,1.9,1.17364817766693));
#11447=CARTESIAN_POINT('Ctrl Pts',(14.5354478209546,2.9,1.986368379649));
#11448=CARTESIAN_POINT('Ctrl Pts',(14.3492517992648,2.9,1.95530598781771));
#11449=CARTESIAN_POINT('Ctrl Pts',(14.0975680165523,2.74154036712515,1.827041269531));
#11450=CARTESIAN_POINT('Ctrl Pts',(13.8293991914988,2.35511964378508,1.53025784323968));
#11451=CARTESIAN_POINT('Ctrl Pts',(13.7418539238958,2.08316468662413,1.32082616446913));
#11452=CARTESIAN_POINT('Ctrl Pts',(13.7155704781103,1.90266306077832,1.17578931308408));
#11453=CARTESIAN_POINT('Ctrl Pts',(13.7153810667403,1.90133175036467,1.17471902769633));
#11454=CARTESIAN_POINT('Ctrl Pts',(13.7151922469878,1.9,1.17364817766693));
#11455=CARTESIAN_POINT('',(13.7151922469878,1.9,1.17364817766693));
#11456=CARTESIAN_POINT('Ctrl Pts',(14.5354478209546,2.9,1.986368379649));
#11457=CARTESIAN_POINT('Ctrl Pts',(14.3492517992648,2.9,1.95530598781771));
#11458=CARTESIAN_POINT('Ctrl Pts',(14.0975680165523,2.74154036712515,1.827041269531));
#11459=CARTESIAN_POINT('Ctrl Pts',(13.8293991914988,2.35511964378508,1.53025784323968));
#11460=CARTESIAN_POINT('Ctrl Pts',(13.7418539238958,2.08316468662413,1.32082616446913));
#11461=CARTESIAN_POINT('Ctrl Pts',(13.7155704781103,1.90266306077832,1.17578931308408));
#11462=CARTESIAN_POINT('Ctrl Pts',(13.7153810667403,1.90133175036467,1.17471902769633));
#11463=CARTESIAN_POINT('Ctrl Pts',(13.7151922469878,1.9,1.17364817766693));
#11464=CARTESIAN_POINT('Ctrl Pts',(13.7151922469878,1.9,1.17364817766693));
#11465=CARTESIAN_POINT('Ctrl Pts',(13.7154754766168,1.90066587518279,1.17525445271267));
#11466=CARTESIAN_POINT('Ctrl Pts',(13.7157590909184,1.90133153038916,1.17685996944161));
#11467=CARTESIAN_POINT('Ctrl Pts',(13.754668154169,1.99158234331203,1.39450624983074));
#11468=CARTESIAN_POINT('Ctrl Pts',(13.8491681592868,2.12755982189253,1.715145756475));
#11469=CARTESIAN_POINT('Ctrl Pts',(14.0944242039605,2.32077018356256,2.18800373691689));
#11470=CARTESIAN_POINT('Ctrl Pts',(14.3053298559916,2.4,2.40978041975848));
#11471=CARTESIAN_POINT('Ctrl Pts',(14.4531717314318,2.4,2.4795525694735));
#11472=CARTESIAN_POINT('Origin',(14.7,0.8,1.));
#11473=CARTESIAN_POINT('',(14.7,15.1,2.));
#11474=CARTESIAN_POINT('',(14.7,15.6,2.));
#11475=CARTESIAN_POINT('',(14.7,15.1,0.));
#11476=CARTESIAN_POINT('Origin',(14.7,15.1,1.));
#11477=CARTESIAN_POINT('',(14.7,0.8,0.));
#11478=CARTESIAN_POINT('',(14.7,0.8,0.));
#11479=CARTESIAN_POINT('',(13.7151922469878,0.8,1.17364817766693));
#11480=CARTESIAN_POINT('Origin',(14.7,0.8,1.));
#11481=CARTESIAN_POINT('',(13.7151922469878,0.8,1.17364817766693));
#11482=CARTESIAN_POINT('Origin',(18.6,15.6,2.));
#11483=CARTESIAN_POINT('',(18.6,15.1,2.));
#11484=CARTESIAN_POINT('',(18.6,15.6,2.));
#11485=CARTESIAN_POINT('',(17.625,15.1,2.));
#11486=CARTESIAN_POINT('Origin',(18.6,0.,1.));
#11487=CARTESIAN_POINT('',(18.6,15.1,0.));
#11488=CARTESIAN_POINT('',(18.6,0.,0.));
#11489=CARTESIAN_POINT('Origin',(18.6,15.1,1.));
#11490=CARTESIAN_POINT('',(19.6,0.,1.));
#11491=CARTESIAN_POINT('Origin',(10.8,3.5,8.7));
#11492=CARTESIAN_POINT('',(10.8,4.5,10.6));
#11493=CARTESIAN_POINT('',(10.8,3.5,11.6));
#11494=CARTESIAN_POINT('Origin',(10.8,3.5,10.6));
#11495=CARTESIAN_POINT('',(13.6559424837354,3.5,8.1964202847659));
#11496=CARTESIAN_POINT('Origin',(10.8,3.5,8.7));
#11497=CARTESIAN_POINT('',(12.6711347307232,4.5,8.37006846243283));
#11498=CARTESIAN_POINT('Origin',(12.6711347307232,3.5,8.37006846243283));
#11499=CARTESIAN_POINT('Origin',(10.8,4.5,8.7));
#11500=CARTESIAN_POINT('Origin',(12.3030927208497,3.5,6.28279850298198));
#11501=CARTESIAN_POINT('',(12.8095729763348,3.5,3.3964202847659));
#11502=CARTESIAN_POINT('',(11.8247652233226,4.5,3.57006846243283));
#11503=CARTESIAN_POINT('Origin',(11.8247652233226,3.5,3.57006846243283));
#11504=CARTESIAN_POINT('',(12.3030927208497,4.5,6.28279850298198));
#11505=CARTESIAN_POINT('',(13.287900473862,3.5,6.10915032531505));
#11506=CARTESIAN_POINT('Origin',(9.95363049259937,3.5,3.9));
#11507=CARTESIAN_POINT('',(9.95363049259937,3.5,1.));
#11508=CARTESIAN_POINT('',(9.95363049259937,4.5,2.));
#11509=CARTESIAN_POINT('Origin',(9.95363049259937,3.5,2.));
#11510=CARTESIAN_POINT('Origin',(9.95363049259937,4.5,3.9));
#11511=CARTESIAN_POINT('Origin',(9.95363049259937,3.5,3.9));
#11512=CARTESIAN_POINT('Origin',(4.97681524629968,3.5,2.));
#11513=CARTESIAN_POINT('',(-9.95363049259937,3.5,0.999999999999999));
#11514=CARTESIAN_POINT('',(-9.95363049259937,4.5,2.));
#11515=CARTESIAN_POINT('Origin',(-9.95363049259937,3.5,2.));
#11516=CARTESIAN_POINT('',(4.97681524629968,4.5,2.));
#11517=CARTESIAN_POINT('',(4.97681524629968,3.5,1.));
#11518=CARTESIAN_POINT('Origin',(-9.95363049259937,3.5,3.9));
#11519=CARTESIAN_POINT('',(-12.8095729763348,3.5,3.3964202847659));
#11520=CARTESIAN_POINT('',(-11.8247652233226,4.5,3.57006846243283));
#11521=CARTESIAN_POINT('Origin',(-11.8247652233226,3.5,3.57006846243283));
#11522=CARTESIAN_POINT('Origin',(-9.95363049259937,4.5,3.9));
#11523=CARTESIAN_POINT('Origin',(-9.95363049259937,3.5,3.9));
#11524=CARTESIAN_POINT('Origin',(-11.8799079671494,3.5,3.88279850298198));
#11525=CARTESIAN_POINT('',(-13.6559424837354,3.5,8.1964202847659));
#11526=CARTESIAN_POINT('',(-12.6711347307232,4.5,8.37006846243283));
#11527=CARTESIAN_POINT('Origin',(-12.6711347307232,3.5,8.37006846243283));
#11528=CARTESIAN_POINT('',(-11.8799079671494,4.5,3.88279850298198));
#11529=CARTESIAN_POINT('',(-12.8647157201616,3.5,3.70915032531505));
#11530=CARTESIAN_POINT('Origin',(-10.8,3.5,8.7));
#11531=CARTESIAN_POINT('',(-10.8,3.5,11.6));
#11532=CARTESIAN_POINT('',(-10.8,4.5,10.6));
#11533=CARTESIAN_POINT('Origin',(-10.8,3.5,10.6));
#11534=CARTESIAN_POINT('Origin',(-10.8,4.5,8.7));
#11535=CARTESIAN_POINT('Origin',(-10.8,3.5,8.7));
#11536=CARTESIAN_POINT('Origin',(-5.4,3.5,10.6));
#11537=CARTESIAN_POINT('',(-5.4,4.5,10.6));
#11538=CARTESIAN_POINT('',(-5.4,3.5,11.6));
#11539=CARTESIAN_POINT('Origin',(9.95363049259937,0.8,1.));
#11540=CARTESIAN_POINT('',(9.95363049259937,1.3,1.));
#11541=CARTESIAN_POINT('',(9.95363049259937,0.8,1.));
#11542=CARTESIAN_POINT('',(-9.95363049259937,1.3,0.999999999999999));
#11543=CARTESIAN_POINT('',(4.97681524629968,1.3,1.));
#11544=CARTESIAN_POINT('',(-9.95363049259937,0.8,0.999999999999999));
#11545=CARTESIAN_POINT('Origin',(9.95363049259937,0.8,3.9));
#11546=CARTESIAN_POINT('',(12.8095729763348,1.3,3.3964202847659));
#11547=CARTESIAN_POINT('',(12.8095729763348,0.8,3.3964202847659));
#11548=CARTESIAN_POINT('Origin',(9.95363049259937,1.3,3.9));
#11549=CARTESIAN_POINT('Origin',(13.6559424837354,0.8,8.1964202847659));
#11550=CARTESIAN_POINT('',(13.6559424837354,1.3,8.1964202847659));
#11551=CARTESIAN_POINT('',(13.6559424837354,0.8,8.1964202847659));
#11552=CARTESIAN_POINT('',(13.287900473862,1.3,6.10915032531505));
#11553=CARTESIAN_POINT('Origin',(10.8,0.8,8.7));
#11554=CARTESIAN_POINT('',(10.8,1.3,11.6));
#11555=CARTESIAN_POINT('',(10.8,0.8,11.6));
#11556=CARTESIAN_POINT('Origin',(10.8,1.3,8.7));
#11557=CARTESIAN_POINT('Origin',(0.,4.5,6.3));
#11558=CARTESIAN_POINT('Origin',(-10.8,-5.4,8.7));
#11559=CARTESIAN_POINT('',(-10.8,-5.9,9.8));
#11560=CARTESIAN_POINT('',(-10.8,-5.4,10.3));
#11561=CARTESIAN_POINT('Origin',(-10.8,-5.4,9.8));
#11562=CARTESIAN_POINT('',(-12.3756924048195,-5.4,8.42216291573291));
#11563=CARTESIAN_POINT('Origin',(-10.8,-5.4,8.7));
#11564=CARTESIAN_POINT('',(-11.8832885283134,-5.9,8.50898700456638));
#11565=CARTESIAN_POINT('Origin',(-11.8832885283134,-5.4,8.50898700456638));
#11566=CARTESIAN_POINT('Origin',(-10.8,-5.9,8.7));
#11567=CARTESIAN_POINT('Origin',(-11.51524651844,-5.4,6.42171704511553));
#11568=CARTESIAN_POINT('',(-11.5293228974189,-5.4,3.62216291573291));
#11569=CARTESIAN_POINT('',(-11.0369190209128,-5.9,3.70898700456637));
#11570=CARTESIAN_POINT('Origin',(-11.0369190209128,-5.4,3.70898700456637));
#11571=CARTESIAN_POINT('',(-11.51524651844,-5.9,6.42171704511553));
#11572=CARTESIAN_POINT('',(-12.0076503949461,-5.4,6.33489295628206));
#11573=CARTESIAN_POINT('Origin',(-9.95363049259937,-5.4,3.9));
#11574=CARTESIAN_POINT('',(-9.95363049259937,-5.4,2.3));
#11575=CARTESIAN_POINT('',(-9.95363049259937,-5.9,2.8));
#11576=CARTESIAN_POINT('Origin',(-9.95363049259937,-5.4,2.8));
#11577=CARTESIAN_POINT('Origin',(-9.95363049259937,-5.9,3.9));
#11578=CARTESIAN_POINT('Origin',(-9.95363049259937,-5.4,3.9));
#11579=CARTESIAN_POINT('Origin',(-4.97681524629968,-5.4,2.8));
#11580=CARTESIAN_POINT('',(9.95363049259937,-5.4,2.3));
#11581=CARTESIAN_POINT('',(9.95363049259937,-5.9,2.8));
#11582=CARTESIAN_POINT('Origin',(9.95363049259937,-5.4,2.8));
#11583=CARTESIAN_POINT('',(-4.97681524629968,-5.9,2.8));
#11584=CARTESIAN_POINT('',(-4.97681524629968,-5.4,2.3));
#11585=CARTESIAN_POINT('Origin',(9.95363049259937,-5.4,3.9));
#11586=CARTESIAN_POINT('',(11.5293228974189,-5.4,3.62216291573291));
#11587=CARTESIAN_POINT('',(11.0369190209128,-5.9,3.70898700456638));
#11588=CARTESIAN_POINT('Origin',(11.0369190209128,-5.4,3.70898700456638));
#11589=CARTESIAN_POINT('Origin',(9.95363049259937,-5.9,3.9));
#11590=CARTESIAN_POINT('Origin',(9.95363049259937,-5.4,3.9));
#11591=CARTESIAN_POINT('Origin',(11.0920617647397,-5.4,4.02171704511553));
#11592=CARTESIAN_POINT('',(12.3756924048195,-5.4,8.42216291573292));
#11593=CARTESIAN_POINT('',(11.8832885283134,-5.9,8.50898700456638));
#11594=CARTESIAN_POINT('Origin',(11.8832885283134,-5.4,8.50898700456638));
#11595=CARTESIAN_POINT('',(11.0920617647397,-5.9,4.02171704511553));
#11596=CARTESIAN_POINT('',(11.5844656412458,-5.4,3.93489295628206));
#11597=CARTESIAN_POINT('Origin',(10.8,-5.4,8.7));
#11598=CARTESIAN_POINT('',(10.8,-5.4,10.3));
#11599=CARTESIAN_POINT('',(10.8,-5.9,9.8));
#11600=CARTESIAN_POINT('Origin',(10.8,-5.4,9.8));
#11601=CARTESIAN_POINT('Origin',(10.8,-5.9,8.7));
#11602=CARTESIAN_POINT('Origin',(10.8,-5.4,8.7));
#11603=CARTESIAN_POINT('Origin',(5.4,-5.4,9.8));
#11604=CARTESIAN_POINT('',(5.4,-5.9,9.8));
#11605=CARTESIAN_POINT('',(5.4,-5.4,10.3));
#11606=CARTESIAN_POINT('Origin',(-9.95363049259937,0.,2.3));
#11607=CARTESIAN_POINT('',(-9.95363049259937,-0.5,2.3));
#11608=CARTESIAN_POINT('',(-9.95363049259937,0.,2.3));
#11609=CARTESIAN_POINT('',(9.95363049259937,-0.5,2.3));
#11610=CARTESIAN_POINT('',(-4.97681524629968,-0.5,2.3));
#11611=CARTESIAN_POINT('',(9.95363049259937,0.,2.3));
#11612=CARTESIAN_POINT('Origin',(-9.95363049259937,0.,3.9));
#11613=CARTESIAN_POINT('',(-11.5293228974189,-0.5,3.62216291573291));
#11614=CARTESIAN_POINT('',(-11.5293228974189,0.,3.62216291573291));
#11615=CARTESIAN_POINT('Origin',(-9.95363049259937,-0.5,3.9));
#11616=CARTESIAN_POINT('Origin',(-12.3756924048195,0.,8.42216291573291));
#11617=CARTESIAN_POINT('',(-12.3756924048195,-0.5,8.42216291573291));
#11618=CARTESIAN_POINT('',(-12.3756924048195,0.,8.42216291573291));
#11619=CARTESIAN_POINT('',(-12.0076503949461,-0.5,6.33489295628206));
#11620=CARTESIAN_POINT('Origin',(-10.8,0.,8.7));
#11621=CARTESIAN_POINT('',(-10.8,-0.5,10.3));
#11622=CARTESIAN_POINT('',(-10.8,0.,10.3));
#11623=CARTESIAN_POINT('Origin',(-10.8,-0.5,8.7));
#11624=CARTESIAN_POINT('Origin',(0.,-5.9,6.3));
#11625=CARTESIAN_POINT('Origin',(10.8,-0.5,8.7));
#11626=CARTESIAN_POINT('',(10.8,-0.5,10.3));
#11627=CARTESIAN_POINT('Origin',(10.8,-0.5,10.8));
#11628=CARTESIAN_POINT('',(12.3756924048195,-0.5,8.42216291573292));
#11629=CARTESIAN_POINT('Origin',(10.8,-0.5,8.7));
#11630=CARTESIAN_POINT('Origin',(12.8680962813256,-0.5,8.33533882689945));
#11631=CARTESIAN_POINT('Origin',(12.0768695177519,-0.5,3.8480688674486));
#11632=CARTESIAN_POINT('',(11.5293228974189,-0.5,3.62216291573291));
#11633=CARTESIAN_POINT('Origin',(12.021726773925,-0.5,3.53533882689945));
#11634=CARTESIAN_POINT('',(11.5844656412458,-0.5,3.93489295628206));
#11635=CARTESIAN_POINT('Origin',(9.95363049259937,-0.5,3.9));
#11636=CARTESIAN_POINT('Origin',(9.95363049259937,-0.5,1.8));
#11637=CARTESIAN_POINT('Origin',(9.95363049259937,-0.5,3.9));
#11638=CARTESIAN_POINT('Origin',(-4.97681524629968,-0.5,1.8));
#11639=CARTESIAN_POINT('Origin',(-9.95363049259937,-0.5,1.8));
#11640=CARTESIAN_POINT('Origin',(-9.95363049259937,-0.5,3.9));
#11641=CARTESIAN_POINT('Origin',(-12.021726773925,-0.5,3.53533882689945));
#11642=CARTESIAN_POINT('Origin',(-12.5000542714522,-0.5,6.24806886744859));
#11643=CARTESIAN_POINT('Origin',(-12.8680962813256,-0.5,8.33533882689945));
#11644=CARTESIAN_POINT('Origin',(-10.8,-0.5,8.7));
#11645=CARTESIAN_POINT('Origin',(-10.8,-0.5,10.8));
#11646=CARTESIAN_POINT('Origin',(5.4,-0.5,10.8));
#11647=CARTESIAN_POINT('',(5.4,-0.5,10.3));
#11648=CARTESIAN_POINT('Origin',(9.95363049259937,0.,3.9));
#11649=CARTESIAN_POINT('',(11.5293228974189,0.,3.62216291573291));
#11650=CARTESIAN_POINT('Origin',(11.5293228974189,0.,3.62216291573291));
#11651=CARTESIAN_POINT('',(12.3756924048195,0.,8.42216291573292));
#11652=CARTESIAN_POINT('Origin',(10.8,0.,8.7));
#11653=CARTESIAN_POINT('',(10.8,0.,10.3));
#11654=CARTESIAN_POINT('Origin',(-10.8,1.3,8.7));
#11655=CARTESIAN_POINT('',(-10.8,0.8,12.1));
#11656=CARTESIAN_POINT('',(-10.8,1.3,11.6));
#11657=CARTESIAN_POINT('Origin',(-10.8,1.3,12.1));
#11658=CARTESIAN_POINT('',(-13.6559424837354,1.3,8.1964202847659));
#11659=CARTESIAN_POINT('Origin',(-10.8,1.3,8.7));
#11660=CARTESIAN_POINT('',(-14.1483463602415,0.8,8.10959619593244));
#11661=CARTESIAN_POINT('Origin',(-14.1483463602415,1.3,8.10959619593244));
#11662=CARTESIAN_POINT('Origin',(-10.8,0.8,8.7));
#11663=CARTESIAN_POINT('Origin',(-13.3571195966677,1.3,3.62232623648158));
#11664=CARTESIAN_POINT('',(-12.8095729763348,1.3,3.3964202847659));
#11665=CARTESIAN_POINT('',(-13.3019768528409,0.8,3.30959619593244));
#11666=CARTESIAN_POINT('Origin',(-13.3019768528409,1.3,3.30959619593244));
#11667=CARTESIAN_POINT('',(-13.3571195966677,0.8,3.62232623648158));
#11668=CARTESIAN_POINT('',(-12.8647157201616,1.3,3.70915032531505));
#11669=CARTESIAN_POINT('Origin',(-9.95363049259937,1.3,3.9));
#11670=CARTESIAN_POINT('',(-9.95363049259937,0.8,0.5));
#11671=CARTESIAN_POINT('Origin',(-9.95363049259937,1.3,0.5));
#11672=CARTESIAN_POINT('Origin',(-9.95363049259937,0.8,3.9));
#11673=CARTESIAN_POINT('Origin',(-9.95363049259937,1.3,3.9));
#11674=CARTESIAN_POINT('Origin',(4.97681524629968,1.3,0.500000000000002));
#11675=CARTESIAN_POINT('',(9.95363049259937,0.8,0.500000000000002));
#11676=CARTESIAN_POINT('Origin',(9.95363049259937,1.3,0.500000000000002));
#11677=CARTESIAN_POINT('',(4.97681524629968,0.8,0.500000000000002));
#11678=CARTESIAN_POINT('Origin',(9.95363049259937,1.3,3.9));
#11679=CARTESIAN_POINT('',(13.3019768528409,0.8,3.30959619593244));
#11680=CARTESIAN_POINT('Origin',(13.3019768528409,1.3,3.30959619593244));
#11681=CARTESIAN_POINT('Origin',(9.95363049259937,0.8,3.9));
#11682=CARTESIAN_POINT('Origin',(13.7803043503681,1.3,6.02232623648159));
#11683=CARTESIAN_POINT('',(14.1483463602415,0.8,8.10959619593244));
#11684=CARTESIAN_POINT('Origin',(14.1483463602415,1.3,8.10959619593244));
#11685=CARTESIAN_POINT('',(13.7803043503681,0.8,6.02232623648159));
#11686=CARTESIAN_POINT('Origin',(10.8,1.3,8.7));
#11687=CARTESIAN_POINT('',(10.8,0.8,12.1));
#11688=CARTESIAN_POINT('Origin',(10.8,1.3,12.1));
#11689=CARTESIAN_POINT('Origin',(10.8,0.8,8.7));
#11690=CARTESIAN_POINT('Origin',(-5.4,1.3,12.1));
#11691=CARTESIAN_POINT('',(-5.4,0.8,12.1));
#11692=CARTESIAN_POINT('',(-5.4,1.3,11.6));
#11693=CARTESIAN_POINT('Origin',(-9.95363049259937,0.8,3.9));
#11694=CARTESIAN_POINT('',(-12.8095729763348,0.8,3.3964202847659));
#11695=CARTESIAN_POINT('Origin',(-12.8095729763348,0.8,3.3964202847659));
#11696=CARTESIAN_POINT('',(-13.6559424837354,0.8,8.1964202847659));
#11697=CARTESIAN_POINT('Origin',(-10.8,0.8,8.7));
#11698=CARTESIAN_POINT('',(-10.8,0.8,11.6));
#11699=CARTESIAN_POINT('Origin',(0.,0.8,6.3));
#11700=CARTESIAN_POINT('',(-15.5842582424975,0.8,11.7736481776669));
#11701=CARTESIAN_POINT('',(-14.8812723160374,0.8,7.78681687348642));
#11702=CARTESIAN_POINT('Origin',(-16.5690659955097,0.8,11.6));
#11703=CARTESIAN_POINT('',(15.5842582424975,0.8,11.7736481776669));
#11704=CARTESIAN_POINT('Origin',(16.5690659955097,0.8,11.6));
#11705=CARTESIAN_POINT('',(13.9467393182825,0.8,2.48681687348642));
#11706=CARTESIAN_POINT('',(18.6,0.8,0.));
#11707=CARTESIAN_POINT('Ctrl Pts',(-14.7,15.1,2.));
#11708=CARTESIAN_POINT('Ctrl Pts',(-13.7,15.1,2.));
#11709=CARTESIAN_POINT('Ctrl Pts',(-13.7,15.1,1.));
#11710=CARTESIAN_POINT('Ctrl Pts',(-13.7,15.1,2.77555756156289E-16));
#11711=CARTESIAN_POINT('Ctrl Pts',(-14.7,15.1,0.));
#11712=CARTESIAN_POINT('Ctrl Pts',(-14.7,15.6,2.));
#11713=CARTESIAN_POINT('Ctrl Pts',(-13.7,15.6,2.));
#11714=CARTESIAN_POINT('Ctrl Pts',(-13.7,15.6,1.));
#11715=CARTESIAN_POINT('Ctrl Pts',(-13.7,15.6,2.77555756156289E-16));
#11716=CARTESIAN_POINT('Ctrl Pts',(-14.7,15.6,0.));
#11717=CARTESIAN_POINT('Ctrl Pts',(-14.7,15.6,1.5));
#11718=CARTESIAN_POINT('Ctrl Pts',(-14.2,15.6,1.5));
#11719=CARTESIAN_POINT('Ctrl Pts',(-14.2,15.6,1.));
#11720=CARTESIAN_POINT('Ctrl Pts',(-14.2,15.6,0.500000000000001));
#11721=CARTESIAN_POINT('Ctrl Pts',(-14.7,15.6,0.5));
#11722=CARTESIAN_POINT('',(-14.7,15.6,1.5));
#11723=CARTESIAN_POINT('Origin',(-14.7,15.1,1.5));
#11724=CARTESIAN_POINT('',(-14.7,15.6,0.5));
#11725=CARTESIAN_POINT('Origin',(-14.7,15.1,0.5));
#11726=CARTESIAN_POINT('Origin',(-14.7,15.6,1.));
#11727=CARTESIAN_POINT('Origin',(0.975,15.1,0.500000000000004));
#11728=CARTESIAN_POINT('',(-18.6,15.6,0.500000000000008));
#11729=CARTESIAN_POINT('Origin',(-18.6,15.1,0.500000000000008));
#11730=CARTESIAN_POINT('',(0.975,15.6,0.500000000000004));
#11731=CARTESIAN_POINT('',(0.975,15.1,3.53883589099269E-15));
#11732=CARTESIAN_POINT('Ctrl Pts',(-18.6,15.1,7.21644966006352E-15));
#11733=CARTESIAN_POINT('Ctrl Pts',(-19.6,15.1,8.32667268468867E-15));
#11734=CARTESIAN_POINT('Ctrl Pts',(-19.6,15.1,1.00000000000001));
#11735=CARTESIAN_POINT('Ctrl Pts',(-19.6,15.1,2.00000000000001));
#11736=CARTESIAN_POINT('Ctrl Pts',(-18.6,15.1,2.00000000000001));
#11737=CARTESIAN_POINT('Ctrl Pts',(-18.6,15.6,7.21644966006352E-15));
#11738=CARTESIAN_POINT('Ctrl Pts',(-19.6,15.6,8.32667268468867E-15));
#11739=CARTESIAN_POINT('Ctrl Pts',(-19.6,15.6,1.00000000000001));
#11740=CARTESIAN_POINT('Ctrl Pts',(-19.6,15.6,2.00000000000001));
#11741=CARTESIAN_POINT('Ctrl Pts',(-18.6,15.6,2.00000000000001));
#11742=CARTESIAN_POINT('Ctrl Pts',(-18.6,15.6,0.500000000000007));
#11743=CARTESIAN_POINT('Ctrl Pts',(-19.1,15.6,0.500000000000008));
#11744=CARTESIAN_POINT('Ctrl Pts',(-19.1,15.6,1.00000000000001));
#11745=CARTESIAN_POINT('Ctrl Pts',(-19.1,15.6,1.50000000000001));
#11746=CARTESIAN_POINT('Ctrl Pts',(-18.6,15.6,1.50000000000001));
#11747=CARTESIAN_POINT('',(-18.6,15.6,1.50000000000001));
#11748=CARTESIAN_POINT('Origin',(-18.6,15.1,1.50000000000001));
#11749=CARTESIAN_POINT('Origin',(-18.6,15.6,1.00000000000001));
#11750=CARTESIAN_POINT('Origin',(-15.675,15.1,1.5));
#11751=CARTESIAN_POINT('',(-15.675,15.6,1.5));
#11752=CARTESIAN_POINT('Origin',(18.6,0.,0.));
#11753=CARTESIAN_POINT('',(17.625,15.1,2.08166817117217E-16));
#11754=CARTESIAN_POINT('Origin',(-16.65,15.6,1.));
#11755=CARTESIAN_POINT('Ctrl Pts',(18.6,15.1,2.));
#11756=CARTESIAN_POINT('Ctrl Pts',(19.6,15.1,2.));
#11757=CARTESIAN_POINT('Ctrl Pts',(19.6,15.1,1.));
#11758=CARTESIAN_POINT('Ctrl Pts',(19.6,15.1,2.77555756156289E-16));
#11759=CARTESIAN_POINT('Ctrl Pts',(18.6,15.1,0.));
#11760=CARTESIAN_POINT('Ctrl Pts',(18.6,15.6,2.));
#11761=CARTESIAN_POINT('Ctrl Pts',(19.6,15.6,2.));
#11762=CARTESIAN_POINT('Ctrl Pts',(19.6,15.6,1.));
#11763=CARTESIAN_POINT('Ctrl Pts',(19.6,15.6,2.77555756156289E-16));
#11764=CARTESIAN_POINT('Ctrl Pts',(18.6,15.6,0.));
#11765=CARTESIAN_POINT('Ctrl Pts',(18.6,15.6,1.5));
#11766=CARTESIAN_POINT('Ctrl Pts',(19.1,15.6,1.5));
#11767=CARTESIAN_POINT('Ctrl Pts',(19.1,15.6,1.));
#11768=CARTESIAN_POINT('Ctrl Pts',(19.1,15.6,0.500000000000001));
#11769=CARTESIAN_POINT('Ctrl Pts',(18.6,15.6,0.5));
#11770=CARTESIAN_POINT('',(18.6,15.6,1.5));
#11771=CARTESIAN_POINT('Origin',(18.6,15.1,1.5));
#11772=CARTESIAN_POINT('',(18.6,15.6,0.5));
#11773=CARTESIAN_POINT('Origin',(18.6,15.1,0.5));
#11774=CARTESIAN_POINT('Origin',(18.6,15.6,1.));
#11775=CARTESIAN_POINT('Origin',(17.625,15.1,0.5));
#11776=CARTESIAN_POINT('',(14.7,15.6,0.500000000000001));
#11777=CARTESIAN_POINT('Origin',(14.7,15.1,0.500000000000001));
#11778=CARTESIAN_POINT('',(17.625,15.6,0.5));
#11779=CARTESIAN_POINT('Ctrl Pts',(14.7,15.1,0.));
#11780=CARTESIAN_POINT('Ctrl Pts',(13.7,15.1,2.77555756156289E-16));
#11781=CARTESIAN_POINT('Ctrl Pts',(13.7,15.1,1.));
#11782=CARTESIAN_POINT('Ctrl Pts',(13.7,15.1,2.));
#11783=CARTESIAN_POINT('Ctrl Pts',(14.7,15.1,2.));
#11784=CARTESIAN_POINT('Ctrl Pts',(14.7,15.6,0.));
#11785=CARTESIAN_POINT('Ctrl Pts',(13.7,15.6,2.77555756156289E-16));
#11786=CARTESIAN_POINT('Ctrl Pts',(13.7,15.6,1.));
#11787=CARTESIAN_POINT('Ctrl Pts',(13.7,15.6,2.));
#11788=CARTESIAN_POINT('Ctrl Pts',(14.7,15.6,2.));
#11789=CARTESIAN_POINT('Ctrl Pts',(14.7,15.6,0.500000000000001));
#11790=CARTESIAN_POINT('Ctrl Pts',(14.2,15.6,0.500000000000001));
#11791=CARTESIAN_POINT('Ctrl Pts',(14.2,15.6,1.));
#11792=CARTESIAN_POINT('Ctrl Pts',(14.2,15.6,1.5));
#11793=CARTESIAN_POINT('Ctrl Pts',(14.7,15.6,1.5));
#11794=CARTESIAN_POINT('',(14.7,15.6,1.5));
#11795=CARTESIAN_POINT('Origin',(14.7,15.1,1.5));
#11796=CARTESIAN_POINT('Origin',(14.7,15.6,1.));
#11797=CARTESIAN_POINT('Origin',(17.625,15.1,1.5));
#11798=CARTESIAN_POINT('',(17.625,15.6,1.5));
#11799=CARTESIAN_POINT('Origin',(16.65,15.6,1.));
#11800=CARTESIAN_POINT('Origin',(-19.1,1.9,3.65));
#11801=CARTESIAN_POINT('',(-19.1,2.4,11.6));
#11802=CARTESIAN_POINT('Origin',(-19.1,1.9,11.6));
#11803=CARTESIAN_POINT('',(-19.1,2.4,3.65));
#11804=CARTESIAN_POINT('Ctrl Pts',(-19.6,1.9,11.6));
#11805=CARTESIAN_POINT('Ctrl Pts',(-19.6,1.9,12.6));
#11806=CARTESIAN_POINT('Ctrl Pts',(-18.6,1.9,12.6));
#11807=CARTESIAN_POINT('Ctrl Pts',(-19.6,2.4,11.6));
#11808=CARTESIAN_POINT('Ctrl Pts',(-19.6,2.4,12.6));
#11809=CARTESIAN_POINT('Ctrl Pts',(-18.6,2.4,12.6));
#11810=CARTESIAN_POINT('Ctrl Pts',(-19.1,2.4,11.6));
#11811=CARTESIAN_POINT('Ctrl Pts',(-19.1,2.4,12.1));
#11812=CARTESIAN_POINT('Ctrl Pts',(-18.6,2.4,12.1));
#11813=CARTESIAN_POINT('',(-18.6,2.4,12.1));
#11814=CARTESIAN_POINT('Origin',(-18.6,1.9,12.1));
#11815=CARTESIAN_POINT('Origin',(-18.6,2.4,11.6));
#11816=CARTESIAN_POINT('Origin',(-17.625,1.9,12.1));
#11817=CARTESIAN_POINT('',(-16.5690659955097,2.4,12.1));
#11818=CARTESIAN_POINT('Origin',(-16.5690659955097,1.9,12.1));
#11819=CARTESIAN_POINT('',(-17.625,2.4,12.1));
#11820=CARTESIAN_POINT('Ctrl Pts',(-16.5690659955097,1.9,12.6));
#11821=CARTESIAN_POINT('Ctrl Pts',(-15.7299663643325,1.9,12.6));
#11822=CARTESIAN_POINT('Ctrl Pts',(-15.5842582424975,1.9,11.7736481776669));
#11823=CARTESIAN_POINT('Ctrl Pts',(-16.5690659955097,2.4,12.6));
#11824=CARTESIAN_POINT('Ctrl Pts',(-15.7299663643325,2.4,12.6));
#11825=CARTESIAN_POINT('Ctrl Pts',(-15.5842582424975,2.4,11.7736481776669));
#11826=CARTESIAN_POINT('Ctrl Pts',(-16.5690659955097,2.4,12.1));
#11827=CARTESIAN_POINT('Ctrl Pts',(-16.1495161799211,2.4,12.1));
#11828=CARTESIAN_POINT('Ctrl Pts',(-16.0766621190036,2.4,11.6868240888335));
#11829=CARTESIAN_POINT('',(-15.5842582424975,1.9,11.7736481776669));
#11830=CARTESIAN_POINT('',(-16.0766621190036,2.4,11.6868240888335));
#11831=CARTESIAN_POINT('Origin',(-16.0766621190036,1.9,11.6868240888335));
#11832=CARTESIAN_POINT('Origin',(-16.5690659955097,2.4,11.6));
#11833=CARTESIAN_POINT('Origin',(-16.5690659955097,1.9,11.6));
#11834=CARTESIAN_POINT('Origin',(-15.6247056585221,1.9,9.12365163124605));
#11835=CARTESIAN_POINT('',(-15.6247056585221,2.4,9.12365163124605));
#11836=CARTESIAN_POINT('',(-15.132301782016,1.9,9.21047572007952));
#11837=CARTESIAN_POINT('Origin',(-15.5842582424975,0.8,11.7736481776669));
#11838=CARTESIAN_POINT('',(-15.5842582424975,0.8,11.7736481776669));
#11839=CARTESIAN_POINT('Origin',(-16.5690659955097,0.8,11.6));
#11840=CARTESIAN_POINT('Origin',(14.6901726607673,1.9,3.82365163124606));
#11841=CARTESIAN_POINT('',(15.5842582424975,1.9,11.7736481776669));
#11842=CARTESIAN_POINT('',(14.1977687842612,1.9,3.91047572007952));
#11843=CARTESIAN_POINT('',(16.0766621190036,2.4,11.6868240888335));
#11844=CARTESIAN_POINT('Origin',(16.0766621190036,1.9,11.6868240888335));
#11845=CARTESIAN_POINT('',(14.6901726607673,2.4,3.82365163124606));
#11846=CARTESIAN_POINT('Ctrl Pts',(15.5842582424975,1.9,11.7736481776669));
#11847=CARTESIAN_POINT('Ctrl Pts',(15.7299663643325,1.9,12.6));
#11848=CARTESIAN_POINT('Ctrl Pts',(16.5690659955097,1.9,12.6));
#11849=CARTESIAN_POINT('Ctrl Pts',(15.5842582424975,2.4,11.7736481776669));
#11850=CARTESIAN_POINT('Ctrl Pts',(15.7299663643325,2.4,12.6));
#11851=CARTESIAN_POINT('Ctrl Pts',(16.5690659955097,2.4,12.6));
#11852=CARTESIAN_POINT('Ctrl Pts',(16.0766621190036,2.4,11.6868240888335));
#11853=CARTESIAN_POINT('Ctrl Pts',(16.1495161799211,2.4,12.1));
#11854=CARTESIAN_POINT('Ctrl Pts',(16.5690659955097,2.4,12.1));
#11855=CARTESIAN_POINT('',(16.5690659955097,2.4,12.1));
#11856=CARTESIAN_POINT('Origin',(16.5690659955097,1.9,12.1));
#11857=CARTESIAN_POINT('Origin',(16.5690659955097,2.4,11.6));
#11858=CARTESIAN_POINT('Origin',(16.5690659955097,1.9,11.6));
#11859=CARTESIAN_POINT('Origin',(-0.974999999999996,1.9,12.1));
#11860=CARTESIAN_POINT('',(18.6,2.4,12.1));
#11861=CARTESIAN_POINT('Origin',(18.6,1.9,12.1));
#11862=CARTESIAN_POINT('',(-0.974999999999996,2.4,12.1));
#11863=CARTESIAN_POINT('Ctrl Pts',(18.6,1.9,12.6));
#11864=CARTESIAN_POINT('Ctrl Pts',(19.6,1.9,12.6));
#11865=CARTESIAN_POINT('Ctrl Pts',(19.6,1.9,11.6));
#11866=CARTESIAN_POINT('Ctrl Pts',(18.6,2.4,12.6));
#11867=CARTESIAN_POINT('Ctrl Pts',(19.6,2.4,12.6));
#11868=CARTESIAN_POINT('Ctrl Pts',(19.6,2.4,11.6));
#11869=CARTESIAN_POINT('Ctrl Pts',(18.6,2.4,12.1));
#11870=CARTESIAN_POINT('Ctrl Pts',(19.1,2.4,12.1));
#11871=CARTESIAN_POINT('Ctrl Pts',(19.1,2.4,11.6));
#11872=CARTESIAN_POINT('',(19.1,2.4,11.6));
#11873=CARTESIAN_POINT('Origin',(19.1,1.9,11.6));
#11874=CARTESIAN_POINT('Origin',(18.6,2.4,11.6));
#11875=CARTESIAN_POINT('Origin',(19.1,1.9,8.94999999999999));
#11876=CARTESIAN_POINT('',(19.1,2.4,8.94999999999999));
#11877=CARTESIAN_POINT('',(19.6,1.9,8.94999999999999));
#11878=CARTESIAN_POINT('Origin',(19.6,0.,11.6));
#11879=CARTESIAN_POINT('Origin',(16.5690659955097,0.8,11.6));
#11880=CARTESIAN_POINT('',(15.5842582424975,0.8,11.7736481776669));
#11881=CARTESIAN_POINT('Origin',(13.7151922469878,0.8,1.17364817766693));
#11882=CARTESIAN_POINT('Origin',(-16.65,46.4505112996617,6.3));
#11883=CARTESIAN_POINT('',(-17.72823,2.4,6.3));
#11884=CARTESIAN_POINT('',(-17.72823,46.4505112996617,6.3));
#11885=CARTESIAN_POINT('Origin',(-16.65,2.4,6.3));
#11886=CARTESIAN_POINT('Origin',(16.65,46.4505112996617,6.3));
#11887=CARTESIAN_POINT('',(15.57177,2.4,6.3));
#11888=CARTESIAN_POINT('',(15.57177,46.4505112996617,6.3));
#11889=CARTESIAN_POINT('Origin',(16.65,2.4,6.3));
#11890=CARTESIAN_POINT('Origin',(16.65,2.4,6.3));
#11891=CARTESIAN_POINT('Origin',(-16.65,2.4,6.3));
#11892=CARTESIAN_POINT('Origin',(-10.8,0.8,11.6));
#11893=CARTESIAN_POINT('Origin',(10.8,0.,10.3));
#11894=CARTESIAN_POINT('',(0.,0.,0.));
#11895=CARTESIAN_POINT('Origin',(0.,0.,0.388741809625835));
#11896=CARTESIAN_POINT('',(-1.07823,-1.32045091824465E-16,0.7));
#11897=CARTESIAN_POINT('Origin',(0.,0.,0.7));
#11898=CARTESIAN_POINT('',(0.,0.,0.0774836192516698));
#11899=CARTESIAN_POINT('',(-0.539115,-6.60225459122325E-17,0.388741809625835));
#11900=CARTESIAN_POINT('Origin',(0.,0.,4.739115));
#11901=CARTESIAN_POINT('',(-1.6,-1.95943487863577E-16,5.));
#11902=CARTESIAN_POINT('Origin',(0.,0.,5.));
#11903=CARTESIAN_POINT('',(-1.07823,-1.32045091824465E-16,4.47823));
#11904=CARTESIAN_POINT('',(-1.339115,-1.63994289844021E-16,4.739115));
#11905=CARTESIAN_POINT('Origin',(0.,0.,4.47823));
#11906=CARTESIAN_POINT('Origin',(0.,0.,2.85));
#11907=CARTESIAN_POINT('',(-1.07823,-1.32045091824465E-16,2.85));
#11908=CARTESIAN_POINT('Origin',(0.,0.,0.736121593216773));
#11909=CARTESIAN_POINT('',(1.24130307875769,2.35000000000001,0.293116826106831));
#11910=CARTESIAN_POINT('',(1.41450815951458,2.25000000000001,0.293116826106831));
#11911=CARTESIAN_POINT('Ctrl Pts',(1.24130307875769,2.35000000000001,0.293116826106831));
#11912=CARTESIAN_POINT('Ctrl Pts',(1.24815709289629,2.35000000000001,0.294965061787542));
#11913=CARTESIAN_POINT('Ctrl Pts',(1.25506306309459,2.34964648872737,0.296658861349604));
#11914=CARTESIAN_POINT('Ctrl Pts',(1.28986659646997,2.34603278221105,0.304330763570187));
#11915=CARTESIAN_POINT('Ctrl Pts',(1.31763465779608,2.33687004997038,0.307500308413569));
#11916=CARTESIAN_POINT('Ctrl Pts',(1.3649714997193,2.30954011154342,0.307500308413569));
#11917=CARTESIAN_POINT('Ctrl Pts',(1.38679068927085,2.2900736311415,0.304330763570187));
#11918=CARTESIAN_POINT('Ctrl Pts',(1.4073220176035,2.26173974035513,0.296658861349603));
#11919=CARTESIAN_POINT('Ctrl Pts',(1.41108115244528,2.25593575036194,0.294965061787542));
#11920=CARTESIAN_POINT('Ctrl Pts',(1.41450815951458,2.25000000000001,0.293116826106831));
#11921=CARTESIAN_POINT('',(2.65581123827228,0.100000000000013,0.293116826106826));
#11922=CARTESIAN_POINT('Ctrl Pts',(2.65581123827228,0.100000000000013,0.293116826106826));
#11923=CARTESIAN_POINT('Ctrl Pts',(2.03515969889343,1.17500000000001,-0.0416097435126298));
#11924=CARTESIAN_POINT('Ctrl Pts',(1.41450815951458,2.25000000000001,0.293116826106831));
#11925=CARTESIAN_POINT('',(2.6826061575154,-3.28524504417422E-16,0.307500308413569));
#11926=CARTESIAN_POINT('Ctrl Pts',(2.65581123827228,0.100000000000013,0.293116826106826));
#11927=CARTESIAN_POINT('Ctrl Pts',(2.65923824534158,0.0940642496380905,
0.294965061787537));
#11928=CARTESIAN_POINT('Ctrl Pts',(2.6623850806981,0.0879067483722591,0.296658861349599));
#11929=CARTESIAN_POINT('Ctrl Pts',(2.67665728574083,0.0559591510695592,
0.304330763570182));
#11930=CARTESIAN_POINT('Ctrl Pts',(2.68260615751539,0.0273299384269682,
0.307500308413564));
#11931=CARTESIAN_POINT('Ctrl Pts',(2.68260615751539,1.38799562121594E-14,
0.307500308413564));
#11932=CARTESIAN_POINT('',(2.15,-2.63299061816681E-16,-1.38777878078145E-16));
#11933=CARTESIAN_POINT('',(3.425,-4.19441528707969E-16,0.736121593216773));
#11934=CARTESIAN_POINT('Origin',(0.,0.,0.));
#11935=CARTESIAN_POINT('',(2.65581123827228,-0.099999999999987,0.293116826106826));
#11936=CARTESIAN_POINT('Ctrl Pts',(2.68260615751539,1.38799562121594E-14,
0.307500308413564));
#11937=CARTESIAN_POINT('Ctrl Pts',(2.68260615751539,-0.0273299384269405,
0.307500308413564));
#11938=CARTESIAN_POINT('Ctrl Pts',(2.67665728574083,-0.0559591510695317,
0.304330763570182));
#11939=CARTESIAN_POINT('Ctrl Pts',(2.6623850806981,-0.0879067483722322,
0.296658861349598));
#11940=CARTESIAN_POINT('Ctrl Pts',(2.65923824534158,-0.0940642496380639,
0.294965061787536));
#11941=CARTESIAN_POINT('Ctrl Pts',(2.65581123827228,-0.099999999999987,
0.293116826106826));
#11942=CARTESIAN_POINT('',(1.41450815951459,-2.24999999999999,0.293116826106819));
#11943=CARTESIAN_POINT('Ctrl Pts',(1.41450815951459,-2.24999999999999,0.293116826106819));
#11944=CARTESIAN_POINT('Ctrl Pts',(2.03515969889343,-1.17499999999999,-0.041609743512635));
#11945=CARTESIAN_POINT('Ctrl Pts',(2.65581123827228,-0.099999999999987,
0.293116826106826));
#11946=CARTESIAN_POINT('',(1.2413030787577,-2.34999999999999,0.293116826106819));
#11947=CARTESIAN_POINT('Ctrl Pts',(1.41450815951459,-2.24999999999999,0.293116826106819));
#11948=CARTESIAN_POINT('Ctrl Pts',(1.41108115244529,-2.25593575036191,0.29496506178753));
#11949=CARTESIAN_POINT('Ctrl Pts',(1.4073220176035,-2.2617397403551,0.296658861349592));
#11950=CARTESIAN_POINT('Ctrl Pts',(1.38679068927086,-2.29007363114148,0.304330763570175));
#11951=CARTESIAN_POINT('Ctrl Pts',(1.36497149971931,-2.3095401115434,0.307500308413557));
#11952=CARTESIAN_POINT('Ctrl Pts',(1.31763465779609,-2.33687004997035,0.307500308413557));
#11953=CARTESIAN_POINT('Ctrl Pts',(1.28986659646998,-2.34603278221102,0.304330763570175));
#11954=CARTESIAN_POINT('Ctrl Pts',(1.2550630630946,-2.34964648872735,0.296658861349592));
#11955=CARTESIAN_POINT('Ctrl Pts',(1.2481570928963,-2.34999999999999,0.29496506178753));
#11956=CARTESIAN_POINT('Ctrl Pts',(1.2413030787577,-2.34999999999999,0.293116826106819));
#11957=CARTESIAN_POINT('',(-1.24130307875769,-2.34999999999999,0.293116826106819));
#11958=CARTESIAN_POINT('Ctrl Pts',(-1.24130307875769,-2.34999999999999,
0.293116826106819));
#11959=CARTESIAN_POINT('Ctrl Pts',(-1.38777878078145E-16,-2.34999999999999,
-0.0416097435126393));
#11960=CARTESIAN_POINT('Ctrl Pts',(1.2413030787577,-2.34999999999999,0.293116826106819));
#11961=CARTESIAN_POINT('',(-1.41450815951458,-2.24999999999999,0.293116826106819));
#11962=CARTESIAN_POINT('Ctrl Pts',(-1.24130307875769,-2.34999999999999,
0.293116826106819));
#11963=CARTESIAN_POINT('Ctrl Pts',(-1.24815709289629,-2.34999999999999,
0.294965061787529));
#11964=CARTESIAN_POINT('Ctrl Pts',(-1.2550630630946,-2.34964648872735,0.296658861349591));
#11965=CARTESIAN_POINT('Ctrl Pts',(-1.28986659646998,-2.34603278221102,
0.304330763570175));
#11966=CARTESIAN_POINT('Ctrl Pts',(-1.31763465779609,-2.33687004997035,
0.307500308413556));
#11967=CARTESIAN_POINT('Ctrl Pts',(-1.3649714997193,-2.3095401115434,0.307500308413556));
#11968=CARTESIAN_POINT('Ctrl Pts',(-1.38679068927085,-2.29007363114148,
0.304330763570175));
#11969=CARTESIAN_POINT('Ctrl Pts',(-1.4073220176035,-2.2617397403551,0.296658861349591));
#11970=CARTESIAN_POINT('Ctrl Pts',(-1.41108115244528,-2.25593575036191,
0.29496506178753));
#11971=CARTESIAN_POINT('Ctrl Pts',(-1.41450815951458,-2.24999999999999,
0.293116826106819));
#11972=CARTESIAN_POINT('',(-2.65581123827228,-0.0999999999999913,0.293116826106824));
#11973=CARTESIAN_POINT('Ctrl Pts',(-2.65581123827228,-0.0999999999999913,
0.293116826106824));
#11974=CARTESIAN_POINT('Ctrl Pts',(-2.03515969889343,-1.17499999999999,
-0.0416097435126356));
#11975=CARTESIAN_POINT('Ctrl Pts',(-1.41450815951458,-2.24999999999999,
0.293116826106819));
#11976=CARTESIAN_POINT('',(-2.65581123827228,0.100000000000009,0.293116826106825));
#11977=CARTESIAN_POINT('Ctrl Pts',(-2.65581123827228,-0.0999999999999914,
0.293116826106824));
#11978=CARTESIAN_POINT('Ctrl Pts',(-2.65923824534158,-0.0940642496380682,
0.294965061787535));
#11979=CARTESIAN_POINT('Ctrl Pts',(-2.6623850806981,-0.0879067483722361,
0.296658861349597));
#11980=CARTESIAN_POINT('Ctrl Pts',(-2.67665728574083,-0.0559591510695357,
0.304330763570181));
#11981=CARTESIAN_POINT('Ctrl Pts',(-2.68260615751539,-0.0273299384269451,
0.307500308413563));
#11982=CARTESIAN_POINT('Ctrl Pts',(-2.68260615751539,0.0273299384269638,
0.307500308413563));
#11983=CARTESIAN_POINT('Ctrl Pts',(-2.67665728574083,0.0559591510695549,
0.304330763570181));
#11984=CARTESIAN_POINT('Ctrl Pts',(-2.6623850806981,0.0879067483722547,
0.296658861349597));
#11985=CARTESIAN_POINT('Ctrl Pts',(-2.65923824534158,0.0940642496380862,
0.294965061787535));
#11986=CARTESIAN_POINT('Ctrl Pts',(-2.65581123827228,0.100000000000009,
0.293116826106825));
#11987=CARTESIAN_POINT('',(-1.41450815951459,2.25000000000001,0.293116826106831));
#11988=CARTESIAN_POINT('Ctrl Pts',(-1.41450815951459,2.25000000000001,0.293116826106831));
#11989=CARTESIAN_POINT('Ctrl Pts',(-2.03515969889343,1.17500000000001,-0.0416097435126279));
#11990=CARTESIAN_POINT('Ctrl Pts',(-2.65581123827228,0.100000000000009,
0.293116826106825));
#11991=CARTESIAN_POINT('',(-1.2413030787577,2.35000000000001,0.293116826106831));
#11992=CARTESIAN_POINT('Ctrl Pts',(-1.41450815951459,2.25000000000001,0.293116826106831));
#11993=CARTESIAN_POINT('Ctrl Pts',(-1.41108115244529,2.25593575036193,0.294965061787542));
#11994=CARTESIAN_POINT('Ctrl Pts',(-1.4073220176035,2.26173974035512,0.296658861349603));
#11995=CARTESIAN_POINT('Ctrl Pts',(-1.38679068927086,2.2900736311415,0.304330763570187));
#11996=CARTESIAN_POINT('Ctrl Pts',(-1.3649714997193,2.30954011154342,0.307500308413569));
#11997=CARTESIAN_POINT('Ctrl Pts',(-1.31763465779609,2.33687004997037,0.307500308413569));
#11998=CARTESIAN_POINT('Ctrl Pts',(-1.28986659646998,2.34603278221105,0.304330763570187));
#11999=CARTESIAN_POINT('Ctrl Pts',(-1.2550630630946,2.34964648872737,0.296658861349603));
#12000=CARTESIAN_POINT('Ctrl Pts',(-1.2481570928963,2.35000000000001,0.294965061787542));
#12001=CARTESIAN_POINT('Ctrl Pts',(-1.2413030787577,2.35000000000001,0.293116826106831));
#12002=CARTESIAN_POINT('Ctrl Pts',(1.24130307875769,2.35000000000001,0.293116826106831));
#12003=CARTESIAN_POINT('Ctrl Pts',(-6.93889390390723E-16,2.35000000000001,
-0.0416097435126241));
#12004=CARTESIAN_POINT('Ctrl Pts',(-1.2413030787577,2.35000000000001,0.293116826106831));
#12005=CARTESIAN_POINT('Origin',(0.,0.,4.26387840678323));
#12006=CARTESIAN_POINT('',(2.15,-2.63299061816681E-16,5.));
#12007=CARTESIAN_POINT('Origin',(0.,0.,5.));
#12008=CARTESIAN_POINT('',(2.6826061575154,-3.28524504417422E-16,4.69249969158643));
#12009=CARTESIAN_POINT('',(3.425,-4.19441528707969E-16,4.26387840678323));
#12010=CARTESIAN_POINT('',(2.65581123827228,0.100000000000013,4.70688317389317));
#12011=CARTESIAN_POINT('Ctrl Pts',(2.68260615751539,1.37411783340813E-14,
4.69249969158644));
#12012=CARTESIAN_POINT('Ctrl Pts',(2.68260615751539,0.0273299384269681,
4.69249969158644));
#12013=CARTESIAN_POINT('Ctrl Pts',(2.67665728574083,0.055959151069559,4.69566923642982));
#12014=CARTESIAN_POINT('Ctrl Pts',(2.6623850806981,0.0879067483722589,4.7033411386504));
#12015=CARTESIAN_POINT('Ctrl Pts',(2.65923824534158,0.0940642496380905,
4.70503493821246));
#12016=CARTESIAN_POINT('Ctrl Pts',(2.65581123827228,0.100000000000013,4.70688317389317));
#12017=CARTESIAN_POINT('',(1.41450815951458,2.25000000000001,4.70688317389317));
#12018=CARTESIAN_POINT('Ctrl Pts',(1.41450815951458,2.25000000000001,4.70688317389317));
#12019=CARTESIAN_POINT('Ctrl Pts',(2.03515969889343,1.17500000000001,5.04160974351263));
#12020=CARTESIAN_POINT('Ctrl Pts',(2.65581123827228,0.100000000000013,4.70688317389317));
#12021=CARTESIAN_POINT('',(1.24130307875769,2.35000000000001,4.70688317389317));
#12022=CARTESIAN_POINT('Ctrl Pts',(1.41450815951458,2.25000000000001,4.70688317389317));
#12023=CARTESIAN_POINT('Ctrl Pts',(1.41108115244528,2.25593575036194,4.70503493821246));
#12024=CARTESIAN_POINT('Ctrl Pts',(1.4073220176035,2.26173974035513,4.7033411386504));
#12025=CARTESIAN_POINT('Ctrl Pts',(1.38679068927085,2.29007363114151,4.69566923642981));
#12026=CARTESIAN_POINT('Ctrl Pts',(1.3649714997193,2.30954011154342,4.69249969158643));
#12027=CARTESIAN_POINT('Ctrl Pts',(1.31763465779608,2.33687004997038,4.69249969158643));
#12028=CARTESIAN_POINT('Ctrl Pts',(1.28986659646997,2.34603278221105,4.69566923642981));
#12029=CARTESIAN_POINT('Ctrl Pts',(1.25506306309459,2.34964648872737,4.7033411386504));
#12030=CARTESIAN_POINT('Ctrl Pts',(1.24815709289629,2.35000000000001,4.70503493821246));
#12031=CARTESIAN_POINT('Ctrl Pts',(1.24130307875769,2.35000000000001,4.70688317389317));
#12032=CARTESIAN_POINT('',(-1.2413030787577,2.35000000000001,4.70688317389317));
#12033=CARTESIAN_POINT('Ctrl Pts',(-1.2413030787577,2.35000000000001,4.70688317389317));
#12034=CARTESIAN_POINT('Ctrl Pts',(-5.82867087928207E-15,2.35000000000001,
5.04160974351263));
#12035=CARTESIAN_POINT('Ctrl Pts',(1.24130307875769,2.35000000000001,4.70688317389317));
#12036=CARTESIAN_POINT('',(-1.41450815951459,2.25000000000001,4.70688317389317));
#12037=CARTESIAN_POINT('Ctrl Pts',(-1.2413030787577,2.35000000000001,4.70688317389317));
#12038=CARTESIAN_POINT('Ctrl Pts',(-1.2481570928963,2.35000000000001,4.70503493821246));
#12039=CARTESIAN_POINT('Ctrl Pts',(-1.2550630630946,2.34964648872737,4.7033411386504));
#12040=CARTESIAN_POINT('Ctrl Pts',(-1.28986659646998,2.34603278221105,4.69566923642981));
#12041=CARTESIAN_POINT('Ctrl Pts',(-1.31763465779609,2.33687004997037,4.69249969158643));
#12042=CARTESIAN_POINT('Ctrl Pts',(-1.3649714997193,2.30954011154342,4.69249969158643));
#12043=CARTESIAN_POINT('Ctrl Pts',(-1.38679068927086,2.2900736311415,4.69566923642981));
#12044=CARTESIAN_POINT('Ctrl Pts',(-1.4073220176035,2.26173974035512,4.7033411386504));
#12045=CARTESIAN_POINT('Ctrl Pts',(-1.41108115244529,2.25593575036193,4.70503493821246));
#12046=CARTESIAN_POINT('Ctrl Pts',(-1.41450815951459,2.25000000000001,4.70688317389317));
#12047=CARTESIAN_POINT('',(-2.65581123827228,0.100000000000009,4.70688317389318));
#12048=CARTESIAN_POINT('Ctrl Pts',(-2.65581123827228,0.100000000000009,
4.70688317389318));
#12049=CARTESIAN_POINT('Ctrl Pts',(-2.03515969889343,1.175,5.04160974351263));
#12050=CARTESIAN_POINT('Ctrl Pts',(-1.41450815951459,2.25000000000001,4.70688317389317));
#12051=CARTESIAN_POINT('',(-2.65581123827228,-0.0999999999999913,4.70688317389318));
#12052=CARTESIAN_POINT('Ctrl Pts',(-2.65581123827228,0.100000000000009,
4.70688317389318));
#12053=CARTESIAN_POINT('Ctrl Pts',(-2.65923824534158,0.0940642496380863,
4.70503493821247));
#12054=CARTESIAN_POINT('Ctrl Pts',(-2.6623850806981,0.0879067483722548,
4.7033411386504));
#12055=CARTESIAN_POINT('Ctrl Pts',(-2.67665728574083,0.0559591510695551,
4.69566923642982));
#12056=CARTESIAN_POINT('Ctrl Pts',(-2.68260615751539,0.0273299384269639,
4.69249969158644));
#12057=CARTESIAN_POINT('Ctrl Pts',(-2.68260615751539,-0.027329938426945,
4.69249969158644));
#12058=CARTESIAN_POINT('Ctrl Pts',(-2.67665728574083,-0.0559591510695358,
4.69566923642982));
#12059=CARTESIAN_POINT('Ctrl Pts',(-2.6623850806981,-0.0879067483722365,
4.7033411386504));
#12060=CARTESIAN_POINT('Ctrl Pts',(-2.65923824534158,-0.094064249638068,
4.70503493821247));
#12061=CARTESIAN_POINT('Ctrl Pts',(-2.65581123827228,-0.0999999999999913,
4.70688317389318));
#12062=CARTESIAN_POINT('',(-1.41450815951458,-2.24999999999999,4.70688317389318));
#12063=CARTESIAN_POINT('Ctrl Pts',(-1.41450815951458,-2.24999999999999,
4.70688317389318));
#12064=CARTESIAN_POINT('Ctrl Pts',(-2.03515969889343,-1.175,5.04160974351264));
#12065=CARTESIAN_POINT('Ctrl Pts',(-2.65581123827228,-0.0999999999999913,
4.70688317389318));
#12066=CARTESIAN_POINT('',(-1.24130307875769,-2.34999999999999,4.70688317389318));
#12067=CARTESIAN_POINT('Ctrl Pts',(-1.41450815951458,-2.24999999999999,
4.70688317389318));
#12068=CARTESIAN_POINT('Ctrl Pts',(-1.41108115244528,-2.25593575036191,
4.70503493821247));
#12069=CARTESIAN_POINT('Ctrl Pts',(-1.4073220176035,-2.2617397403551,4.70334113865041));
#12070=CARTESIAN_POINT('Ctrl Pts',(-1.38679068927085,-2.29007363114148,
4.69566923642983));
#12071=CARTESIAN_POINT('Ctrl Pts',(-1.3649714997193,-2.3095401115434,4.69249969158644));
#12072=CARTESIAN_POINT('Ctrl Pts',(-1.31763465779609,-2.33687004997035,
4.69249969158644));
#12073=CARTESIAN_POINT('Ctrl Pts',(-1.28986659646998,-2.34603278221102,
4.69566923642983));
#12074=CARTESIAN_POINT('Ctrl Pts',(-1.2550630630946,-2.34964648872735,4.70334113865041));
#12075=CARTESIAN_POINT('Ctrl Pts',(-1.24815709289629,-2.34999999999999,
4.70503493821247));
#12076=CARTESIAN_POINT('Ctrl Pts',(-1.24130307875769,-2.34999999999999,
4.70688317389318));
#12077=CARTESIAN_POINT('',(1.2413030787577,-2.34999999999999,4.70688317389318));
#12078=CARTESIAN_POINT('Ctrl Pts',(1.2413030787577,-2.34999999999999,4.70688317389318));
#12079=CARTESIAN_POINT('Ctrl Pts',(2.77555756156289E-15,-2.34999999999999,
5.04160974351264));
#12080=CARTESIAN_POINT('Ctrl Pts',(-1.24130307875769,-2.34999999999999,
4.70688317389318));
#12081=CARTESIAN_POINT('',(1.41450815951459,-2.24999999999999,4.70688317389318));
#12082=CARTESIAN_POINT('Ctrl Pts',(1.2413030787577,-2.34999999999999,4.70688317389318));
#12083=CARTESIAN_POINT('Ctrl Pts',(1.2481570928963,-2.34999999999999,4.70503493821247));
#12084=CARTESIAN_POINT('Ctrl Pts',(1.2550630630946,-2.34964648872735,4.70334113865041));
#12085=CARTESIAN_POINT('Ctrl Pts',(1.28986659646998,-2.34603278221102,4.69566923642983));
#12086=CARTESIAN_POINT('Ctrl Pts',(1.31763465779609,-2.33687004997035,4.69249969158644));
#12087=CARTESIAN_POINT('Ctrl Pts',(1.36497149971931,-2.3095401115434,4.69249969158644));
#12088=CARTESIAN_POINT('Ctrl Pts',(1.38679068927086,-2.29007363114148,4.69566923642983));
#12089=CARTESIAN_POINT('Ctrl Pts',(1.4073220176035,-2.2617397403551,4.70334113865041));
#12090=CARTESIAN_POINT('Ctrl Pts',(1.41108115244529,-2.25593575036191,4.70503493821247));
#12091=CARTESIAN_POINT('Ctrl Pts',(1.41450815951459,-2.24999999999999,4.70688317389318));
#12092=CARTESIAN_POINT('',(2.65581123827228,-0.099999999999987,4.70688317389317));
#12093=CARTESIAN_POINT('Ctrl Pts',(2.65581123827228,-0.099999999999987,
4.70688317389317));
#12094=CARTESIAN_POINT('Ctrl Pts',(2.03515969889343,-1.17499999999999,5.04160974351263));
#12095=CARTESIAN_POINT('Ctrl Pts',(1.41450815951459,-2.24999999999999,4.70688317389318));
#12096=CARTESIAN_POINT('Ctrl Pts',(2.65581123827228,-0.099999999999987,
4.70688317389317));
#12097=CARTESIAN_POINT('Ctrl Pts',(2.65923824534158,-0.0940642496380639,
4.70503493821246));
#12098=CARTESIAN_POINT('Ctrl Pts',(2.6623850806981,-0.0879067483722321,
4.7033411386504));
#12099=CARTESIAN_POINT('Ctrl Pts',(2.67665728574083,-0.0559591510695317,
4.69566923642982));
#12100=CARTESIAN_POINT('Ctrl Pts',(2.68260615751539,-0.0273299384269407,
4.69249969158644));
#12101=CARTESIAN_POINT('Ctrl Pts',(2.68260615751539,1.37411783340813E-14,
4.69249969158644));
#12102=CARTESIAN_POINT('Origin',(-1.35677313259562,-2.34999999999999,0.));
#12103=CARTESIAN_POINT('',(1.2413030787577,-2.34999999999999,0.));
#12104=CARTESIAN_POINT('',(-1.24130307875769,-2.34999999999999,0.));
#12105=CARTESIAN_POINT('Origin',(1.2413030787577,-2.14999999999999,0.));
#12106=CARTESIAN_POINT('',(1.41450815951459,-2.24999999999999,0.));
#12107=CARTESIAN_POINT('Origin',(1.35677313259562,-2.34999999999999,0.));
#12108=CARTESIAN_POINT('',(2.65581123827228,-0.0999999999999871,0.));
#12109=CARTESIAN_POINT('Origin',(2.48260615751539,1.29063426612674E-14,
0.));
#12110=CARTESIAN_POINT('',(2.65581123827228,0.100000000000013,0.));
#12111=CARTESIAN_POINT('Origin',(2.71354626519124,1.30540426394292E-14,
0.));
#12112=CARTESIAN_POINT('',(1.41450815951458,2.25000000000001,0.));
#12113=CARTESIAN_POINT('Origin',(1.24130307875769,2.15000000000001,0.));
#12114=CARTESIAN_POINT('',(1.24130307875769,2.35000000000001,0.));
#12115=CARTESIAN_POINT('Origin',(1.11022302462516E-15,1.30451205393456E-14,
0.));
#12116=CARTESIAN_POINT('',(-1.6,3.91886975727153E-16,0.));
#12117=CARTESIAN_POINT('Origin',(0.,0.,0.));
#12118=CARTESIAN_POINT('Origin',(-1.24130307875769,-2.14999999999999,0.));
#12119=CARTESIAN_POINT('',(-1.41450815951458,-2.24999999999999,0.));
#12120=CARTESIAN_POINT('Origin',(-2.48260615751539,8.88178419700125E-15,
0.));
#12121=CARTESIAN_POINT('',(-2.65581123827228,-0.0999999999999913,0.));
#12122=CARTESIAN_POINT('',(-2.65581123827228,0.100000000000009,0.));
#12123=CARTESIAN_POINT('Origin',(-1.35677313259562,2.35000000000001,0.));
#12124=CARTESIAN_POINT('',(-1.41450815951459,2.25000000000001,0.));
#12125=CARTESIAN_POINT('Origin',(-1.2413030787577,2.15000000000001,0.));
#12126=CARTESIAN_POINT('',(-1.2413030787577,2.35000000000001,0.));
#12127=CARTESIAN_POINT('Origin',(0.,0.,-0.25));
#12128=CARTESIAN_POINT('',(-1.35,0.,-0.25));
#12129=CARTESIAN_POINT('',(1.35,-1.65327317884893E-16,-0.25));
#12130=CARTESIAN_POINT('Origin',(0.,0.,-0.25));
#12131=CARTESIAN_POINT('Origin',(0.,0.,-0.25));
#12132=CARTESIAN_POINT('Origin',(-1.6,-1.95943487863577E-16,-0.25));
#12133=CARTESIAN_POINT('Origin',(0.,0.,0.));
#12134=CARTESIAN_POINT('',(-1.35,1.65327317884893E-16,-6.71132486540519));
#12135=CARTESIAN_POINT('',(1.35,-1.65327317884893E-16,-6.71132486540519));
#12136=CARTESIAN_POINT('Origin',(0.,0.,-6.71132486540519));
#12137=CARTESIAN_POINT('Origin',(0.,0.,-6.71132486540519));
#12138=CARTESIAN_POINT('',(1.35,-1.65327317884893E-16,0.));
#12139=CARTESIAN_POINT('Origin',(0.,0.,-6.85566243270259));
#12140=CARTESIAN_POINT('',(-0.85,-1.04094977927525E-16,-7.));
#12141=CARTESIAN_POINT('Origin',(0.,0.,-7.));
#12142=CARTESIAN_POINT('',(-1.1,1.34711147906209E-16,-6.85566243270259));
#12143=CARTESIAN_POINT('Origin',(0.,0.,-7.));
#12144=CARTESIAN_POINT('Origin',(-2.71354626519124,8.79270833564158E-15,
0.));
#12145=CARTESIAN_POINT('Origin',(1.35677313259562,2.35000000000001,0.));
#12146=CARTESIAN_POINT('Origin',(1.11022302462516E-15,1.30451205393456E-14,
5.));
#12147=CARTESIAN_POINT('',(0.,0.,0.));
#12148=CARTESIAN_POINT('Origin',(-3.55037105677439,-6.3,-0.449907242325663));
#12149=CARTESIAN_POINT('',(-3.55037105677439,-6.3,-0.449907242325663));
#12150=CARTESIAN_POINT('',(-3.55037105677439,-6.3,0.32931354850641));
#12151=CARTESIAN_POINT('',(-3.55037105677439,-6.3,-0.224953621162833));
#12152=CARTESIAN_POINT('',(-3.55037105677439,-6.25,-0.449907242325663));
#12153=CARTESIAN_POINT('',(-3.55037105677439,-6.3,-0.449907242325663));
#12154=CARTESIAN_POINT('',(-3.55037105677439,-6.25,0.32931354850641));
#12155=CARTESIAN_POINT('',(-3.55037105677439,-6.25,-0.449907242325663));
#12156=CARTESIAN_POINT('',(-3.55037105677439,-6.3,0.32931354850641));
#12157=CARTESIAN_POINT('Ctrl Pts',(-3.50027829164947,-6.3,-0.500000007450582));
#12158=CARTESIAN_POINT('Ctrl Pts',(-3.50027829164947,-6.25,-0.500000007450582));
#12159=CARTESIAN_POINT('Ctrl Pts',(-3.55037105677439,-6.3,-0.500000007450582));
#12160=CARTESIAN_POINT('Ctrl Pts',(-3.55037105677439,-6.25,-0.500000007450582));
#12161=CARTESIAN_POINT('Ctrl Pts',(-3.55037105677439,-6.3,-0.449907242325663));
#12162=CARTESIAN_POINT('Ctrl Pts',(-3.55037105677439,-6.25,-0.449907242325663));
#12163=CARTESIAN_POINT('',(-3.50027829164947,-6.3,-0.500000007450582));
#12164=CARTESIAN_POINT('Ctrl Pts',(-3.50027829164947,-6.3,-0.500000007450582));
#12165=CARTESIAN_POINT('Ctrl Pts',(-3.55037105677439,-6.3,-0.500000007450582));
#12166=CARTESIAN_POINT('Ctrl Pts',(-3.55037105677439,-6.3,-0.449907242325663));
#12167=CARTESIAN_POINT('',(-3.50027829164947,-6.25,-0.500000007450582));
#12168=CARTESIAN_POINT('',(-3.50027829164947,-6.3,-0.500000007450582));
#12169=CARTESIAN_POINT('Ctrl Pts',(-3.50027829164947,-6.25,-0.500000007450582));
#12170=CARTESIAN_POINT('Ctrl Pts',(-3.55037105677439,-6.25,-0.500000007450582));
#12171=CARTESIAN_POINT('Ctrl Pts',(-3.55037105677439,-6.25,-0.449907242325663));
#12172=CARTESIAN_POINT('Ctrl Pts',(-3.45018552652455,-6.3,-0.449907242325663));
#12173=CARTESIAN_POINT('Ctrl Pts',(-3.45018552652455,-6.25,-0.449907242325663));
#12174=CARTESIAN_POINT('Ctrl Pts',(-3.45018552652455,-6.3,-0.500000007450582));
#12175=CARTESIAN_POINT('Ctrl Pts',(-3.45018552652455,-6.25,-0.500000007450582));
#12176=CARTESIAN_POINT('Ctrl Pts',(-3.50027829164947,-6.3,-0.500000007450582));
#12177=CARTESIAN_POINT('Ctrl Pts',(-3.50027829164947,-6.25,-0.500000007450582));
#12178=CARTESIAN_POINT('',(-3.45018552652455,-6.3,-0.449907242325663));
#12179=CARTESIAN_POINT('Ctrl Pts',(-3.45018552652455,-6.3,-0.449907242325663));
#12180=CARTESIAN_POINT('Ctrl Pts',(-3.45018552652455,-6.3,-0.500000007450582));
#12181=CARTESIAN_POINT('Ctrl Pts',(-3.50027829164947,-6.3,-0.500000007450582));
#12182=CARTESIAN_POINT('',(-3.45018552652455,-6.25,-0.449907242325663));
#12183=CARTESIAN_POINT('',(-3.45018552652455,-6.3,-0.449907242325663));
#12184=CARTESIAN_POINT('Ctrl Pts',(-3.45018552652455,-6.25,-0.449907242325663));
#12185=CARTESIAN_POINT('Ctrl Pts',(-3.45018552652455,-6.25,-0.500000007450582));
#12186=CARTESIAN_POINT('Ctrl Pts',(-3.50027829164947,-6.25,-0.500000007450582));
#12187=CARTESIAN_POINT('Origin',(-3.45018552652455,-6.3,0.44990724232566));
#12188=CARTESIAN_POINT('',(-3.45018552652455,-6.3,0.44990724232566));
#12189=CARTESIAN_POINT('',(-3.45018552652455,-6.3,0.224953621162829));
#12190=CARTESIAN_POINT('',(-3.45018552652455,-6.25,0.44990724232566));
#12191=CARTESIAN_POINT('',(-3.45018552652455,-6.3,0.44990724232566));
#12192=CARTESIAN_POINT('',(-3.45018552652455,-6.25,0.44990724232566));
#12193=CARTESIAN_POINT('Ctrl Pts',(-3.50027829164947,-6.3,0.500000007450579));
#12194=CARTESIAN_POINT('Ctrl Pts',(-3.50027829164947,-6.25,0.500000007450579));
#12195=CARTESIAN_POINT('Ctrl Pts',(-3.45018552652455,-6.3,0.500000007450579));
#12196=CARTESIAN_POINT('Ctrl Pts',(-3.45018552652455,-6.25,0.500000007450579));
#12197=CARTESIAN_POINT('Ctrl Pts',(-3.45018552652455,-6.3,0.44990724232566));
#12198=CARTESIAN_POINT('Ctrl Pts',(-3.45018552652455,-6.25,0.44990724232566));
#12199=CARTESIAN_POINT('',(-3.50027829164947,-6.3,0.500000007450579));
#12200=CARTESIAN_POINT('Ctrl Pts',(-3.50027829164947,-6.3,0.500000007450579));
#12201=CARTESIAN_POINT('Ctrl Pts',(-3.45018552652455,-6.3,0.500000007450579));
#12202=CARTESIAN_POINT('Ctrl Pts',(-3.45018552652455,-6.3,0.44990724232566));
#12203=CARTESIAN_POINT('',(-3.50027829164947,-6.25,0.500000007450579));
#12204=CARTESIAN_POINT('',(-3.50027829164947,-6.3,0.500000007450579));
#12205=CARTESIAN_POINT('Ctrl Pts',(-3.50027829164947,-6.25,0.500000007450579));
#12206=CARTESIAN_POINT('Ctrl Pts',(-3.45018552652455,-6.25,0.500000007450579));
#12207=CARTESIAN_POINT('Ctrl Pts',(-3.45018552652455,-6.25,0.44990724232566));
#12208=CARTESIAN_POINT('Ctrl Pts',(-3.54016697498968,-6.3,0.480519487679777));
#12209=CARTESIAN_POINT('Ctrl Pts',(-3.54016697498968,-6.25,0.480519487679777));
#12210=CARTESIAN_POINT('Ctrl Pts',(-3.52068645521888,-6.3,0.500000007450579));
#12211=CARTESIAN_POINT('Ctrl Pts',(-3.52068645521888,-6.25,0.500000007450579));
#12212=CARTESIAN_POINT('Ctrl Pts',(-3.50027829164947,-6.3,0.500000007450579));
#12213=CARTESIAN_POINT('Ctrl Pts',(-3.50027829164947,-6.25,0.500000007450579));
#12214=CARTESIAN_POINT('',(-3.54016697498968,-6.3,0.480519487679777));
#12215=CARTESIAN_POINT('Ctrl Pts',(-3.54016697498968,-6.3,0.480519487679777));
#12216=CARTESIAN_POINT('Ctrl Pts',(-3.52068645521888,-6.3,0.500000007450579));
#12217=CARTESIAN_POINT('Ctrl Pts',(-3.50027829164947,-6.3,0.500000007450579));
#12218=CARTESIAN_POINT('',(-3.54016697498968,-6.25,0.480519487679777));
#12219=CARTESIAN_POINT('',(-3.54016697498968,-6.3,0.480519487679777));
#12220=CARTESIAN_POINT('Ctrl Pts',(-3.54016697498968,-6.25,0.480519487679777));
#12221=CARTESIAN_POINT('Ctrl Pts',(-3.52068645521888,-6.25,0.500000007450579));
#12222=CARTESIAN_POINT('Ctrl Pts',(-3.50027829164947,-6.25,0.500000007450579));
#12223=CARTESIAN_POINT('Origin',(-3.73589981649631,-6.3,0.284786646173149));
#12224=CARTESIAN_POINT('',(-3.73589981649631,-6.3,0.284786646173149));
#12225=CARTESIAN_POINT('',(-2.87312152391552,-6.3,1.14756493875394));
#12226=CARTESIAN_POINT('',(-3.73589981649631,-6.25,0.284786646173149));
#12227=CARTESIAN_POINT('',(-3.73589981649631,-6.3,0.284786646173149));
#12228=CARTESIAN_POINT('',(-3.73589981649631,-6.25,0.284786646173149));
#12229=CARTESIAN_POINT('Ctrl Pts',(-3.75074211727406,-6.3,0.250463825624593));
#12230=CARTESIAN_POINT('Ctrl Pts',(-3.75074211727406,-6.25,0.250463825624593));
#12231=CARTESIAN_POINT('Ctrl Pts',(-3.75074211727406,-6.3,0.270871989194005));
#12232=CARTESIAN_POINT('Ctrl Pts',(-3.75074211727406,-6.25,0.270871989194005));
#12233=CARTESIAN_POINT('Ctrl Pts',(-3.73589981649631,-6.3,0.284786646173149));
#12234=CARTESIAN_POINT('Ctrl Pts',(-3.73589981649631,-6.25,0.284786646173149));
#12235=CARTESIAN_POINT('',(-3.75074211727406,-6.3,0.250463825624593));
#12236=CARTESIAN_POINT('Ctrl Pts',(-3.75074211727406,-6.3,0.250463825624593));
#12237=CARTESIAN_POINT('Ctrl Pts',(-3.75074211727406,-6.3,0.270871989194005));
#12238=CARTESIAN_POINT('Ctrl Pts',(-3.73589981649631,-6.3,0.284786646173149));
#12239=CARTESIAN_POINT('',(-3.75074211727406,-6.25,0.250463825624593));
#12240=CARTESIAN_POINT('',(-3.75074211727406,-6.3,0.250463825624593));
#12241=CARTESIAN_POINT('Ctrl Pts',(-3.75074211727406,-6.25,0.250463825624593));
#12242=CARTESIAN_POINT('Ctrl Pts',(-3.75074211727406,-6.25,0.270871989194005));
#12243=CARTESIAN_POINT('Ctrl Pts',(-3.73589981649631,-6.25,0.284786646173149));
#12244=CARTESIAN_POINT('Ctrl Pts',(-3.70064935214914,-6.3,0.200371060499674));
#12245=CARTESIAN_POINT('Ctrl Pts',(-3.70064935214914,-6.25,0.200371060499674));
#12246=CARTESIAN_POINT('Ctrl Pts',(-3.75074211727406,-6.3,0.200371060499674));
#12247=CARTESIAN_POINT('Ctrl Pts',(-3.75074211727406,-6.25,0.200371060499674));
#12248=CARTESIAN_POINT('Ctrl Pts',(-3.75074211727406,-6.3,0.250463825624593));
#12249=CARTESIAN_POINT('Ctrl Pts',(-3.75074211727406,-6.25,0.250463825624593));
#12250=CARTESIAN_POINT('',(-3.70064935214914,-6.3,0.200371060499674));
#12251=CARTESIAN_POINT('Ctrl Pts',(-3.70064935214914,-6.3,0.200371060499674));
#12252=CARTESIAN_POINT('Ctrl Pts',(-3.75074211727406,-6.3,0.200371060499674));
#12253=CARTESIAN_POINT('Ctrl Pts',(-3.75074211727406,-6.3,0.250463825624593));
#12254=CARTESIAN_POINT('',(-3.70064935214914,-6.25,0.200371060499674));
#12255=CARTESIAN_POINT('',(-3.70064935214914,-6.3,0.200371060499674));
#12256=CARTESIAN_POINT('Ctrl Pts',(-3.70064935214914,-6.25,0.200371060499674));
#12257=CARTESIAN_POINT('Ctrl Pts',(-3.75074211727406,-6.25,0.200371060499674));
#12258=CARTESIAN_POINT('Ctrl Pts',(-3.75074211727406,-6.25,0.250463825624593));
#12259=CARTESIAN_POINT('Ctrl Pts',(-3.66539888780198,-6.3,0.214285717478818));
#12260=CARTESIAN_POINT('Ctrl Pts',(-3.66539888780198,-6.25,0.214285717478818));
#12261=CARTESIAN_POINT('Ctrl Pts',(-3.68024118857973,-6.3,0.200371060499674));
#12262=CARTESIAN_POINT('Ctrl Pts',(-3.68024118857973,-6.25,0.200371060499674));
#12263=CARTESIAN_POINT('Ctrl Pts',(-3.70064935214914,-6.3,0.200371060499674));
#12264=CARTESIAN_POINT('Ctrl Pts',(-3.70064935214914,-6.25,0.200371060499674));
#12265=CARTESIAN_POINT('',(-3.66539888780198,-6.3,0.214285717478818));
#12266=CARTESIAN_POINT('Ctrl Pts',(-3.66539888780198,-6.3,0.214285717478818));
#12267=CARTESIAN_POINT('Ctrl Pts',(-3.68024118857973,-6.3,0.200371060499674));
#12268=CARTESIAN_POINT('Ctrl Pts',(-3.70064935214914,-6.3,0.200371060499674));
#12269=CARTESIAN_POINT('',(-3.66539888780198,-6.25,0.214285717478818));
#12270=CARTESIAN_POINT('',(-3.66539888780198,-6.3,0.214285717478818));
#12271=CARTESIAN_POINT('Ctrl Pts',(-3.66539888780198,-6.25,0.214285717478818));
#12272=CARTESIAN_POINT('Ctrl Pts',(-3.68024118857973,-6.25,0.200371060499674));
#12273=CARTESIAN_POINT('Ctrl Pts',(-3.70064935214914,-6.25,0.200371060499674));
#12274=CARTESIAN_POINT('Origin',(-3.55037105677439,-6.3,0.32931354850641));
#12275=CARTESIAN_POINT('',(-2.74510667970739,-6.3,1.1345779255734));
#12276=CARTESIAN_POINT('',(-3.55037105677439,-6.25,0.32931354850641));
#12277=CARTESIAN_POINT('Origin',(-3.53080502558872,-6.25,0.0478922702563159));
#12278=CARTESIAN_POINT('Origin',(-9.55343225839408,-6.3,1.84972170462524));
#12279=CARTESIAN_POINT('',(-9.84656769875471,-6.3,1.84972170462524));
#12280=CARTESIAN_POINT('',(-9.55343225839408,-6.3,1.84972170462524));
#12281=CARTESIAN_POINT('',(-4.77671612919704,-6.3,1.84972170462524));
#12282=CARTESIAN_POINT('',(-9.84656769875471,-6.25,1.84972170462524));
#12283=CARTESIAN_POINT('',(-9.84656769875471,-6.3,1.84972170462524));
#12284=CARTESIAN_POINT('',(-9.55343225839408,-6.25,1.84972170462524));
#12285=CARTESIAN_POINT('',(-9.62675812138193,-6.25,1.84972170462524));
#12286=CARTESIAN_POINT('',(-9.55343225839408,-6.3,1.84972170462524));
#12287=CARTESIAN_POINT('Origin',(-9.6999999785744,-6.3,2.2903525089648));
#12288=CARTESIAN_POINT('',(-9.6999999785744,-6.3,2.2903525089648));
#12289=CARTESIAN_POINT('',(-8.87386284713019,-6.3,-0.193287601389595));
#12290=CARTESIAN_POINT('',(-9.6999999785744,-6.25,2.2903525089648));
#12291=CARTESIAN_POINT('',(-9.64207210325753,-6.25,2.11620225089194));
#12292=CARTESIAN_POINT('',(-9.6999999785744,-6.3,2.2903525089648));
#12293=CARTESIAN_POINT('Origin',(-9.84656769875471,-6.3,1.84972170462524));
#12294=CARTESIAN_POINT('',(-9.63309443755892,-6.3,2.49149258480248));
#12295=CARTESIAN_POINT('',(-9.83122008274731,-6.25,1.89586168945761));
#12296=CARTESIAN_POINT('Ctrl Pts',(-9.35213355409579,-6.3,1.5658627022507));
#12297=CARTESIAN_POINT('Ctrl Pts',(-9.35213355409579,-6.25,1.5658627022507));
#12298=CARTESIAN_POINT('Ctrl Pts',(-9.35027826649857,-6.3,1.55936919566043));
#12299=CARTESIAN_POINT('Ctrl Pts',(-9.35027826649857,-6.25,1.55936919566043));
#12300=CARTESIAN_POINT('Ctrl Pts',(-9.35027826649857,-6.3,1.55009275767433));
#12301=CARTESIAN_POINT('Ctrl Pts',(-9.35027826649857,-6.25,1.55009275767433));
#12302=CARTESIAN_POINT('',(-9.35213355409579,-6.3,1.5658627022507));
#12303=CARTESIAN_POINT('',(-9.35027826649857,-6.3,1.55009275767433));
#12304=CARTESIAN_POINT('Ctrl Pts',(-9.35213355409579,-6.3,1.5658627022507));
#12305=CARTESIAN_POINT('Ctrl Pts',(-9.35027826649857,-6.3,1.55936919566043));
#12306=CARTESIAN_POINT('Ctrl Pts',(-9.35027826649857,-6.3,1.55009275767433));
#12307=CARTESIAN_POINT('',(-9.35213355409579,-6.25,1.5658627022507));
#12308=CARTESIAN_POINT('',(-9.35213355409579,-6.3,1.5658627022507));
#12309=CARTESIAN_POINT('',(-9.35027826649857,-6.25,1.55009275767433));
#12310=CARTESIAN_POINT('Ctrl Pts',(-9.35213355409579,-6.25,1.5658627022507));
#12311=CARTESIAN_POINT('Ctrl Pts',(-9.35027826649857,-6.25,1.55936919566043));
#12312=CARTESIAN_POINT('Ctrl Pts',(-9.35027826649857,-6.25,1.55009275767433));
#12313=CARTESIAN_POINT('',(-9.35027826649857,-6.3,1.55009275767433));
#12314=CARTESIAN_POINT('Origin',(-9.65083485724809,-6.3,2.46103896790897));
#12315=CARTESIAN_POINT('',(-9.65083485724809,-6.3,2.46103896790897));
#12316=CARTESIAN_POINT('',(-8.79793097882145,-6.3,-0.0950238975621626));
#12317=CARTESIAN_POINT('',(-9.65083485724809,-6.25,2.46103896790897));
#12318=CARTESIAN_POINT('',(-9.65083485724809,-6.3,2.46103896790897));
#12319=CARTESIAN_POINT('',(-9.65083485724809,-6.25,2.46103896790897));
#12320=CARTESIAN_POINT('Ctrl Pts',(-9.6999999785744,-6.3,2.50000000745057));
#12321=CARTESIAN_POINT('Ctrl Pts',(-9.6999999785744,-6.25,2.50000000745057));
#12322=CARTESIAN_POINT('Ctrl Pts',(-9.66382187042862,-6.3,2.50000000745057));
#12323=CARTESIAN_POINT('Ctrl Pts',(-9.66382187042862,-6.25,2.50000000745057));
#12324=CARTESIAN_POINT('Ctrl Pts',(-9.65083485724809,-6.3,2.46103896790897));
#12325=CARTESIAN_POINT('Ctrl Pts',(-9.65083485724809,-6.25,2.46103896790897));
#12326=CARTESIAN_POINT('',(-9.6999999785744,-6.3,2.50000000745057));
#12327=CARTESIAN_POINT('Ctrl Pts',(-9.6999999785744,-6.3,2.50000000745057));
#12328=CARTESIAN_POINT('Ctrl Pts',(-9.66382187042862,-6.3,2.50000000745057));
#12329=CARTESIAN_POINT('Ctrl Pts',(-9.65083485724809,-6.3,2.46103896790897));
#12330=CARTESIAN_POINT('',(-9.6999999785744,-6.25,2.50000000745057));
#12331=CARTESIAN_POINT('',(-9.6999999785744,-6.3,2.50000000745057));
#12332=CARTESIAN_POINT('Ctrl Pts',(-9.6999999785744,-6.25,2.50000000745057));
#12333=CARTESIAN_POINT('Ctrl Pts',(-9.66382187042862,-6.25,2.50000000745057));
#12334=CARTESIAN_POINT('Ctrl Pts',(-9.65083485724809,-6.25,2.46103896790897));
#12335=CARTESIAN_POINT('Ctrl Pts',(-9.75009274369932,-6.3,2.46011132411036));
#12336=CARTESIAN_POINT('Ctrl Pts',(-9.75009274369932,-6.25,2.46011132411036));
#12337=CARTESIAN_POINT('Ctrl Pts',(-9.73617808672017,-6.3,2.50000000745057));
#12338=CARTESIAN_POINT('Ctrl Pts',(-9.73617808672017,-6.25,2.50000000745057));
#12339=CARTESIAN_POINT('Ctrl Pts',(-9.6999999785744,-6.3,2.50000000745057));
#12340=CARTESIAN_POINT('Ctrl Pts',(-9.6999999785744,-6.25,2.50000000745057));
#12341=CARTESIAN_POINT('',(-9.75009274369932,-6.3,2.46011132411036));
#12342=CARTESIAN_POINT('Ctrl Pts',(-9.75009274369932,-6.3,2.46011132411036));
#12343=CARTESIAN_POINT('Ctrl Pts',(-9.73617808672017,-6.3,2.50000000745057));
#12344=CARTESIAN_POINT('Ctrl Pts',(-9.6999999785744,-6.3,2.50000000745057));
#12345=CARTESIAN_POINT('',(-9.75009274369932,-6.25,2.46011132411036));
#12346=CARTESIAN_POINT('',(-9.75009274369932,-6.3,2.46011132411036));
#12347=CARTESIAN_POINT('Ctrl Pts',(-9.75009274369932,-6.25,2.46011132411036));
#12348=CARTESIAN_POINT('Ctrl Pts',(-9.73617808672017,-6.25,2.50000000745057));
#12349=CARTESIAN_POINT('Ctrl Pts',(-9.6999999785744,-6.25,2.50000000745057));
#12350=CARTESIAN_POINT('Origin',(-10.047866403053,-6.3,1.5658627022507));
#12351=CARTESIAN_POINT('',(-10.047866403053,-6.3,1.5658627022507));
#12352=CARTESIAN_POINT('',(-9.78109528858083,-6.3,2.36700710832912));
#12353=CARTESIAN_POINT('',(-10.047866403053,-6.25,1.5658627022507));
#12354=CARTESIAN_POINT('',(-10.047866403053,-6.3,1.5658627022507));
#12355=CARTESIAN_POINT('',(-10.047866403053,-6.25,1.5658627022507));
#12356=CARTESIAN_POINT('Ctrl Pts',(-10.0497216906502,-6.3,1.55009275767433));
#12357=CARTESIAN_POINT('Ctrl Pts',(-10.0497216906502,-6.25,1.55009275767433));
#12358=CARTESIAN_POINT('Ctrl Pts',(-10.0497216906502,-6.3,1.55936919566043));
#12359=CARTESIAN_POINT('Ctrl Pts',(-10.0497216906502,-6.25,1.55936919566043));
#12360=CARTESIAN_POINT('Ctrl Pts',(-10.047866403053,-6.3,1.5658627022507));
#12361=CARTESIAN_POINT('Ctrl Pts',(-10.047866403053,-6.25,1.5658627022507));
#12362=CARTESIAN_POINT('',(-10.0497216906502,-6.3,1.55009275767433));
#12363=CARTESIAN_POINT('Ctrl Pts',(-10.0497216906502,-6.3,1.55009275767433));
#12364=CARTESIAN_POINT('Ctrl Pts',(-10.0497216906502,-6.3,1.55936919566043));
#12365=CARTESIAN_POINT('Ctrl Pts',(-10.047866403053,-6.3,1.5658627022507));
#12366=CARTESIAN_POINT('',(-10.0497216906502,-6.25,1.55009275767433));
#12367=CARTESIAN_POINT('',(-10.0497216906502,-6.3,1.55009275767433));
#12368=CARTESIAN_POINT('Ctrl Pts',(-10.0497216906502,-6.25,1.55009275767433));
#12369=CARTESIAN_POINT('Ctrl Pts',(-10.0497216906502,-6.25,1.55936919566043));
#12370=CARTESIAN_POINT('Ctrl Pts',(-10.047866403053,-6.25,1.5658627022507));
#12371=CARTESIAN_POINT('Ctrl Pts',(-9.9996289255253,-6.3,1.49999999254941));
#12372=CARTESIAN_POINT('Ctrl Pts',(-9.9996289255253,-6.25,1.49999999254941));
#12373=CARTESIAN_POINT('Ctrl Pts',(-10.0497216906502,-6.3,1.49999999254941));
#12374=CARTESIAN_POINT('Ctrl Pts',(-10.0497216906502,-6.25,1.49999999254941));
#12375=CARTESIAN_POINT('Ctrl Pts',(-10.0497216906502,-6.3,1.55009275767433));
#12376=CARTESIAN_POINT('Ctrl Pts',(-10.0497216906502,-6.25,1.55009275767433));
#12377=CARTESIAN_POINT('',(-9.9996289255253,-6.3,1.49999999254941));
#12378=CARTESIAN_POINT('Ctrl Pts',(-9.9996289255253,-6.3,1.49999999254941));
#12379=CARTESIAN_POINT('Ctrl Pts',(-10.0497216906502,-6.3,1.49999999254941));
#12380=CARTESIAN_POINT('Ctrl Pts',(-10.0497216906502,-6.3,1.55009275767433));
#12381=CARTESIAN_POINT('',(-9.9996289255253,-6.25,1.49999999254941));
#12382=CARTESIAN_POINT('',(-9.9996289255253,-6.3,1.49999999254941));
#12383=CARTESIAN_POINT('Ctrl Pts',(-9.9996289255253,-6.25,1.49999999254941));
#12384=CARTESIAN_POINT('Ctrl Pts',(-10.0497216906502,-6.25,1.49999999254941));
#12385=CARTESIAN_POINT('Ctrl Pts',(-10.0497216906502,-6.25,1.55009275767433));
#12386=CARTESIAN_POINT('Ctrl Pts',(-9.95231909179621,-6.3,1.53432281309797));
#12387=CARTESIAN_POINT('Ctrl Pts',(-9.95231909179621,-6.25,1.53432281309797));
#12388=CARTESIAN_POINT('Ctrl Pts',(-9.96345081737953,-6.3,1.49999999254941));
#12389=CARTESIAN_POINT('Ctrl Pts',(-9.96345081737953,-6.25,1.49999999254941));
#12390=CARTESIAN_POINT('Ctrl Pts',(-9.9996289255253,-6.3,1.49999999254941));
#12391=CARTESIAN_POINT('Ctrl Pts',(-9.9996289255253,-6.25,1.49999999254941));
#12392=CARTESIAN_POINT('',(-9.95231909179621,-6.3,1.53432281309797));
#12393=CARTESIAN_POINT('Ctrl Pts',(-9.95231909179621,-6.3,1.53432281309797));
#12394=CARTESIAN_POINT('Ctrl Pts',(-9.96345081737953,-6.3,1.49999999254941));
#12395=CARTESIAN_POINT('Ctrl Pts',(-9.9996289255253,-6.3,1.49999999254941));
#12396=CARTESIAN_POINT('',(-9.95231909179621,-6.25,1.53432281309797));
#12397=CARTESIAN_POINT('',(-9.95231909179621,-6.3,1.53432281309797));
#12398=CARTESIAN_POINT('Ctrl Pts',(-9.95231909179621,-6.25,1.53432281309797));
#12399=CARTESIAN_POINT('Ctrl Pts',(-9.96345081737953,-6.25,1.49999999254941));
#12400=CARTESIAN_POINT('Ctrl Pts',(-9.9996289255253,-6.25,1.49999999254941));
#12401=CARTESIAN_POINT('Origin',(-9.87996287550466,-6.3,1.7495361743754));
#12402=CARTESIAN_POINT('',(-9.87996287550466,-6.3,1.7495361743754));
#12403=CARTESIAN_POINT('',(-9.64251472564928,-6.3,2.4557922098427));
#12404=CARTESIAN_POINT('',(-9.87996287550466,-6.25,1.7495361743754));
#12405=CARTESIAN_POINT('',(-9.87996287550466,-6.3,1.7495361743754));
#12406=CARTESIAN_POINT('',(-9.87996287550466,-6.25,1.7495361743754));
#12407=CARTESIAN_POINT('Origin',(-9.52003708164413,-6.3,1.7495361743754));
#12408=CARTESIAN_POINT('',(-9.52003708164413,-6.3,1.7495361743754));
#12409=CARTESIAN_POINT('',(-4.76001854082206,-6.3,1.7495361743754));
#12410=CARTESIAN_POINT('',(-9.52003708164413,-6.25,1.7495361743754));
#12411=CARTESIAN_POINT('',(-9.52003708164413,-6.3,1.7495361743754));
#12412=CARTESIAN_POINT('',(-9.52003708164413,-6.25,1.7495361743754));
#12413=CARTESIAN_POINT('Origin',(-9.44768086535258,-6.3,1.53432281309797));
#12414=CARTESIAN_POINT('',(-9.44768086535258,-6.3,1.53432281309797));
#12415=CARTESIAN_POINT('',(-8.73621665347247,-6.3,-0.581827150442849));
#12416=CARTESIAN_POINT('',(-9.44768086535258,-6.25,1.53432281309797));
#12417=CARTESIAN_POINT('',(-9.44768086535258,-6.3,1.53432281309797));
#12418=CARTESIAN_POINT('',(-9.44768086535258,-6.25,1.53432281309797));
#12419=CARTESIAN_POINT('Ctrl Pts',(-9.40037103162349,-6.3,1.49999999254941));
#12420=CARTESIAN_POINT('Ctrl Pts',(-9.40037103162349,-6.25,1.49999999254941));
#12421=CARTESIAN_POINT('Ctrl Pts',(-9.43654913976927,-6.3,1.49999999254941));
#12422=CARTESIAN_POINT('Ctrl Pts',(-9.43654913976927,-6.25,1.49999999254941));
#12423=CARTESIAN_POINT('Ctrl Pts',(-9.44768086535258,-6.3,1.53432281309797));
#12424=CARTESIAN_POINT('Ctrl Pts',(-9.44768086535258,-6.25,1.53432281309797));
#12425=CARTESIAN_POINT('',(-9.40037103162349,-6.3,1.49999999254941));
#12426=CARTESIAN_POINT('Ctrl Pts',(-9.40037103162349,-6.3,1.49999999254941));
#12427=CARTESIAN_POINT('Ctrl Pts',(-9.43654913976927,-6.3,1.49999999254941));
#12428=CARTESIAN_POINT('Ctrl Pts',(-9.44768086535258,-6.3,1.53432281309797));
#12429=CARTESIAN_POINT('',(-9.40037103162349,-6.25,1.49999999254941));
#12430=CARTESIAN_POINT('',(-9.40037103162349,-6.3,1.49999999254941));
#12431=CARTESIAN_POINT('Ctrl Pts',(-9.40037103162349,-6.25,1.49999999254941));
#12432=CARTESIAN_POINT('Ctrl Pts',(-9.43654913976927,-6.25,1.49999999254941));
#12433=CARTESIAN_POINT('Ctrl Pts',(-9.44768086535258,-6.25,1.53432281309797));
#12434=CARTESIAN_POINT('Ctrl Pts',(-9.35027826649857,-6.3,1.55009275767433));
#12435=CARTESIAN_POINT('Ctrl Pts',(-9.35027826649857,-6.25,1.55009275767433));
#12436=CARTESIAN_POINT('Ctrl Pts',(-9.35027826649857,-6.3,1.49999999254941));
#12437=CARTESIAN_POINT('Ctrl Pts',(-9.35027826649857,-6.25,1.49999999254941));
#12438=CARTESIAN_POINT('Ctrl Pts',(-9.40037103162349,-6.3,1.49999999254941));
#12439=CARTESIAN_POINT('Ctrl Pts',(-9.40037103162349,-6.25,1.49999999254941));
#12440=CARTESIAN_POINT('Ctrl Pts',(-9.35027826649857,-6.3,1.55009275767433));
#12441=CARTESIAN_POINT('Ctrl Pts',(-9.35027826649857,-6.3,1.49999999254941));
#12442=CARTESIAN_POINT('Ctrl Pts',(-9.40037103162349,-6.3,1.49999999254941));
#12443=CARTESIAN_POINT('Ctrl Pts',(-9.35027826649857,-6.25,1.55009275767433));
#12444=CARTESIAN_POINT('Ctrl Pts',(-9.35027826649857,-6.25,1.49999999254941));
#12445=CARTESIAN_POINT('Ctrl Pts',(-9.40037103162349,-6.25,1.49999999254941));
#12446=CARTESIAN_POINT('Origin',(-9.70008398436978,-6.25,1.90348676857529));
#12447=CARTESIAN_POINT('Origin',(9.7000000055983,-6.3,2.10018553024984));
#12448=CARTESIAN_POINT('',(9.50055658889724,-6.3,2.10018553024984));
#12449=CARTESIAN_POINT('',(9.7000000055983,-6.3,2.10018553024984));
#12450=CARTESIAN_POINT('',(4.85000000279915,-6.3,2.10018553024985));
#12451=CARTESIAN_POINT('',(9.50055658889724,-6.25,2.10018553024984));
#12452=CARTESIAN_POINT('',(9.50055658889724,-6.3,2.10018553024984));
#12453=CARTESIAN_POINT('',(9.7000000055983,-6.25,2.10018553024984));
#12454=CARTESIAN_POINT('',(9.66964859191403,-6.25,2.10018553024984));
#12455=CARTESIAN_POINT('',(9.7000000055983,-6.3,2.10018553024984));
#12456=CARTESIAN_POINT('Ctrl Pts',(9.85027830097306,-6.3,2.2504638256246));
#12457=CARTESIAN_POINT('Ctrl Pts',(9.85027830097306,-6.25,2.2504638256246));
#12458=CARTESIAN_POINT('Ctrl Pts',(9.85027830097306,-6.3,2.18831169111776));
#12459=CARTESIAN_POINT('Ctrl Pts',(9.85027830097306,-6.25,2.18831169111776));
#12460=CARTESIAN_POINT('Ctrl Pts',(9.76215214010515,-6.3,2.10018553024984));
#12461=CARTESIAN_POINT('Ctrl Pts',(9.76215214010515,-6.25,2.10018553024984));
#12462=CARTESIAN_POINT('Ctrl Pts',(9.7000000055983,-6.3,2.10018553024984));
#12463=CARTESIAN_POINT('Ctrl Pts',(9.7000000055983,-6.25,2.10018553024984));
#12464=CARTESIAN_POINT('',(9.85027830097306,-6.3,2.2504638256246));
#12465=CARTESIAN_POINT('Ctrl Pts',(9.7000000055983,-6.3,2.10018553024984));
#12466=CARTESIAN_POINT('Ctrl Pts',(9.76215214010515,-6.3,2.10018553024984));
#12467=CARTESIAN_POINT('Ctrl Pts',(9.85027830097306,-6.3,2.18831169111776));
#12468=CARTESIAN_POINT('Ctrl Pts',(9.85027830097306,-6.3,2.2504638256246));
#12469=CARTESIAN_POINT('',(9.85027830097306,-6.25,2.2504638256246));
#12470=CARTESIAN_POINT('Ctrl Pts',(9.7000000055983,-6.25,2.10018553024984));
#12471=CARTESIAN_POINT('Ctrl Pts',(9.76215214010515,-6.25,2.10018553024984));
#12472=CARTESIAN_POINT('Ctrl Pts',(9.85027830097306,-6.25,2.18831169111776));
#12473=CARTESIAN_POINT('Ctrl Pts',(9.85027830097306,-6.25,2.2504638256246));
#12474=CARTESIAN_POINT('',(9.85027830097306,-6.3,2.2504638256246));
#12475=CARTESIAN_POINT('Ctrl Pts',(9.7000000055983,-6.3,2.39981447720075));
#12476=CARTESIAN_POINT('Ctrl Pts',(9.7000000055983,-6.25,2.39981447720075));
#12477=CARTESIAN_POINT('Ctrl Pts',(9.76215214010515,-6.3,2.39981447720075));
#12478=CARTESIAN_POINT('Ctrl Pts',(9.76215214010515,-6.25,2.39981447720075));
#12479=CARTESIAN_POINT('Ctrl Pts',(9.85027830097306,-6.3,2.31168831633284));
#12480=CARTESIAN_POINT('Ctrl Pts',(9.85027830097306,-6.25,2.31168831633284));
#12481=CARTESIAN_POINT('Ctrl Pts',(9.85027830097306,-6.3,2.2504638256246));
#12482=CARTESIAN_POINT('Ctrl Pts',(9.85027830097306,-6.25,2.2504638256246));
#12483=CARTESIAN_POINT('',(9.7000000055983,-6.3,2.39981447720075));
#12484=CARTESIAN_POINT('Ctrl Pts',(9.85027830097306,-6.3,2.2504638256246));
#12485=CARTESIAN_POINT('Ctrl Pts',(9.85027830097306,-6.3,2.31168831633284));
#12486=CARTESIAN_POINT('Ctrl Pts',(9.76215214010515,-6.3,2.39981447720075));
#12487=CARTESIAN_POINT('Ctrl Pts',(9.7000000055983,-6.3,2.39981447720075));
#12488=CARTESIAN_POINT('',(9.7000000055983,-6.25,2.39981447720075));
#12489=CARTESIAN_POINT('Ctrl Pts',(9.85027830097306,-6.25,2.2504638256246));
#12490=CARTESIAN_POINT('Ctrl Pts',(9.85027830097306,-6.25,2.31168831633284));
#12491=CARTESIAN_POINT('Ctrl Pts',(9.76215214010515,-6.25,2.39981447720075));
#12492=CARTESIAN_POINT('Ctrl Pts',(9.7000000055983,-6.25,2.39981447720075));
#12493=CARTESIAN_POINT('',(9.7000000055983,-6.3,2.39981447720075));
#12494=CARTESIAN_POINT('Origin',(9.50055658889724,-6.3,2.39981447720075));
#12495=CARTESIAN_POINT('',(9.50055658889724,-6.3,2.39981447720075));
#12496=CARTESIAN_POINT('',(4.75027829444862,-6.3,2.39981447720076));
#12497=CARTESIAN_POINT('',(9.50055658889724,-6.25,2.39981447720075));
#12498=CARTESIAN_POINT('',(9.56992688356349,-6.25,2.39981447720075));
#12499=CARTESIAN_POINT('',(9.50055658889724,-6.3,2.39981447720075));
#12500=CARTESIAN_POINT('Origin',(9.50055658889724,-6.3,2.10018553024984));
#12501=CARTESIAN_POINT('',(9.50055658889723,-6.3,1.0500927651249));
#12502=CARTESIAN_POINT('',(9.50055658889724,-6.25,2.04881287319736));
#12503=CARTESIAN_POINT('Origin',(9.70092764939691,-6.3,1.60018552279926));
#12504=CARTESIAN_POINT('',(9.50055658889724,-6.3,1.60018552279926));
#12505=CARTESIAN_POINT('',(9.70092764939691,-6.3,1.60018552279926));
#12506=CARTESIAN_POINT('',(4.85046382469846,-6.3,1.60018552279927));
#12507=CARTESIAN_POINT('',(9.50055658889724,-6.25,1.60018552279926));
#12508=CARTESIAN_POINT('',(9.50055658889724,-6.3,1.60018552279926));
#12509=CARTESIAN_POINT('',(9.70092764939691,-6.25,1.60018552279926));
#12510=CARTESIAN_POINT('',(9.67011241381333,-6.25,1.60018552279926));
#12511=CARTESIAN_POINT('',(9.70092764939691,-6.3,1.60018552279926));
#12512=CARTESIAN_POINT('Ctrl Pts',(9.90037106609798,-6.3,1.80055658329894));
#12513=CARTESIAN_POINT('Ctrl Pts',(9.90037106609798,-6.25,1.80055658329894));
#12514=CARTESIAN_POINT('Ctrl Pts',(9.90037106609798,-6.3,1.71614099762547));
#12515=CARTESIAN_POINT('Ctrl Pts',(9.90037106609798,-6.25,1.71614099762547));
#12516=CARTESIAN_POINT('Ctrl Pts',(9.78441559127178,-6.3,1.60018552279926));
#12517=CARTESIAN_POINT('Ctrl Pts',(9.78441559127178,-6.25,1.60018552279926));
#12518=CARTESIAN_POINT('Ctrl Pts',(9.70092764939691,-6.3,1.60018552279926));
#12519=CARTESIAN_POINT('Ctrl Pts',(9.70092764939691,-6.25,1.60018552279926));
#12520=CARTESIAN_POINT('',(9.90037106609798,-6.3,1.80055658329894));
#12521=CARTESIAN_POINT('Ctrl Pts',(9.70092764939691,-6.3,1.60018552279926));
#12522=CARTESIAN_POINT('Ctrl Pts',(9.78441559127178,-6.3,1.60018552279926));
#12523=CARTESIAN_POINT('Ctrl Pts',(9.90037106609798,-6.3,1.71614099762547));
#12524=CARTESIAN_POINT('Ctrl Pts',(9.90037106609798,-6.3,1.80055658329894));
#12525=CARTESIAN_POINT('',(9.90037106609798,-6.25,1.80055658329894));
#12526=CARTESIAN_POINT('Ctrl Pts',(9.70092764939691,-6.25,1.60018552279926));
#12527=CARTESIAN_POINT('Ctrl Pts',(9.78441559127178,-6.25,1.60018552279926));
#12528=CARTESIAN_POINT('Ctrl Pts',(9.90037106609798,-6.25,1.71614099762547));
#12529=CARTESIAN_POINT('Ctrl Pts',(9.90037106609798,-6.25,1.80055658329894));
#12530=CARTESIAN_POINT('',(9.90037106609798,-6.3,1.80055658329894));
#12531=CARTESIAN_POINT('Ctrl Pts',(9.70092764939691,-6.3,2.00000000000001));
#12532=CARTESIAN_POINT('Ctrl Pts',(9.70092764939691,-6.25,2.00000000000001));
#12533=CARTESIAN_POINT('Ctrl Pts',(9.78441559127178,-6.3,2.00000000000001));
#12534=CARTESIAN_POINT('Ctrl Pts',(9.78441559127178,-6.25,2.00000000000001));
#12535=CARTESIAN_POINT('Ctrl Pts',(9.90037106609798,-6.3,1.8840445251738));
#12536=CARTESIAN_POINT('Ctrl Pts',(9.90037106609798,-6.25,1.8840445251738));
#12537=CARTESIAN_POINT('Ctrl Pts',(9.90037106609798,-6.3,1.80055658329894));
#12538=CARTESIAN_POINT('Ctrl Pts',(9.90037106609798,-6.25,1.80055658329894));
#12539=CARTESIAN_POINT('',(9.70092764939691,-6.3,2.00000000000001));
#12540=CARTESIAN_POINT('Ctrl Pts',(9.90037106609798,-6.3,1.80055658329894));
#12541=CARTESIAN_POINT('Ctrl Pts',(9.90037106609798,-6.3,1.8840445251738));
#12542=CARTESIAN_POINT('Ctrl Pts',(9.78441559127178,-6.3,2.00000000000001));
#12543=CARTESIAN_POINT('Ctrl Pts',(9.70092764939691,-6.3,2.00000000000001));
#12544=CARTESIAN_POINT('',(9.70092764939691,-6.25,2.00000000000001));
#12545=CARTESIAN_POINT('Ctrl Pts',(9.90037106609798,-6.25,1.80055658329894));
#12546=CARTESIAN_POINT('Ctrl Pts',(9.90037106609798,-6.25,1.8840445251738));
#12547=CARTESIAN_POINT('Ctrl Pts',(9.78441559127178,-6.25,2.00000000000001));
#12548=CARTESIAN_POINT('Ctrl Pts',(9.70092764939691,-6.25,2.00000000000001));
#12549=CARTESIAN_POINT('',(9.70092764939691,-6.3,2.00000000000001));
#12550=CARTESIAN_POINT('Origin',(9.50055658889724,-6.3,2.00000000000001));
#12551=CARTESIAN_POINT('',(9.50055658889724,-6.3,2.00000000000001));
#12552=CARTESIAN_POINT('',(4.75027829444862,-6.3,2.00000000000001));
#12553=CARTESIAN_POINT('',(9.50055658889724,-6.25,2.00000000000001));
#12554=CARTESIAN_POINT('',(9.56992688356349,-6.25,2.00000000000001));
#12555=CARTESIAN_POINT('',(9.50055658889724,-6.3,2.00000000000001));
#12556=CARTESIAN_POINT('Origin',(9.50055658889724,-6.3,1.60018552279926));
#12557=CARTESIAN_POINT('',(9.50055658889724,-6.3,0.800092761399631));
#12558=CARTESIAN_POINT('',(9.50055658889724,-6.25,1.79881286947207));
#12559=CARTESIAN_POINT('Ctrl Pts',(9.9504638312229,-6.3,2.2504638256246));
#12560=CARTESIAN_POINT('Ctrl Pts',(9.9504638312229,-6.25,2.2504638256246));
#12561=CARTESIAN_POINT('Ctrl Pts',(9.9504638312229,-6.3,2.13079777560396));
#12562=CARTESIAN_POINT('Ctrl Pts',(9.9504638312229,-6.25,2.13079777560396));
#12563=CARTESIAN_POINT('Ctrl Pts',(9.85769945136194,-6.3,2.05565862791658));
#12564=CARTESIAN_POINT('Ctrl Pts',(9.85769945136194,-6.25,2.05565862791658));
#12565=CARTESIAN_POINT('',(9.9504638312229,-6.3,2.2504638256246));
#12566=CARTESIAN_POINT('',(9.85769945136194,-6.3,2.05565862791658));
#12567=CARTESIAN_POINT('Ctrl Pts',(9.9504638312229,-6.3,2.2504638256246));
#12568=CARTESIAN_POINT('Ctrl Pts',(9.9504638312229,-6.3,2.13079777560396));
#12569=CARTESIAN_POINT('Ctrl Pts',(9.85769945136194,-6.3,2.05565862791658));
#12570=CARTESIAN_POINT('',(9.9504638312229,-6.25,2.2504638256246));
#12571=CARTESIAN_POINT('',(9.9504638312229,-6.3,2.2504638256246));
#12572=CARTESIAN_POINT('',(9.85769945136194,-6.25,2.05565862791658));
#12573=CARTESIAN_POINT('Ctrl Pts',(9.9504638312229,-6.25,2.2504638256246));
#12574=CARTESIAN_POINT('Ctrl Pts',(9.9504638312229,-6.25,2.13079777560396));
#12575=CARTESIAN_POINT('Ctrl Pts',(9.85769945136194,-6.25,2.05565862791658));
#12576=CARTESIAN_POINT('',(9.85769945136194,-6.3,2.05565862791658));
#12577=CARTESIAN_POINT('Ctrl Pts',(9.7000000055983,-6.3,2.50000000745059));
#12578=CARTESIAN_POINT('Ctrl Pts',(9.7000000055983,-6.25,2.50000000745059));
#12579=CARTESIAN_POINT('Ctrl Pts',(9.8057513986398,-6.3,2.50000000745059));
#12580=CARTESIAN_POINT('Ctrl Pts',(9.8057513986398,-6.25,2.50000000745059));
#12581=CARTESIAN_POINT('Ctrl Pts',(9.9504638312229,-6.3,2.35528757486749));
#12582=CARTESIAN_POINT('Ctrl Pts',(9.9504638312229,-6.25,2.35528757486749));
#12583=CARTESIAN_POINT('Ctrl Pts',(9.9504638312229,-6.3,2.2504638256246));
#12584=CARTESIAN_POINT('Ctrl Pts',(9.9504638312229,-6.25,2.2504638256246));
#12585=CARTESIAN_POINT('',(9.7000000055983,-6.3,2.50000000745059));
#12586=CARTESIAN_POINT('Ctrl Pts',(9.7000000055983,-6.3,2.50000000745059));
#12587=CARTESIAN_POINT('Ctrl Pts',(9.8057513986398,-6.3,2.50000000745059));
#12588=CARTESIAN_POINT('Ctrl Pts',(9.9504638312229,-6.3,2.35528757486749));
#12589=CARTESIAN_POINT('Ctrl Pts',(9.9504638312229,-6.3,2.2504638256246));
#12590=CARTESIAN_POINT('',(9.7000000055983,-6.25,2.50000000745059));
#12591=CARTESIAN_POINT('',(9.7000000055983,-6.3,2.50000000745059));
#12592=CARTESIAN_POINT('Ctrl Pts',(9.7000000055983,-6.25,2.50000000745059));
#12593=CARTESIAN_POINT('Ctrl Pts',(9.8057513986398,-6.25,2.50000000745059));
#12594=CARTESIAN_POINT('Ctrl Pts',(9.9504638312229,-6.25,2.35528757486749));
#12595=CARTESIAN_POINT('Ctrl Pts',(9.9504638312229,-6.25,2.2504638256246));
#12596=CARTESIAN_POINT('Origin',(9.45046382377232,-6.3,2.50000000745059));
#12597=CARTESIAN_POINT('',(9.45046382377232,-6.3,2.50000000745059));
#12598=CARTESIAN_POINT('',(4.72523191188616,-6.3,2.50000000745059));
#12599=CARTESIAN_POINT('',(9.45046382377232,-6.25,2.50000000745059));
#12600=CARTESIAN_POINT('',(9.45046382377232,-6.3,2.50000000745059));
#12601=CARTESIAN_POINT('',(9.45046382377232,-6.25,2.50000000745059));
#12602=CARTESIAN_POINT('Ctrl Pts',(9.4003710586474,-6.3,2.44990724232567));
#12603=CARTESIAN_POINT('Ctrl Pts',(9.4003710586474,-6.25,2.44990724232567));
#12604=CARTESIAN_POINT('Ctrl Pts',(9.4003710586474,-6.3,2.50000000745059));
#12605=CARTESIAN_POINT('Ctrl Pts',(9.4003710586474,-6.25,2.50000000745059));
#12606=CARTESIAN_POINT('Ctrl Pts',(9.45046382377232,-6.3,2.50000000745059));
#12607=CARTESIAN_POINT('Ctrl Pts',(9.45046382377232,-6.25,2.50000000745059));
#12608=CARTESIAN_POINT('',(9.4003710586474,-6.3,2.44990724232567));
#12609=CARTESIAN_POINT('Ctrl Pts',(9.4003710586474,-6.3,2.44990724232567));
#12610=CARTESIAN_POINT('Ctrl Pts',(9.4003710586474,-6.3,2.50000000745059));
#12611=CARTESIAN_POINT('Ctrl Pts',(9.45046382377232,-6.3,2.50000000745059));
#12612=CARTESIAN_POINT('',(9.4003710586474,-6.25,2.44990724232567));
#12613=CARTESIAN_POINT('',(9.4003710586474,-6.3,2.44990724232567));
#12614=CARTESIAN_POINT('Ctrl Pts',(9.4003710586474,-6.25,2.44990724232567));
#12615=CARTESIAN_POINT('Ctrl Pts',(9.4003710586474,-6.25,2.50000000745059));
#12616=CARTESIAN_POINT('Ctrl Pts',(9.45046382377232,-6.25,2.50000000745059));
#12617=CARTESIAN_POINT('Origin',(9.4003710586474,-6.3,1.55009275767435));
#12618=CARTESIAN_POINT('',(9.4003710586474,-6.3,1.55009275767435));
#12619=CARTESIAN_POINT('',(9.4003710586474,-6.3,0.775046378837166));
#12620=CARTESIAN_POINT('',(9.4003710586474,-6.25,1.55009275767435));
#12621=CARTESIAN_POINT('',(9.4003710586474,-6.3,1.55009275767435));
#12622=CARTESIAN_POINT('',(9.4003710586474,-6.25,1.55009275767435));
#12623=CARTESIAN_POINT('Ctrl Pts',(9.45046382377232,-6.3,1.49999999254943));
#12624=CARTESIAN_POINT('Ctrl Pts',(9.45046382377232,-6.25,1.49999999254943));
#12625=CARTESIAN_POINT('Ctrl Pts',(9.4003710586474,-6.3,1.49999999254943));
#12626=CARTESIAN_POINT('Ctrl Pts',(9.4003710586474,-6.25,1.49999999254943));
#12627=CARTESIAN_POINT('Ctrl Pts',(9.4003710586474,-6.3,1.55009275767435));
#12628=CARTESIAN_POINT('Ctrl Pts',(9.4003710586474,-6.25,1.55009275767435));
#12629=CARTESIAN_POINT('',(9.45046382377232,-6.3,1.49999999254943));
#12630=CARTESIAN_POINT('Ctrl Pts',(9.45046382377232,-6.3,1.49999999254943));
#12631=CARTESIAN_POINT('Ctrl Pts',(9.4003710586474,-6.3,1.49999999254943));
#12632=CARTESIAN_POINT('Ctrl Pts',(9.4003710586474,-6.3,1.55009275767435));
#12633=CARTESIAN_POINT('',(9.45046382377232,-6.25,1.49999999254943));
#12634=CARTESIAN_POINT('',(9.45046382377232,-6.3,1.49999999254943));
#12635=CARTESIAN_POINT('Ctrl Pts',(9.45046382377232,-6.25,1.49999999254943));
#12636=CARTESIAN_POINT('Ctrl Pts',(9.4003710586474,-6.25,1.49999999254943));
#12637=CARTESIAN_POINT('Ctrl Pts',(9.4003710586474,-6.25,1.55009275767435));
#12638=CARTESIAN_POINT('Origin',(9.70092764939691,-6.3,1.49999999254943));
#12639=CARTESIAN_POINT('',(9.70092764939691,-6.3,1.49999999254943));
#12640=CARTESIAN_POINT('',(4.85046382469846,-6.3,1.49999999254943));
#12641=CARTESIAN_POINT('',(9.70092764939691,-6.25,1.49999999254943));
#12642=CARTESIAN_POINT('',(9.70092764939691,-6.3,1.49999999254943));
#12643=CARTESIAN_POINT('',(9.70092764939691,-6.25,1.49999999254943));
#12644=CARTESIAN_POINT('Ctrl Pts',(10.0005565963478,-6.3,1.79962893950033));
#12645=CARTESIAN_POINT('Ctrl Pts',(10.0005565963478,-6.25,1.79962893950033));
#12646=CARTESIAN_POINT('Ctrl Pts',(10.0005565963478,-6.3,1.67625231428525));
#12647=CARTESIAN_POINT('Ctrl Pts',(10.0005565963478,-6.25,1.67625231428525));
#12648=CARTESIAN_POINT('Ctrl Pts',(9.82430427461199,-6.3,1.49999999254943));
#12649=CARTESIAN_POINT('Ctrl Pts',(9.82430427461199,-6.25,1.49999999254943));
#12650=CARTESIAN_POINT('Ctrl Pts',(9.70092764939691,-6.3,1.49999999254943));
#12651=CARTESIAN_POINT('Ctrl Pts',(9.70092764939691,-6.25,1.49999999254943));
#12652=CARTESIAN_POINT('',(10.0005565963478,-6.3,1.79962893950033));
#12653=CARTESIAN_POINT('Ctrl Pts',(10.0005565963478,-6.3,1.79962893950033));
#12654=CARTESIAN_POINT('Ctrl Pts',(10.0005565963478,-6.3,1.67625231428525));
#12655=CARTESIAN_POINT('Ctrl Pts',(9.82430427461199,-6.3,1.49999999254943));
#12656=CARTESIAN_POINT('Ctrl Pts',(9.70092764939691,-6.3,1.49999999254943));
#12657=CARTESIAN_POINT('',(10.0005565963478,-6.25,1.79962893950033));
#12658=CARTESIAN_POINT('',(10.0005565963478,-6.3,1.79962893950033));
#12659=CARTESIAN_POINT('Ctrl Pts',(10.0005565963478,-6.25,1.79962893950033));
#12660=CARTESIAN_POINT('Ctrl Pts',(10.0005565963478,-6.25,1.67625231428525));
#12661=CARTESIAN_POINT('Ctrl Pts',(9.82430427461199,-6.25,1.49999999254943));
#12662=CARTESIAN_POINT('Ctrl Pts',(9.70092764939691,-6.25,1.49999999254943));
#12663=CARTESIAN_POINT('Ctrl Pts',(9.85769945136194,-6.3,2.05565862791658));
#12664=CARTESIAN_POINT('Ctrl Pts',(9.85769945136194,-6.25,2.05565862791658));
#12665=CARTESIAN_POINT('Ctrl Pts',(10.0005565963478,-6.3,1.9703153984445));
#12666=CARTESIAN_POINT('Ctrl Pts',(10.0005565963478,-6.25,1.9703153984445));
#12667=CARTESIAN_POINT('Ctrl Pts',(10.0005565963478,-6.3,1.79962893950033));
#12668=CARTESIAN_POINT('Ctrl Pts',(10.0005565963478,-6.25,1.79962893950033));
#12669=CARTESIAN_POINT('Ctrl Pts',(9.85769945136194,-6.3,2.05565862791658));
#12670=CARTESIAN_POINT('Ctrl Pts',(10.0005565963478,-6.3,1.9703153984445));
#12671=CARTESIAN_POINT('Ctrl Pts',(10.0005565963478,-6.3,1.79962893950033));
#12672=CARTESIAN_POINT('Ctrl Pts',(9.85769945136194,-6.25,2.05565862791658));
#12673=CARTESIAN_POINT('Ctrl Pts',(10.0005565963478,-6.25,1.9703153984445));
#12674=CARTESIAN_POINT('Ctrl Pts',(10.0005565963478,-6.25,1.79962893950033));
#12675=CARTESIAN_POINT('Origin',(9.63929717822975,-6.25,1.99744021614487));
#12676=CARTESIAN_POINT('Origin',(2.22044604925031E-15,-6.3,-2.22044604925031E-15));
#12677=CARTESIAN_POINT('',(-11.4401250394579,-6.3,2.2871286845165));
#12678=CARTESIAN_POINT('',(-10.8,-6.3,3.05));
#12679=CARTESIAN_POINT('Origin',(-10.8,-6.3,2.4));
#12680=CARTESIAN_POINT('',(-10.5937555320573,-6.3,-2.51287131548349));
#12681=CARTESIAN_POINT('',(-11.0720830295845,-6.3,0.199858725065645));
#12682=CARTESIAN_POINT('',(-9.95363049259937,-6.3,-3.05));
#12683=CARTESIAN_POINT('Origin',(-9.95363049259937,-6.3,-2.39999999999999));
#12684=CARTESIAN_POINT('',(9.95363049259937,-6.3,-3.05));
#12685=CARTESIAN_POINT('',(-4.97681524629968,-6.3,-3.05));
#12686=CARTESIAN_POINT('',(10.5937555320573,-6.3,-2.51287131548351));
#12687=CARTESIAN_POINT('Origin',(9.95363049259937,-6.3,-2.4));
#12688=CARTESIAN_POINT('',(11.4401250394579,-6.3,2.2871286845165));
#12689=CARTESIAN_POINT('',(10.6488982758842,-6.3,-2.20014127493436));
#12690=CARTESIAN_POINT('',(10.8,-6.3,3.05));
#12691=CARTESIAN_POINT('Origin',(10.8,-6.3,2.4));
#12692=CARTESIAN_POINT('',(5.4,-6.3,3.05));
#12693=CARTESIAN_POINT('',(-3.67,-6.3,-1.42));
#12694=CARTESIAN_POINT('Origin',(-2.77,-6.3,-1.42));
#12695=CARTESIAN_POINT('',(0.484999999999999,-6.3,1.42));
#12696=CARTESIAN_POINT('Origin',(1.385,-6.3,1.42));
#12697=CARTESIAN_POINT('',(-2.285,-6.3,1.42));
#12698=CARTESIAN_POINT('Origin',(-1.385,-6.3,1.42));
#12699=CARTESIAN_POINT('',(1.87,-6.3,-1.42));
#12700=CARTESIAN_POINT('Origin',(2.77,-6.3,-1.42));
#12701=CARTESIAN_POINT('',(-0.9,-6.3,-1.42));
#12702=CARTESIAN_POINT('Origin',(1.73899845478924E-16,-6.3,-1.42));
#12703=CARTESIAN_POINT('',(-4.26,-6.3,3.18408167778312E-16));
#12704=CARTESIAN_POINT('Origin',(-6.86,-6.3,0.));
#12705=CARTESIAN_POINT('',(9.46,-6.3,3.69756146921116E-15));
#12706=CARTESIAN_POINT('Origin',(6.86,-6.3,3.37915330143285E-15));
#12707=CARTESIAN_POINT('Origin',(2.22044604925031E-15,-6.3,-2.22044604925031E-15));
#12708=CARTESIAN_POINT('Origin',(2.22044604925031E-15,-6.3,-2.22044604925031E-15));
#12709=CARTESIAN_POINT('Origin',(-10.8,-6.2,2.4));
#12710=CARTESIAN_POINT('',(-10.8,-6.2,3.15));
#12711=CARTESIAN_POINT('Origin',(-10.8,-6.2,3.05));
#12712=CARTESIAN_POINT('',(-11.5386058147592,-6.2,2.26976386674981));
#12713=CARTESIAN_POINT('Origin',(-10.8,-6.2,2.4));
#12714=CARTESIAN_POINT('Origin',(-11.4401250394579,-6.2,2.2871286845165));
#12715=CARTESIAN_POINT('Origin',(-11.0720830295845,-6.2,0.199858725065645));
#12716=CARTESIAN_POINT('',(-10.6922363073585,-6.2,-2.53023613325019));
#12717=CARTESIAN_POINT('Origin',(-10.5937555320573,-6.2,-2.51287131548349));
#12718=CARTESIAN_POINT('',(-11.1705638048857,-6.2,0.182493907298952));
#12719=CARTESIAN_POINT('Origin',(-9.95363049259937,-6.2,-2.39999999999999));
#12720=CARTESIAN_POINT('',(-9.95363049259937,-6.2,-3.15));
#12721=CARTESIAN_POINT('Origin',(-9.95363049259937,-6.2,-3.05));
#12722=CARTESIAN_POINT('Origin',(-9.95363049259937,-6.2,-2.39999999999999));
#12723=CARTESIAN_POINT('Origin',(-4.97681524629968,-6.2,-3.05));
#12724=CARTESIAN_POINT('',(9.95363049259937,-6.2,-3.15));
#12725=CARTESIAN_POINT('Origin',(9.95363049259937,-6.2,-3.05));
#12726=CARTESIAN_POINT('',(-4.97681524629968,-6.2,-3.15));
#12727=CARTESIAN_POINT('Origin',(9.95363049259937,-6.2,-2.4));
#12728=CARTESIAN_POINT('',(10.6922363073585,-6.2,-2.5302361332502));
#12729=CARTESIAN_POINT('Origin',(10.5937555320573,-6.2,-2.51287131548351));
#12730=CARTESIAN_POINT('Origin',(9.95363049259937,-6.2,-2.4));
#12731=CARTESIAN_POINT('Origin',(10.6488982758842,-6.2,-2.20014127493436));
#12732=CARTESIAN_POINT('',(11.5386058147592,-6.2,2.2697638667498));
#12733=CARTESIAN_POINT('Origin',(11.4401250394579,-6.2,2.2871286845165));
#12734=CARTESIAN_POINT('',(10.7473790511854,-6.2,-2.21750609270105));
#12735=CARTESIAN_POINT('Origin',(10.8,-6.2,2.4));
#12736=CARTESIAN_POINT('',(10.8,-6.2,3.15));
#12737=CARTESIAN_POINT('Origin',(10.8,-6.2,3.05));
#12738=CARTESIAN_POINT('Origin',(10.8,-6.2,2.4));
#12739=CARTESIAN_POINT('Origin',(5.4,-6.2,3.05));
#12740=CARTESIAN_POINT('',(5.4,-6.2,3.15));
#12741=CARTESIAN_POINT('Origin',(-9.95363049259937,-5.9,-3.15));
#12742=CARTESIAN_POINT('',(-9.95363049259937,-5.9,-3.15));
#12743=CARTESIAN_POINT('',(-9.95363049259937,-5.9,-3.15));
#12744=CARTESIAN_POINT('',(9.95363049259937,-5.9,-3.15));
#12745=CARTESIAN_POINT('',(-4.97681524629968,-5.9,-3.15));
#12746=CARTESIAN_POINT('',(9.95363049259937,-5.9,-3.15));
#12747=CARTESIAN_POINT('Origin',(-9.95363049259937,-5.9,-2.39999999999999));
#12748=CARTESIAN_POINT('',(-10.6922363073585,-5.9,-2.53023613325019));
#12749=CARTESIAN_POINT('',(-10.6922363073585,-5.9,-2.53023613325019));
#12750=CARTESIAN_POINT('Origin',(-9.95363049259937,-5.9,-2.39999999999999));
#12751=CARTESIAN_POINT('Origin',(-11.5386058147592,-5.9,2.26976386674981));
#12752=CARTESIAN_POINT('',(-11.5386058147592,-5.9,2.26976386674981));
#12753=CARTESIAN_POINT('',(-11.5386058147592,-5.9,2.26976386674981));
#12754=CARTESIAN_POINT('',(-11.1705638048857,-5.9,0.182493907298955));
#12755=CARTESIAN_POINT('Origin',(-10.8,-5.9,2.4));
#12756=CARTESIAN_POINT('',(-10.8,-5.9,3.15));
#12757=CARTESIAN_POINT('',(-10.8,-5.9,3.15));
#12758=CARTESIAN_POINT('Origin',(-10.8,-5.9,2.4));
#12759=CARTESIAN_POINT('Origin',(2.22044604925031E-15,-6.3,-2.22044604925031E-15));
#12760=CARTESIAN_POINT('Origin',(9.95363049259937,5.,-2.4));
#12761=CARTESIAN_POINT('',(11.0369190209128,5.1,-2.59101299543363));
#12762=CARTESIAN_POINT('',(11.135399796214,5.,-2.60837781320032));
#12763=CARTESIAN_POINT('Origin',(11.0369190209128,5.,-2.59101299543363));
#12764=CARTESIAN_POINT('',(9.95363049259937,5.,-3.6));
#12765=CARTESIAN_POINT('Origin',(9.95363049259937,5.,-2.4));
#12766=CARTESIAN_POINT('',(9.95363049259937,5.1,-3.5));
#12767=CARTESIAN_POINT('Origin',(9.95363049259937,5.,-3.5));
#12768=CARTESIAN_POINT('Origin',(9.95363049259937,5.1,-2.4));
#12769=CARTESIAN_POINT('Origin',(4.97681524629968,5.,-3.5));
#12770=CARTESIAN_POINT('',(-9.95363049259937,5.,-3.59999999999999));
#12771=CARTESIAN_POINT('',(-9.95363049259937,5.1,-3.49999999999999));
#12772=CARTESIAN_POINT('Origin',(-9.95363049259937,5.,-3.49999999999999));
#12773=CARTESIAN_POINT('',(4.97681524629968,5.1,-3.5));
#12774=CARTESIAN_POINT('',(4.97681524629968,5.,-3.6));
#12775=CARTESIAN_POINT('Origin',(-9.95363049259937,5.,-2.39999999999999));
#12776=CARTESIAN_POINT('',(-11.135399796214,5.,-2.6083778132003));
#12777=CARTESIAN_POINT('',(-11.0369190209128,5.1,-2.59101299543361));
#12778=CARTESIAN_POINT('Origin',(-11.0369190209128,5.,-2.59101299543361));
#12779=CARTESIAN_POINT('Origin',(-9.95363049259937,5.1,-2.39999999999999));
#12780=CARTESIAN_POINT('Origin',(-9.95363049259937,5.,-2.39999999999999));
#12781=CARTESIAN_POINT('Origin',(-11.0920617647397,5.,-2.27828295488445));
#12782=CARTESIAN_POINT('',(-11.9817693036146,5.,2.19162218679969));
#12783=CARTESIAN_POINT('',(-11.8832885283134,5.1,2.20898700456638));
#12784=CARTESIAN_POINT('Origin',(-11.8832885283134,5.,2.20898700456638));
#12785=CARTESIAN_POINT('',(-11.0920617647397,5.1,-2.27828295488445));
#12786=CARTESIAN_POINT('',(-11.1905425400409,5.,-2.29564777265114));
#12787=CARTESIAN_POINT('Origin',(-10.8,5.,2.4));
#12788=CARTESIAN_POINT('',(-10.8,5.,3.60000000000002));
#12789=CARTESIAN_POINT('',(-10.8,5.1,3.5));
#12790=CARTESIAN_POINT('Origin',(-10.8,5.,3.5));
#12791=CARTESIAN_POINT('Origin',(-10.8,5.1,2.4));
#12792=CARTESIAN_POINT('Origin',(-10.8,5.,2.4));
#12793=CARTESIAN_POINT('Origin',(-5.4,5.,3.50000000000001));
#12794=CARTESIAN_POINT('',(10.8,5.,3.6));
#12795=CARTESIAN_POINT('',(10.8,5.1,3.5));
#12796=CARTESIAN_POINT('Origin',(10.8,5.,3.5));
#12797=CARTESIAN_POINT('',(-5.4,5.1,3.50000000000001));
#12798=CARTESIAN_POINT('',(-5.4,5.,3.60000000000001));
#12799=CARTESIAN_POINT('Origin',(10.8,5.,2.4));
#12800=CARTESIAN_POINT('',(11.9817693036147,5.,2.19162218679968));
#12801=CARTESIAN_POINT('',(11.8832885283134,5.1,2.20898700456638));
#12802=CARTESIAN_POINT('Origin',(11.8832885283134,5.,2.20898700456638));
#12803=CARTESIAN_POINT('Origin',(10.8,5.1,2.4));
#12804=CARTESIAN_POINT('Origin',(10.8,5.,2.4));
#12805=CARTESIAN_POINT('Origin',(11.51524651844,5.,0.121717045115525));
#12806=CARTESIAN_POINT('',(11.51524651844,5.1,0.121717045115525));
#12807=CARTESIAN_POINT('',(11.6137272937412,5.,0.104352227348832));
#12808=CARTESIAN_POINT('Origin',(-11.135399796214,3.7,-2.6083778132003));
#12809=CARTESIAN_POINT('',(-11.135399796214,3.7,-2.6083778132003));
#12810=CARTESIAN_POINT('',(-11.135399796214,3.7,-2.6083778132003));
#12811=CARTESIAN_POINT('',(-11.9817693036146,3.7,2.19162218679969));
#12812=CARTESIAN_POINT('',(-11.1905425400409,3.7,-2.29564777265114));
#12813=CARTESIAN_POINT('',(-11.9817693036146,3.7,2.19162218679969));
#12814=CARTESIAN_POINT('Origin',(-9.95363049259937,3.7,-2.39999999999999));
#12815=CARTESIAN_POINT('',(-9.95363049259937,3.7,-3.59999999999999));
#12816=CARTESIAN_POINT('',(-9.95363049259937,3.7,-3.59999999999999));
#12817=CARTESIAN_POINT('Origin',(-9.95363049259937,3.7,-2.39999999999999));
#12818=CARTESIAN_POINT('Origin',(9.95363049259937,3.7,-3.6));
#12819=CARTESIAN_POINT('',(9.95363049259937,3.7,-3.6));
#12820=CARTESIAN_POINT('',(9.95363049259937,3.7,-3.6));
#12821=CARTESIAN_POINT('',(4.97681524629968,3.7,-3.6));
#12822=CARTESIAN_POINT('Origin',(9.95363049259937,3.7,-2.4));
#12823=CARTESIAN_POINT('',(11.135399796214,3.7,-2.60837781320032));
#12824=CARTESIAN_POINT('',(11.135399796214,3.7,-2.60837781320032));
#12825=CARTESIAN_POINT('Origin',(9.95363049259937,3.7,-2.4));
#12826=CARTESIAN_POINT('Origin',(3.33066907387547E-15,5.1,6.66133814775094E-15));
#12827=CARTESIAN_POINT('',(4.86,5.1,3.13422394160338E-15));
#12828=CARTESIAN_POINT('Origin',(6.86,5.1,3.37915330143285E-15));
#12829=CARTESIAN_POINT('',(-8.86,5.1,-2.44929359829471E-16));
#12830=CARTESIAN_POINT('Origin',(-6.86,5.1,0.));
#12831=CARTESIAN_POINT('',(1.97,5.1,-1.42));
#12832=CARTESIAN_POINT('Origin',(2.77,5.1,-1.42));
#12833=CARTESIAN_POINT('',(-3.57,5.1,-1.42));
#12834=CARTESIAN_POINT('Origin',(-2.77,5.1,-1.42));
#12835=CARTESIAN_POINT('',(0.585,5.1,1.42));
#12836=CARTESIAN_POINT('Origin',(1.385,5.1,1.42));
#12837=CARTESIAN_POINT('',(-2.185,5.1,1.42));
#12838=CARTESIAN_POINT('Origin',(-1.385,5.1,1.42));
#12839=CARTESIAN_POINT('',(-0.8,5.1,-1.42));
#12840=CARTESIAN_POINT('Origin',(1.73899845478924E-16,5.1,-1.42));
#12841=CARTESIAN_POINT('Origin',(1.73899845478924E-16,-25.4542141119683,
-1.42));
#12842=CARTESIAN_POINT('',(-0.8,-2.22044604925031E-15,-1.42));
#12843=CARTESIAN_POINT('',(-0.8,-25.4542141119683,-1.42));
#12844=CARTESIAN_POINT('Origin',(1.73899845478924E-16,0.,-1.42));
#12845=CARTESIAN_POINT('Origin',(-1.385,-25.4542141119683,1.42));
#12846=CARTESIAN_POINT('',(-2.185,-2.22044604925031E-15,1.42));
#12847=CARTESIAN_POINT('',(-2.185,-25.4542141119683,1.42));
#12848=CARTESIAN_POINT('Origin',(-1.385,0.,1.42));
#12849=CARTESIAN_POINT('Origin',(1.385,-25.4542141119683,1.42));
#12850=CARTESIAN_POINT('',(0.585,-2.22044604925031E-15,1.42));
#12851=CARTESIAN_POINT('',(0.585,-25.4542141119683,1.42));
#12852=CARTESIAN_POINT('Origin',(1.385,0.,1.42));
#12853=CARTESIAN_POINT('Origin',(-2.77,-25.4542141119683,-1.42));
#12854=CARTESIAN_POINT('',(-3.57,-2.22044604925031E-15,-1.42));
#12855=CARTESIAN_POINT('',(-3.57,-25.4542141119683,-1.42));
#12856=CARTESIAN_POINT('Origin',(-2.77,0.,-1.42));
#12857=CARTESIAN_POINT('Origin',(2.77,-25.4542141119683,-1.42));
#12858=CARTESIAN_POINT('',(1.97,-2.22044604925031E-15,-1.42));
#12859=CARTESIAN_POINT('',(1.97,-25.4542141119683,-1.42));
#12860=CARTESIAN_POINT('Origin',(2.77,0.,-1.42));
#12861=CARTESIAN_POINT('Origin',(1.73899845478924E-16,0.,-1.42));
#12862=CARTESIAN_POINT('',(-1.,1.11022302462516E-15,-1.42));
#12863=CARTESIAN_POINT('Origin',(1.73899845478924E-16,1.11022302462516E-15,
-1.42));
#12864=CARTESIAN_POINT('Origin',(1.73899845478924E-16,25.2542141119683,
-1.42));
#12865=CARTESIAN_POINT('',(-1.,-5.3,-1.42));
#12866=CARTESIAN_POINT('Origin',(1.73899845478924E-16,-5.3,-1.42));
#12867=CARTESIAN_POINT('',(-1.,25.2542141119683,-1.42));
#12868=CARTESIAN_POINT('Origin',(1.73899845478924E-16,-5.3,-1.42));
#12869=CARTESIAN_POINT('',(-0.6,-5.3,-1.42));
#12870=CARTESIAN_POINT('Origin',(1.73899845478924E-16,-5.3,-1.42));
#12871=CARTESIAN_POINT('Origin',(1.385,0.,1.42));
#12872=CARTESIAN_POINT('',(0.385,1.11022302462516E-15,1.42));
#12873=CARTESIAN_POINT('Origin',(1.385,1.11022302462516E-15,1.42));
#12874=CARTESIAN_POINT('Origin',(1.385,25.2542141119683,1.42));
#12875=CARTESIAN_POINT('',(0.385,-5.3,1.42));
#12876=CARTESIAN_POINT('Origin',(1.385,-5.3,1.42));
#12877=CARTESIAN_POINT('',(0.385,25.2542141119683,1.42));
#12878=CARTESIAN_POINT('Origin',(1.385,-5.3,1.42));
#12879=CARTESIAN_POINT('',(0.785,-5.3,1.42));
#12880=CARTESIAN_POINT('Origin',(1.385,-5.3,1.42));
#12881=CARTESIAN_POINT('Origin',(-1.385,0.,1.42));
#12882=CARTESIAN_POINT('',(-2.385,1.11022302462516E-15,1.42));
#12883=CARTESIAN_POINT('Origin',(-1.385,1.11022302462516E-15,1.42));
#12884=CARTESIAN_POINT('Origin',(-1.385,25.2542141119683,1.42));
#12885=CARTESIAN_POINT('',(-2.385,-5.3,1.42));
#12886=CARTESIAN_POINT('Origin',(-1.385,-5.3,1.42));
#12887=CARTESIAN_POINT('',(-2.385,25.2542141119683,1.42));
#12888=CARTESIAN_POINT('Origin',(-1.385,-5.3,1.42));
#12889=CARTESIAN_POINT('',(-1.985,-5.3,1.42));
#12890=CARTESIAN_POINT('Origin',(-1.385,-5.3,1.42));
#12891=CARTESIAN_POINT('Origin',(2.77,0.,-1.42));
#12892=CARTESIAN_POINT('',(1.77,1.11022302462516E-15,-1.42));
#12893=CARTESIAN_POINT('Origin',(2.77,1.11022302462516E-15,-1.42));
#12894=CARTESIAN_POINT('Origin',(2.77,25.2542141119683,-1.42));
#12895=CARTESIAN_POINT('',(1.77,-5.3,-1.42));
#12896=CARTESIAN_POINT('Origin',(2.77,-5.3,-1.42));
#12897=CARTESIAN_POINT('',(1.77,25.2542141119683,-1.42));
#12898=CARTESIAN_POINT('Origin',(2.77,-5.3,-1.42));
#12899=CARTESIAN_POINT('',(2.17,-5.3,-1.42));
#12900=CARTESIAN_POINT('Origin',(2.77,-5.3,-1.42));
#12901=CARTESIAN_POINT('Origin',(-2.77,0.,-1.42));
#12902=CARTESIAN_POINT('',(-3.77,1.11022302462516E-15,-1.42));
#12903=CARTESIAN_POINT('Origin',(-2.77,1.11022302462516E-15,-1.42));
#12904=CARTESIAN_POINT('Origin',(-2.77,25.2542141119683,-1.42));
#12905=CARTESIAN_POINT('',(-3.77,-5.3,-1.42));
#12906=CARTESIAN_POINT('Origin',(-2.77,-5.3,-1.42));
#12907=CARTESIAN_POINT('',(-3.77,25.2542141119683,-1.42));
#12908=CARTESIAN_POINT('Origin',(-2.77,-5.3,-1.42));
#12909=CARTESIAN_POINT('',(-3.37,-5.3,-1.42));
#12910=CARTESIAN_POINT('Origin',(-2.77,-5.3,-1.42));
#12911=CARTESIAN_POINT('Origin',(-2.77,-6.15,-1.42));
#12912=CARTESIAN_POINT('',(-3.37,-6.,-1.42));
#12913=CARTESIAN_POINT('',(-3.52,-6.15,-1.42));
#12914=CARTESIAN_POINT('Origin',(-2.77,-6.,-1.42));
#12915=CARTESIAN_POINT('Origin',(-2.77,-5.8,-1.42));
#12916=CARTESIAN_POINT('',(-3.37,-5.8,-1.42));
#12917=CARTESIAN_POINT('Origin',(1.385,-6.15,1.42));
#12918=CARTESIAN_POINT('',(0.785,-6.,1.42));
#12919=CARTESIAN_POINT('',(0.635,-6.15,1.42));
#12920=CARTESIAN_POINT('Origin',(1.385,-6.,1.42));
#12921=CARTESIAN_POINT('Origin',(1.385,-5.8,1.42));
#12922=CARTESIAN_POINT('',(0.785,-5.8,1.42));
#12923=CARTESIAN_POINT('Origin',(-1.385,-6.15,1.42));
#12924=CARTESIAN_POINT('',(-1.985,-6.,1.42));
#12925=CARTESIAN_POINT('',(-2.135,-6.15,1.42));
#12926=CARTESIAN_POINT('Origin',(-1.385,-6.,1.42));
#12927=CARTESIAN_POINT('Origin',(-1.385,-5.8,1.42));
#12928=CARTESIAN_POINT('',(-1.985,-5.8,1.42));
#12929=CARTESIAN_POINT('Origin',(2.77,-6.15,-1.42));
#12930=CARTESIAN_POINT('',(2.17,-6.,-1.42));
#12931=CARTESIAN_POINT('',(2.02,-6.15,-1.42));
#12932=CARTESIAN_POINT('Origin',(2.77,-6.,-1.42));
#12933=CARTESIAN_POINT('Origin',(2.77,-5.8,-1.42));
#12934=CARTESIAN_POINT('',(2.17,-5.8,-1.42));
#12935=CARTESIAN_POINT('Origin',(1.73899845478924E-16,-6.15,-1.42));
#12936=CARTESIAN_POINT('',(-0.6,-6.,-1.42));
#12937=CARTESIAN_POINT('',(-0.75,-6.15,-1.42));
#12938=CARTESIAN_POINT('Origin',(1.73899845478924E-16,-6.,-1.42));
#12939=CARTESIAN_POINT('Origin',(1.73899845478924E-16,-5.8,-1.42));
#12940=CARTESIAN_POINT('',(-0.6,-5.8,-1.42));
#12941=CARTESIAN_POINT('Origin',(6.86,-6.25,3.37915330143285E-15));
#12942=CARTESIAN_POINT('',(9.36,-6.2,3.07299160164601E-15));
#12943=CARTESIAN_POINT('',(9.41,-6.25,3.69143823521542E-15));
#12944=CARTESIAN_POINT('',(4.36,-6.2,3.07299160164601E-15));
#12945=CARTESIAN_POINT('Origin',(6.86,-6.2,3.37915330143285E-15));
#12946=CARTESIAN_POINT('Origin',(6.86,-6.2,3.37915330143285E-15));
#12947=CARTESIAN_POINT('Origin',(6.86,-1.6,3.37915330143285E-15));
#12948=CARTESIAN_POINT('',(4.36,3.1,3.07299160164601E-15));
#12949=CARTESIAN_POINT('',(4.36,-1.6,3.07299160164601E-15));
#12950=CARTESIAN_POINT('Origin',(6.86,3.1,3.37915330143285E-15));
#12951=CARTESIAN_POINT('Origin',(-6.86,-6.25,0.));
#12952=CARTESIAN_POINT('',(-4.36,-6.2,-3.06161699786838E-16));
#12953=CARTESIAN_POINT('',(-4.31,-6.25,3.12284933782575E-16));
#12954=CARTESIAN_POINT('',(-9.36,-6.2,-3.06161699786838E-16));
#12955=CARTESIAN_POINT('Origin',(-6.86,-6.2,0.));
#12956=CARTESIAN_POINT('Origin',(-6.86,-6.2,0.));
#12957=CARTESIAN_POINT('Origin',(-6.86,-1.6,0.));
#12958=CARTESIAN_POINT('',(-9.36,3.1,-3.06161699786838E-16));
#12959=CARTESIAN_POINT('',(-9.36,-1.6,-3.06161699786838E-16));
#12960=CARTESIAN_POINT('Origin',(-6.86,3.1,0.));
#12961=CARTESIAN_POINT('Origin',(-6.86,3.1,0.));
#12962=CARTESIAN_POINT('',(-8.86,3.1,-2.44929359829471E-16));
#12963=CARTESIAN_POINT('Origin',(-6.86,3.1,0.));
#12964=CARTESIAN_POINT('Origin',(-6.86,24.2542141119683,0.));
#12965=CARTESIAN_POINT('',(-8.86,24.2542141119683,-2.44929359829471E-16));
#12966=CARTESIAN_POINT('Origin',(6.86,3.1,3.37915330143285E-15));
#12967=CARTESIAN_POINT('',(4.86,3.1,3.13422394160338E-15));
#12968=CARTESIAN_POINT('Origin',(6.86,3.1,3.37915330143285E-15));
#12969=CARTESIAN_POINT('Origin',(6.86,24.2542141119683,3.37915330143285E-15));
#12970=CARTESIAN_POINT('',(4.86,24.2542141119683,3.13422394160338E-15));
#12971=CARTESIAN_POINT('Origin',(9.95363049259937,-5.9,-2.4));
#12972=CARTESIAN_POINT('',(10.6922363073585,-5.9,-2.5302361332502));
#12973=CARTESIAN_POINT('Origin',(9.95363049259937,-5.9,-2.4));
#12974=CARTESIAN_POINT('',(10.6922363073585,-5.9,-2.5302361332502));
#12975=CARTESIAN_POINT('Origin',(10.8,-5.9,3.15));
#12976=CARTESIAN_POINT('',(10.8,-5.9,3.15));
#12977=CARTESIAN_POINT('',(10.8,-5.9,3.15));
#12978=CARTESIAN_POINT('',(5.4,-5.9,3.15));
#12979=CARTESIAN_POINT('Origin',(10.8,-5.9,2.4));
#12980=CARTESIAN_POINT('',(11.5386058147592,-5.9,2.2697638667498));
#12981=CARTESIAN_POINT('',(11.5386058147592,-5.9,2.2697638667498));
#12982=CARTESIAN_POINT('Origin',(10.8,-5.9,2.4));
#12983=CARTESIAN_POINT('Origin',(10.6922363073585,-5.9,-2.5302361332502));
#12984=CARTESIAN_POINT('',(10.7473790511854,-5.9,-2.21750609270105));
#12985=CARTESIAN_POINT('Origin',(-10.8,-5.8,2.4));
#12986=CARTESIAN_POINT('',(-10.8,-5.9,3.5));
#12987=CARTESIAN_POINT('',(-10.8,-5.8,3.60000000000001));
#12988=CARTESIAN_POINT('Origin',(-10.8,-5.8,3.5));
#12989=CARTESIAN_POINT('',(-11.9817693036146,-5.8,2.19162218679969));
#12990=CARTESIAN_POINT('Origin',(-10.8,-5.8,2.4));
#12991=CARTESIAN_POINT('',(-11.8832885283134,-5.9,2.20898700456638));
#12992=CARTESIAN_POINT('Origin',(-11.8832885283134,-5.8,2.20898700456638));
#12993=CARTESIAN_POINT('Origin',(-10.8,-5.9,2.4));
#12994=CARTESIAN_POINT('Origin',(-11.51524651844,-5.8,0.121717045115538));
#12995=CARTESIAN_POINT('',(-11.135399796214,-5.8,-2.6083778132003));
#12996=CARTESIAN_POINT('',(-11.0369190209128,-5.9,-2.59101299543361));
#12997=CARTESIAN_POINT('Origin',(-11.0369190209128,-5.8,-2.59101299543361));
#12998=CARTESIAN_POINT('',(-11.51524651844,-5.9,0.121717045115538));
#12999=CARTESIAN_POINT('',(-11.6137272937412,-5.8,0.104352227348844));
#13000=CARTESIAN_POINT('Origin',(-9.95363049259937,-5.8,-2.39999999999999));
#13001=CARTESIAN_POINT('',(-9.95363049259937,-5.8,-3.59999999999999));
#13002=CARTESIAN_POINT('',(-9.95363049259937,-5.9,-3.5));
#13003=CARTESIAN_POINT('Origin',(-9.95363049259937,-5.8,-3.5));
#13004=CARTESIAN_POINT('Origin',(-9.95363049259937,-5.9,-2.39999999999999));
#13005=CARTESIAN_POINT('Origin',(-9.95363049259937,-5.8,-2.39999999999999));
#13006=CARTESIAN_POINT('Origin',(-4.97681524629969,-5.8,-3.49999999999999));
#13007=CARTESIAN_POINT('',(9.95363049259937,-5.8,-3.6));
#13008=CARTESIAN_POINT('',(9.95363049259937,-5.9,-3.5));
#13009=CARTESIAN_POINT('Origin',(9.95363049259937,-5.8,-3.5));
#13010=CARTESIAN_POINT('',(-4.97681524629969,-5.9,-3.49999999999999));
#13011=CARTESIAN_POINT('',(-4.97681524629969,-5.8,-3.59999999999999));
#13012=CARTESIAN_POINT('Origin',(9.95363049259937,-5.8,-2.4));
#13013=CARTESIAN_POINT('',(11.135399796214,-5.8,-2.60837781320032));
#13014=CARTESIAN_POINT('',(11.0369190209128,-5.9,-2.59101299543363));
#13015=CARTESIAN_POINT('Origin',(11.0369190209128,-5.8,-2.59101299543363));
#13016=CARTESIAN_POINT('Origin',(9.95363049259937,-5.9,-2.4));
#13017=CARTESIAN_POINT('Origin',(9.95363049259937,-5.8,-2.4));
#13018=CARTESIAN_POINT('Origin',(11.0920617647397,-5.8,-2.27828295488448));
#13019=CARTESIAN_POINT('',(11.9817693036147,-5.8,2.19162218679968));
#13020=CARTESIAN_POINT('',(11.8832885283134,-5.9,2.20898700456638));
#13021=CARTESIAN_POINT('Origin',(11.8832885283134,-5.8,2.20898700456638));
#13022=CARTESIAN_POINT('',(11.0920617647397,-5.9,-2.27828295488448));
#13023=CARTESIAN_POINT('',(11.1905425400409,-5.8,-2.29564777265117));
#13024=CARTESIAN_POINT('Origin',(10.8,-5.8,2.4));
#13025=CARTESIAN_POINT('',(10.8,-5.8,3.6));
#13026=CARTESIAN_POINT('',(10.8,-5.9,3.5));
#13027=CARTESIAN_POINT('Origin',(10.8,-5.8,3.5));
#13028=CARTESIAN_POINT('Origin',(10.8,-5.9,2.4));
#13029=CARTESIAN_POINT('Origin',(10.8,-5.8,2.4));
#13030=CARTESIAN_POINT('Origin',(5.4,-5.8,3.5));
#13031=CARTESIAN_POINT('',(5.4,-5.9,3.5));
#13032=CARTESIAN_POINT('',(5.4,-5.8,3.6));
#13033=CARTESIAN_POINT('Origin',(-9.95363049259937,0.,-3.59999999999999));
#13034=CARTESIAN_POINT('',(-9.95363049259937,0.,-3.59999999999999));
#13035=CARTESIAN_POINT('',(-9.95363049259937,0.,-3.59999999999999));
#13036=CARTESIAN_POINT('',(9.95363049259937,0.,-3.6));
#13037=CARTESIAN_POINT('',(-4.97681524629969,0.,-3.59999999999999));
#13038=CARTESIAN_POINT('',(9.95363049259937,0.,-3.6));
#13039=CARTESIAN_POINT('Origin',(-9.95363049259937,0.,-2.39999999999999));
#13040=CARTESIAN_POINT('',(-11.135399796214,0.,-2.6083778132003));
#13041=CARTESIAN_POINT('',(-11.135399796214,0.,-2.6083778132003));
#13042=CARTESIAN_POINT('Origin',(-9.95363049259937,0.,-2.39999999999999));
#13043=CARTESIAN_POINT('Origin',(-11.9817693036146,0.,2.19162218679969));
#13044=CARTESIAN_POINT('',(-11.9817693036146,0.,2.19162218679969));
#13045=CARTESIAN_POINT('',(-11.9817693036146,0.,2.19162218679969));
#13046=CARTESIAN_POINT('',(-11.6137272937412,0.,0.104352227348844));
#13047=CARTESIAN_POINT('Origin',(-10.8,0.,2.4));
#13048=CARTESIAN_POINT('',(-10.8,0.,3.60000000000001));
#13049=CARTESIAN_POINT('',(-10.8,0.,3.60000000000001));
#13050=CARTESIAN_POINT('Origin',(-10.8,0.,2.4));
#13051=CARTESIAN_POINT('Origin',(2.22044604925031E-15,-5.9,3.88578058618805E-15));
#13052=CARTESIAN_POINT('Origin',(9.95363049259937,0.,-2.4));
#13053=CARTESIAN_POINT('',(11.135399796214,0.,-2.60837781320032));
#13054=CARTESIAN_POINT('Origin',(9.95363049259937,0.,-2.4));
#13055=CARTESIAN_POINT('',(11.135399796214,0.,-2.60837781320032));
#13056=CARTESIAN_POINT('Origin',(10.8,0.,3.6));
#13057=CARTESIAN_POINT('',(10.8,0.,3.6));
#13058=CARTESIAN_POINT('',(10.8,0.,3.6));
#13059=CARTESIAN_POINT('',(5.40000000000001,0.,3.6));
#13060=CARTESIAN_POINT('Origin',(10.8,0.,2.4));
#13061=CARTESIAN_POINT('',(11.9817693036147,0.,2.19162218679968));
#13062=CARTESIAN_POINT('',(11.9817693036147,0.,2.19162218679968));
#13063=CARTESIAN_POINT('Origin',(10.8,0.,2.4));
#13064=CARTESIAN_POINT('Origin',(11.135399796214,0.,-2.60837781320032));
#13065=CARTESIAN_POINT('',(11.1905425400409,0.,-2.29564777265117));
#13066=CARTESIAN_POINT('Origin',(11.9817693036147,3.7,2.19162218679968));
#13067=CARTESIAN_POINT('',(11.9817693036147,3.7,2.19162218679968));
#13068=CARTESIAN_POINT('',(11.9817693036147,3.7,2.19162218679968));
#13069=CARTESIAN_POINT('',(11.6137272937412,3.7,0.104352227348831));
#13070=CARTESIAN_POINT('Origin',(10.8,3.7,2.4));
#13071=CARTESIAN_POINT('',(10.8,3.7,3.6));
#13072=CARTESIAN_POINT('',(10.8,3.7,3.6));
#13073=CARTESIAN_POINT('Origin',(10.8,3.7,2.4));
#13074=CARTESIAN_POINT('Origin',(-10.8,3.7,3.60000000000002));
#13075=CARTESIAN_POINT('',(-10.8,3.7,3.60000000000002));
#13076=CARTESIAN_POINT('',(-10.8,3.7,3.60000000000002));
#13077=CARTESIAN_POINT('',(-5.4,3.7,3.60000000000001));
#13078=CARTESIAN_POINT('Origin',(-10.8,3.7,2.4));
#13079=CARTESIAN_POINT('Origin',(-10.8,3.7,2.4));
#13080=CARTESIAN_POINT('Origin',(10.8,3.1,2.4));
#13081=CARTESIAN_POINT('',(10.8,3.7,4.3));
#13082=CARTESIAN_POINT('',(10.8,3.1,4.9));
#13083=CARTESIAN_POINT('Origin',(10.8,3.1,4.3));
#13084=CARTESIAN_POINT('',(13.2620193825305,3.1,1.96587955583266));
#13085=CARTESIAN_POINT('Origin',(10.8,3.1,2.4));
#13086=CARTESIAN_POINT('',(12.6711347307232,3.7,2.07006846243282));
#13087=CARTESIAN_POINT('Origin',(12.6711347307232,3.1,2.07006846243282));
#13088=CARTESIAN_POINT('Origin',(10.8,3.7,2.4));
#13089=CARTESIAN_POINT('Origin',(12.3030927208497,3.1,-0.0172014970180269));
#13090=CARTESIAN_POINT('',(12.4156498751299,3.1,-2.83412044416733));
#13091=CARTESIAN_POINT('',(11.8247652233226,3.7,-2.72993153756717));
#13092=CARTESIAN_POINT('Origin',(11.8247652233226,3.1,-2.72993153756717));
#13093=CARTESIAN_POINT('',(12.3030927208497,3.7,-0.0172014970180269));
#13094=CARTESIAN_POINT('',(12.8939773726571,3.1,-0.121390403618185));
#13095=CARTESIAN_POINT('Origin',(9.95363049259937,3.1,-2.4));
#13096=CARTESIAN_POINT('',(9.95363049259937,3.1,-4.9));
#13097=CARTESIAN_POINT('',(9.95363049259937,3.7,-4.30000000000001));
#13098=CARTESIAN_POINT('Origin',(9.95363049259937,3.1,-4.30000000000001));
#13099=CARTESIAN_POINT('Origin',(9.95363049259937,3.7,-2.4));
#13100=CARTESIAN_POINT('Origin',(9.95363049259937,3.1,-2.4));
#13101=CARTESIAN_POINT('Origin',(4.97681524629968,3.1,-4.3));
#13102=CARTESIAN_POINT('',(-9.95363049259937,3.1,-4.89999999999999));
#13103=CARTESIAN_POINT('',(-9.95363049259937,3.7,-4.29999999999999));
#13104=CARTESIAN_POINT('Origin',(-9.95363049259937,3.1,-4.29999999999999));
#13105=CARTESIAN_POINT('',(4.97681524629968,3.7,-4.3));
#13106=CARTESIAN_POINT('',(4.97681524629968,3.1,-4.9));
#13107=CARTESIAN_POINT('Origin',(-9.95363049259937,3.1,-2.39999999999999));
#13108=CARTESIAN_POINT('',(-12.4156498751299,3.1,-2.83412044416731));
#13109=CARTESIAN_POINT('',(-11.8247652233226,3.7,-2.72993153756716));
#13110=CARTESIAN_POINT('Origin',(-11.8247652233226,3.1,-2.72993153756716));
#13111=CARTESIAN_POINT('Origin',(-9.95363049259937,3.7,-2.39999999999999));
#13112=CARTESIAN_POINT('Origin',(-9.95363049259937,3.1,-2.39999999999999));
#13113=CARTESIAN_POINT('Origin',(-11.8799079671494,3.1,-2.417201497018));
#13114=CARTESIAN_POINT('',(-13.2620193825305,3.1,1.96587955583268));
#13115=CARTESIAN_POINT('',(-12.6711347307232,3.7,2.07006846243284));
#13116=CARTESIAN_POINT('Origin',(-12.6711347307232,3.1,2.07006846243284));
#13117=CARTESIAN_POINT('',(-11.8799079671494,3.7,-2.417201497018));
#13118=CARTESIAN_POINT('',(-12.4707926189568,3.1,-2.52139040361816));
#13119=CARTESIAN_POINT('Origin',(-10.8,3.1,2.4));
#13120=CARTESIAN_POINT('',(-10.8,3.1,4.90000000000002));
#13121=CARTESIAN_POINT('',(-10.8,3.7,4.3));
#13122=CARTESIAN_POINT('Origin',(-10.8,3.1,4.3));
#13123=CARTESIAN_POINT('Origin',(-10.8,3.7,2.4));
#13124=CARTESIAN_POINT('Origin',(-10.8,3.1,2.4));
#13125=CARTESIAN_POINT('Origin',(-5.4,3.1,4.30000000000001));
#13126=CARTESIAN_POINT('',(-5.4,3.7,4.30000000000001));
#13127=CARTESIAN_POINT('',(-5.4,3.1,4.90000000000001));
#13128=CARTESIAN_POINT('Origin',(9.95363049259937,0.,-4.9));
#13129=CARTESIAN_POINT('',(9.95363049259937,0.,-4.9));
#13130=CARTESIAN_POINT('',(9.95363049259937,0.,-4.9));
#13131=CARTESIAN_POINT('',(-9.95363049259937,0.,-4.89999999999999));
#13132=CARTESIAN_POINT('',(9.95363049259937,0.,-4.9));
#13133=CARTESIAN_POINT('',(-9.95363049259937,0.,-4.89999999999999));
#13134=CARTESIAN_POINT('Origin',(9.95363049259937,0.,-2.4));
#13135=CARTESIAN_POINT('',(12.4156498751299,0.,-2.83412044416733));
#13136=CARTESIAN_POINT('',(12.4156498751299,0.,-2.83412044416733));
#13137=CARTESIAN_POINT('Origin',(9.95363049259937,0.,-2.4));
#13138=CARTESIAN_POINT('Origin',(13.2620193825305,0.,1.96587955583266));
#13139=CARTESIAN_POINT('',(13.2620193825305,0.,1.96587955583266));
#13140=CARTESIAN_POINT('',(13.2620193825305,0.,1.96587955583266));
#13141=CARTESIAN_POINT('',(13.2620193825305,0.,1.96587955583266));
#13142=CARTESIAN_POINT('Origin',(10.8,0.,2.4));
#13143=CARTESIAN_POINT('',(10.8,0.,4.9));
#13144=CARTESIAN_POINT('',(10.8,0.,4.9));
#13145=CARTESIAN_POINT('Origin',(10.8,0.,2.4));
#13146=CARTESIAN_POINT('Origin',(3.33066907387547E-15,3.7,3.88578058618805E-15));
#13147=CARTESIAN_POINT('Origin',(-10.8,0.,4.90000000000002));
#13148=CARTESIAN_POINT('',(-10.8,0.,4.90000000000002));
#13149=CARTESIAN_POINT('',(-10.8,0.,4.90000000000002));
#13150=CARTESIAN_POINT('',(-10.8,0.,4.90000000000002));
#13151=CARTESIAN_POINT('Origin',(-10.8,0.,2.4));
#13152=CARTESIAN_POINT('',(-13.2620193825305,0.,1.96587955583268));
#13153=CARTESIAN_POINT('',(-13.2620193825305,0.,1.96587955583268));
#13154=CARTESIAN_POINT('Origin',(-10.8,0.,2.4));
#13155=CARTESIAN_POINT('Origin',(-12.4156498751299,0.,-2.83412044416731));
#13156=CARTESIAN_POINT('',(-12.4156498751299,0.,-2.83412044416731));
#13157=CARTESIAN_POINT('',(-12.4156498751299,0.,-2.83412044416731));
#13158=CARTESIAN_POINT('',(-12.4156498751299,0.,-2.83412044416731));
#13159=CARTESIAN_POINT('Origin',(-9.95363049259937,0.,-2.39999999999999));
#13160=CARTESIAN_POINT('Origin',(-9.95363049259937,0.,-2.39999999999999));
#13161=CARTESIAN_POINT('Origin',(3.33066907387547E-15,0.,3.88578058618805E-15));
#13162=CARTESIAN_POINT('',(0.,0.,0.));
#13163=CARTESIAN_POINT('Origin',(2.75,-11.2,-0.1));
#13164=CARTESIAN_POINT('',(2.49799919935936,-4.6,-0.1));
#13165=CARTESIAN_POINT('',(2.49799919935936,-11.2,-0.1));
#13166=CARTESIAN_POINT('',(2.49799919935936,-6.6,-0.1));
#13167=CARTESIAN_POINT('',(1.79722007556114,-4.6,-0.1));
#13168=CARTESIAN_POINT('',(-2.75,-4.6,-0.1));
#13169=CARTESIAN_POINT('',(1.79722007556114,-10.0657436360765,-0.1));
#13170=CARTESIAN_POINT('',(1.79722007556114,-7.33287181803823,-0.1));
#13171=CARTESIAN_POINT('',(1.99749843554382,-11.2,-0.0999999999999999));
#13172=CARTESIAN_POINT('Ctrl Pts',(1.99749843554382,-11.2,-0.0999999999999999));
#13173=CARTESIAN_POINT('Ctrl Pts',(1.89208877340907,-10.60293982702,-0.1));
#13174=CARTESIAN_POINT('Ctrl Pts',(1.79722007556114,-10.0657436360765,-0.1));
#13175=CARTESIAN_POINT('',(1.375,-11.2,-0.1));
#13176=CARTESIAN_POINT('Origin',(0.0999999999999998,-11.2,2.75));
#13177=CARTESIAN_POINT('',(0.0999999999999998,-4.6,2.49799919935936));
#13178=CARTESIAN_POINT('',(0.0999999999999998,-11.2,2.49799919935936));
#13179=CARTESIAN_POINT('',(0.0999999999999998,-6.6,2.49799919935936));
#13180=CARTESIAN_POINT('',(0.0999999999999998,-4.6,1.79722007556114));
#13181=CARTESIAN_POINT('',(0.1,-4.6,-2.75));
#13182=CARTESIAN_POINT('',(0.0999999999999998,-10.0657436360765,1.79722007556114));
#13183=CARTESIAN_POINT('',(0.0999999999999998,-7.33287181803823,1.79722007556114));
#13184=CARTESIAN_POINT('',(0.0999999999999998,-11.2,1.99749843554382));
#13185=CARTESIAN_POINT('Ctrl Pts',(0.0999999999999998,-11.2,1.99749843554382));
#13186=CARTESIAN_POINT('Ctrl Pts',(0.0999999999999998,-10.60293982702,1.89208877340907));
#13187=CARTESIAN_POINT('Ctrl Pts',(0.0999999999999998,-10.0657436360765,
1.79722007556114));
#13188=CARTESIAN_POINT('',(0.0999999999999998,-11.2,2.625));
#13189=CARTESIAN_POINT('Origin',(-2.75,-11.2,0.1));
#13190=CARTESIAN_POINT('',(-2.49799919935936,-4.6,0.1));
#13191=CARTESIAN_POINT('',(-2.49799919935936,-11.2,0.1));
#13192=CARTESIAN_POINT('',(-2.49799919935936,-6.6,0.1));
#13193=CARTESIAN_POINT('',(-1.79722007556114,-4.6,0.1));
#13194=CARTESIAN_POINT('',(2.75,-4.6,0.1));
#13195=CARTESIAN_POINT('',(-1.79722007556114,-10.0657436360765,0.1));
#13196=CARTESIAN_POINT('',(-1.79722007556114,-7.33287181803823,0.1));
#13197=CARTESIAN_POINT('',(-1.99749843554382,-11.2,0.1));
#13198=CARTESIAN_POINT('Ctrl Pts',(-1.99749843554382,-11.2,0.1));
#13199=CARTESIAN_POINT('Ctrl Pts',(-1.89208877340907,-10.60293982702,0.1));
#13200=CARTESIAN_POINT('Ctrl Pts',(-1.79722007556114,-10.0657436360765,
0.1));
#13201=CARTESIAN_POINT('',(-1.375,-11.2,0.1));
#13202=CARTESIAN_POINT('Origin',(-0.1,-11.2,-2.75));
#13203=CARTESIAN_POINT('',(-0.1,-4.6,-2.49799919935936));
#13204=CARTESIAN_POINT('',(-0.1,-11.2,-2.49799919935936));
#13205=CARTESIAN_POINT('',(-0.1,-6.6,-2.49799919935936));
#13206=CARTESIAN_POINT('',(-0.1,-4.6,-1.79722007556114));
#13207=CARTESIAN_POINT('',(-0.1,-4.6,2.75));
#13208=CARTESIAN_POINT('',(-0.1,-10.0657436360765,-1.79722007556114));
#13209=CARTESIAN_POINT('',(-0.1,-7.33287181803823,-1.79722007556114));
#13210=CARTESIAN_POINT('',(-0.1,-11.2,-1.99749843554382));
#13211=CARTESIAN_POINT('Ctrl Pts',(-0.1,-11.2,-1.99749843554382));
#13212=CARTESIAN_POINT('Ctrl Pts',(-0.1,-10.60293982702,-1.89208877340907));
#13213=CARTESIAN_POINT('Ctrl Pts',(-0.1,-10.0657436360765,-1.79722007556114));
#13214=CARTESIAN_POINT('',(-0.1,-11.2,-0.125));
#13215=CARTESIAN_POINT('Origin',(0.,-4.6,0.));
#13216=CARTESIAN_POINT('',(0.1,-4.6,-2.49799919935936));
#13217=CARTESIAN_POINT('',(-3.06161699786838E-16,-4.6,-2.5));
#13218=CARTESIAN_POINT('Origin',(0.,-4.6,0.));
#13219=CARTESIAN_POINT('',(0.0999999999999999,-4.6,-1.79722007556114));
#13220=CARTESIAN_POINT('',(0.1,-4.6,-2.75));
#13221=CARTESIAN_POINT('',(-2.20436423846524E-16,-4.6,-1.8));
#13222=CARTESIAN_POINT('Origin',(0.,-4.6,0.));
#13223=CARTESIAN_POINT('Origin',(0.,-4.6,0.));
#13224=CARTESIAN_POINT('Origin',(0.,-4.6,0.));
#13225=CARTESIAN_POINT('Origin',(0.,-4.6,0.));
#13226=CARTESIAN_POINT('',(-2.49799919935936,-4.6,-0.1));
#13227=CARTESIAN_POINT('Origin',(0.,-4.6,0.));
#13228=CARTESIAN_POINT('',(-1.79722007556114,-4.6,-0.1));
#13229=CARTESIAN_POINT('',(-2.75,-4.6,-0.1));
#13230=CARTESIAN_POINT('Origin',(0.,-4.6,0.));
#13231=CARTESIAN_POINT('Origin',(0.,-4.6,0.));
#13232=CARTESIAN_POINT('',(-0.1,-4.6,2.49799919935936));
#13233=CARTESIAN_POINT('Origin',(0.,-4.6,0.));
#13234=CARTESIAN_POINT('',(-0.1,-4.6,1.79722007556114));
#13235=CARTESIAN_POINT('',(-0.1,-4.6,2.75));
#13236=CARTESIAN_POINT('Origin',(0.,-4.6,0.));
#13237=CARTESIAN_POINT('Origin',(0.1,-11.2,0.1));
#13238=CARTESIAN_POINT('',(2.49799919935936,-11.2,0.1));
#13239=CARTESIAN_POINT('',(2.49799919935936,-4.6,0.1));
#13240=CARTESIAN_POINT('',(2.49799919935936,-6.6,0.1));
#13241=CARTESIAN_POINT('',(1.99749843554382,-11.2,0.1));
#13242=CARTESIAN_POINT('',(0.05,-11.2,0.1));
#13243=CARTESIAN_POINT('',(1.79722007556114,-10.0657436360765,0.1));
#13244=CARTESIAN_POINT('Ctrl Pts',(1.79722007556114,-10.0657436360765,0.1));
#13245=CARTESIAN_POINT('Ctrl Pts',(1.89208877340907,-10.60293982702,0.1));
#13246=CARTESIAN_POINT('Ctrl Pts',(1.99749843554382,-11.2,0.1));
#13247=CARTESIAN_POINT('',(1.79722007556114,-4.6,0.1));
#13248=CARTESIAN_POINT('',(1.79722007556114,-7.33287181803823,0.1));
#13249=CARTESIAN_POINT('',(2.75,-4.6,0.1));
#13250=CARTESIAN_POINT('Origin',(-0.1,-11.2,0.1));
#13251=CARTESIAN_POINT('',(-0.1,-11.2,2.49799919935936));
#13252=CARTESIAN_POINT('',(-0.1,-6.6,2.49799919935936));
#13253=CARTESIAN_POINT('',(-0.1,-11.2,1.99749843554382));
#13254=CARTESIAN_POINT('',(-0.1,-11.2,1.3));
#13255=CARTESIAN_POINT('',(-0.1,-10.0657436360765,1.79722007556114));
#13256=CARTESIAN_POINT('Ctrl Pts',(-0.1,-10.0657436360765,1.79722007556114));
#13257=CARTESIAN_POINT('Ctrl Pts',(-0.1,-10.60293982702,1.89208877340907));
#13258=CARTESIAN_POINT('Ctrl Pts',(-0.1,-11.2,1.99749843554382));
#13259=CARTESIAN_POINT('',(-0.1,-7.33287181803823,1.79722007556114));
#13260=CARTESIAN_POINT('Origin',(-0.1,-11.2,-0.1));
#13261=CARTESIAN_POINT('',(-2.49799919935936,-11.2,-0.1));
#13262=CARTESIAN_POINT('',(-2.49799919935936,-6.6,-0.1));
#13263=CARTESIAN_POINT('',(-1.99749843554382,-11.2,-0.0999999999999999));
#13264=CARTESIAN_POINT('',(-0.05,-11.2,-0.1));
#13265=CARTESIAN_POINT('',(-1.79722007556114,-10.0657436360765,-0.1));
#13266=CARTESIAN_POINT('Ctrl Pts',(-1.79722007556114,-10.0657436360765,
-0.1));
#13267=CARTESIAN_POINT('Ctrl Pts',(-1.89208877340907,-10.60293982702,-0.1));
#13268=CARTESIAN_POINT('Ctrl Pts',(-1.99749843554382,-11.2,-0.0999999999999999));
#13269=CARTESIAN_POINT('',(-1.79722007556114,-7.33287181803823,-0.1));
#13270=CARTESIAN_POINT('Origin',(0.0999999999999999,-11.2,-0.1));
#13271=CARTESIAN_POINT('',(0.1,-11.2,-2.49799919935936));
#13272=CARTESIAN_POINT('',(0.1,-6.6,-2.49799919935936));
#13273=CARTESIAN_POINT('',(0.0999999999999999,-11.2,-1.99749843554382));
#13274=CARTESIAN_POINT('',(0.0999999999999998,-11.2,1.2));
#13275=CARTESIAN_POINT('',(0.0999999999999999,-10.0657436360765,-1.79722007556114));
#13276=CARTESIAN_POINT('Ctrl Pts',(0.0999999999999999,-10.0657436360765,
-1.79722007556114));
#13277=CARTESIAN_POINT('Ctrl Pts',(0.0999999999999999,-10.60293982702,-1.89208877340907));
#13278=CARTESIAN_POINT('Ctrl Pts',(0.0999999999999999,-11.2,-1.99749843554382));
#13279=CARTESIAN_POINT('',(0.0999999999999999,-7.33287181803823,-1.79722007556114));
#13280=CARTESIAN_POINT('Origin',(0.,-4.6,0.));
#13281=CARTESIAN_POINT('Origin',(0.,-4.6,0.));
#13282=CARTESIAN_POINT('Origin',(0.,-4.6,0.));
#13283=CARTESIAN_POINT('Origin',(0.,-11.2,2.5));
#13284=CARTESIAN_POINT('Origin',(0.,-11.2,0.));
#13285=CARTESIAN_POINT('Origin',(0.,-11.2,0.));
#13286=CARTESIAN_POINT('Origin',(0.,-11.2,2.5));
#13287=CARTESIAN_POINT('Origin',(0.,-11.2,0.));
#13288=CARTESIAN_POINT('Origin',(0.,-11.2,0.));
#13289=CARTESIAN_POINT('Origin',(0.,-11.2,2.5));
#13290=CARTESIAN_POINT('Origin',(0.,-11.2,0.));
#13291=CARTESIAN_POINT('Origin',(0.,-11.2,0.));
#13292=CARTESIAN_POINT('Origin',(0.,-11.2,2.5));
#13293=CARTESIAN_POINT('Origin',(0.,-11.2,0.));
#13294=CARTESIAN_POINT('Origin',(0.,-11.2,0.));
#13295=CARTESIAN_POINT('Origin',(0.,-10.6328718180382,0.));
#13296=CARTESIAN_POINT('Origin',(0.,-10.0657436360765,0.));
#13297=CARTESIAN_POINT('Origin',(0.,-10.6328718180382,0.));
#13298=CARTESIAN_POINT('Origin',(0.,-10.0657436360765,0.));
#13299=CARTESIAN_POINT('Origin',(0.,-10.6328718180382,0.));
#13300=CARTESIAN_POINT('Origin',(0.,-10.0657436360765,0.));
#13301=CARTESIAN_POINT('Origin',(0.,-10.6328718180382,0.));
#13302=CARTESIAN_POINT('Origin',(0.,-10.0657436360765,0.));
#13303=CARTESIAN_POINT('Origin',(0.,-7.33287181803823,0.));
#13304=CARTESIAN_POINT('Origin',(0.,-4.6,0.));
#13305=CARTESIAN_POINT('Origin',(0.,-7.33287181803823,0.));
#13306=CARTESIAN_POINT('Origin',(0.,-4.6,0.));
#13307=CARTESIAN_POINT('Origin',(0.,-7.33287181803823,0.));
#13308=CARTESIAN_POINT('Origin',(0.,-4.6,0.));
#13309=CARTESIAN_POINT('Origin',(0.,-7.33287181803823,0.));
#13310=CARTESIAN_POINT('Origin',(0.,-4.6,0.));
#13311=CARTESIAN_POINT('Origin',(0.,1.,0.));
#13312=CARTESIAN_POINT('',(-3.36777869765522E-16,2.,-2.75));
#13313=CARTESIAN_POINT('Origin',(0.,2.,0.));
#13314=CARTESIAN_POINT('',(-3.36777869765522E-16,0.,-2.75));
#13315=CARTESIAN_POINT('',(-3.36777869765522E-16,1.,-2.75));
#13316=CARTESIAN_POINT('Origin',(0.,0.,0.));
#13317=CARTESIAN_POINT('Origin',(0.,2.,0.));
#13318=CARTESIAN_POINT('Origin',(0.,-4.08038475772933,0.));
#13319=CARTESIAN_POINT('',(0.,-3.56076951545867,0.));
#13320=CARTESIAN_POINT('',(-1.10218211923262E-16,-4.08038475772933,-0.9));
#13321=CARTESIAN_POINT('Origin',(0.,-6.6,0.));
#13322=CARTESIAN_POINT('',(-3.06161699786838E-16,-2.,-2.5));
#13323=CARTESIAN_POINT('Origin',(0.,-2.,0.));
#13324=CARTESIAN_POINT('',(-3.06161699786838E-16,-6.6,-2.5));
#13325=CARTESIAN_POINT('Origin',(0.,-2.,2.));
#13326=CARTESIAN_POINT('',(-2.44929359829471E-16,-2.,-2.));
#13327=CARTESIAN_POINT('Origin',(0.,-2.,0.));
#13328=CARTESIAN_POINT('Origin',(0.,-1.,0.));
#13329=CARTESIAN_POINT('',(-2.44929359829471E-16,0.,-2.));
#13330=CARTESIAN_POINT('Origin',(0.,0.,0.));
#13331=CARTESIAN_POINT('',(-2.44929359829471E-16,-1.,-2.));
#13332=CARTESIAN_POINT('Origin',(0.,0.,2.75));
#13333=CARTESIAN_POINT('Origin',(0.,7.5,-11.));
#13334=CARTESIAN_POINT('',(1.45,7.5,-11.1));
#13335=CARTESIAN_POINT('Origin',(0.,7.5,-11.1));
#13336=CARTESIAN_POINT('',(1.65,7.5,-10.9));
#13337=CARTESIAN_POINT('',(1.55,7.5,-11.));
#13338=CARTESIAN_POINT('',(-1.65,7.5,-10.9));
#13339=CARTESIAN_POINT('Origin',(0.,7.5,-10.9));
#13340=CARTESIAN_POINT('Origin',(0.,7.5,-10.9));
#13341=CARTESIAN_POINT('Origin',(0.,7.5,-4.3));
#13342=CARTESIAN_POINT('',(-1.65,7.5,-4.3));
#13343=CARTESIAN_POINT('',(-1.65,7.5,-4.3));
#13344=CARTESIAN_POINT('',(2.02066721859313E-16,5.85,-4.3));
#13345=CARTESIAN_POINT('Origin',(0.,7.5,-4.3));
#13346=CARTESIAN_POINT('Origin',(0.,7.5,-4.3));
#13347=CARTESIAN_POINT('Origin',(0.,7.5,-11.1));
#13348=CARTESIAN_POINT('Origin',(0.,3.2,-4.3));
#13349=CARTESIAN_POINT('',(2.02066721859313E-16,3.2,-1.65));
#13350=CARTESIAN_POINT('Origin',(2.02066721859313E-16,3.2,-4.3));
#13351=CARTESIAN_POINT('',(-1.65,3.2,2.02066721859313E-16));
#13352=CARTESIAN_POINT('Origin',(0.,3.2,0.));
#13353=CARTESIAN_POINT('Origin',(0.,3.2,0.));
#13354=CARTESIAN_POINT('Origin',(0.,2.,0.));
#13355=CARTESIAN_POINT('',(-1.65,2.,2.02066721859313E-16));
#13356=CARTESIAN_POINT('',(-1.65,2.,2.02066721859313E-16));
#13357=CARTESIAN_POINT('Origin',(0.,2.,0.));
#13358=CARTESIAN_POINT('Origin',(0.,2.,0.));
#13359=CARTESIAN_POINT('',(0.,0.,0.));
#13360=CARTESIAN_POINT('Origin',(-1.5,-10.4,0.05));
#13361=CARTESIAN_POINT('',(-0.998749217771909,-5.6,0.05));
#13362=CARTESIAN_POINT('',(-0.998749217771909,-10.4,0.05));
#13363=CARTESIAN_POINT('',(-0.998749217771909,-7.75,0.05));
#13364=CARTESIAN_POINT('',(-0.49749371855331,-5.6,0.05));
#13365=CARTESIAN_POINT('',(-0.75,-5.6,0.05));
#13366=CARTESIAN_POINT('',(-0.49749371855331,-10.0535898384862,0.05));
#13367=CARTESIAN_POINT('',(-0.49749371855331,-8.,0.05));
#13368=CARTESIAN_POINT('',(-0.698212002188447,-10.4,0.05));
#13369=CARTESIAN_POINT('Ctrl Pts',(-0.698212002188447,-10.4,0.05));
#13370=CARTESIAN_POINT('Ctrl Pts',(-0.581126336730717,-10.1977196828105,
0.05));
#13371=CARTESIAN_POINT('Ctrl Pts',(-0.497493718553309,-10.0535898384862,
0.05));
#13372=CARTESIAN_POINT('',(-0.75,-10.4,0.05));
#13373=CARTESIAN_POINT('Origin',(-0.05,-10.4,-1.5));
#13374=CARTESIAN_POINT('',(-0.05,-5.6,-0.998749217771909));
#13375=CARTESIAN_POINT('',(-0.05,-10.4,-0.998749217771909));
#13376=CARTESIAN_POINT('',(-0.05,-7.75,-0.998749217771909));
#13377=CARTESIAN_POINT('',(-0.05,-5.6,-0.49749371855331));
#13378=CARTESIAN_POINT('',(-0.05,-5.6,-0.75));
#13379=CARTESIAN_POINT('',(-0.05,-10.0535898384862,-0.49749371855331));
#13380=CARTESIAN_POINT('',(-0.05,-8.,-0.49749371855331));
#13381=CARTESIAN_POINT('',(-0.05,-10.4,-0.698212002188447));
#13382=CARTESIAN_POINT('Ctrl Pts',(-0.05,-10.4,-0.698212002188447));
#13383=CARTESIAN_POINT('Ctrl Pts',(-0.05,-10.1977196828105,-0.581126336730717));
#13384=CARTESIAN_POINT('Ctrl Pts',(-0.05,-10.0535898384862,-0.497493718553309));
#13385=CARTESIAN_POINT('',(-0.05,-10.4,-0.25));
#13386=CARTESIAN_POINT('Origin',(0.05,-10.4,1.5));
#13387=CARTESIAN_POINT('',(0.05,-5.6,0.998749217771909));
#13388=CARTESIAN_POINT('',(0.05,-10.4,0.998749217771909));
#13389=CARTESIAN_POINT('',(0.05,-7.75,0.998749217771909));
#13390=CARTESIAN_POINT('',(0.05,-5.6,0.49749371855331));
#13391=CARTESIAN_POINT('',(0.05,-5.6,0.75));
#13392=CARTESIAN_POINT('',(0.05,-10.0535898384862,0.49749371855331));
#13393=CARTESIAN_POINT('',(0.05,-8.,0.49749371855331));
#13394=CARTESIAN_POINT('',(0.05,-10.4,0.698212002188447));
#13395=CARTESIAN_POINT('Ctrl Pts',(0.05,-10.4,0.698212002188447));
#13396=CARTESIAN_POINT('Ctrl Pts',(0.05,-10.1977196828105,0.581126336730717));
#13397=CARTESIAN_POINT('Ctrl Pts',(0.05,-10.0535898384862,0.497493718553309));
#13398=CARTESIAN_POINT('',(0.05,-10.4,1.25));
#13399=CARTESIAN_POINT('Origin',(1.5,-10.4,-0.05));
#13400=CARTESIAN_POINT('',(0.998749217771909,-5.6,-0.05));
#13401=CARTESIAN_POINT('',(0.998749217771909,-10.4,-0.05));
#13402=CARTESIAN_POINT('',(0.998749217771909,-7.75,-0.05));
#13403=CARTESIAN_POINT('',(0.49749371855331,-5.6,-0.05));
#13404=CARTESIAN_POINT('',(0.75,-5.6,-0.05));
#13405=CARTESIAN_POINT('',(0.49749371855331,-10.0535898384862,-0.05));
#13406=CARTESIAN_POINT('',(0.49749371855331,-8.,-0.05));
#13407=CARTESIAN_POINT('',(0.698212002188447,-10.4,-0.05));
#13408=CARTESIAN_POINT('Ctrl Pts',(0.698212002188447,-10.4,-0.05));
#13409=CARTESIAN_POINT('Ctrl Pts',(0.581126336730717,-10.1977196828105,
-0.05));
#13410=CARTESIAN_POINT('Ctrl Pts',(0.497493718553309,-10.0535898384862,
-0.05));
#13411=CARTESIAN_POINT('',(0.75,-10.4,-0.05));
#13412=CARTESIAN_POINT('Origin',(0.05,-10.4,0.05));
#13413=CARTESIAN_POINT('',(0.998749217771909,-10.4,0.05));
#13414=CARTESIAN_POINT('',(0.998749217771909,-5.6,0.05));
#13415=CARTESIAN_POINT('',(0.998749217771909,-7.75,0.05));
#13416=CARTESIAN_POINT('',(0.698212002188447,-10.4,0.05));
#13417=CARTESIAN_POINT('',(0.025,-10.4,0.05));
#13418=CARTESIAN_POINT('',(0.49749371855331,-10.0535898384862,0.05));
#13419=CARTESIAN_POINT('Ctrl Pts',(0.497493718553309,-10.0535898384862,
0.05));
#13420=CARTESIAN_POINT('Ctrl Pts',(0.581126336730717,-10.1977196828105,
0.05));
#13421=CARTESIAN_POINT('Ctrl Pts',(0.698212002188447,-10.4,0.05));
#13422=CARTESIAN_POINT('',(0.49749371855331,-5.6,0.05));
#13423=CARTESIAN_POINT('',(0.49749371855331,-8.,0.05));
#13424=CARTESIAN_POINT('',(0.025,-5.6,0.05));
#13425=CARTESIAN_POINT('Origin',(-0.05,-10.4,0.05));
#13426=CARTESIAN_POINT('',(-0.05,-10.4,0.998749217771909));
#13427=CARTESIAN_POINT('',(-0.05,-5.6,0.998749217771909));
#13428=CARTESIAN_POINT('',(-0.05,-7.75,0.998749217771909));
#13429=CARTESIAN_POINT('',(-0.05,-10.4,0.698212002188447));
#13430=CARTESIAN_POINT('',(-0.05,-10.4,0.525));
#13431=CARTESIAN_POINT('',(-0.05,-10.0535898384862,0.49749371855331));
#13432=CARTESIAN_POINT('Ctrl Pts',(-0.05,-10.0535898384862,0.497493718553309));
#13433=CARTESIAN_POINT('Ctrl Pts',(-0.05,-10.1977196828105,0.581126336730717));
#13434=CARTESIAN_POINT('Ctrl Pts',(-0.05,-10.4,0.698212002188447));
#13435=CARTESIAN_POINT('',(-0.05,-5.6,0.49749371855331));
#13436=CARTESIAN_POINT('',(-0.05,-8.,0.49749371855331));
#13437=CARTESIAN_POINT('',(-0.05,-5.6,0.025));
#13438=CARTESIAN_POINT('Origin',(-0.05,-10.4,-0.05));
#13439=CARTESIAN_POINT('',(-0.998749217771909,-10.4,-0.05));
#13440=CARTESIAN_POINT('',(-0.998749217771909,-5.6,-0.05));
#13441=CARTESIAN_POINT('',(-0.998749217771909,-7.75,-0.05));
#13442=CARTESIAN_POINT('',(-0.698212002188447,-10.4,-0.05));
#13443=CARTESIAN_POINT('',(-0.025,-10.4,-0.05));
#13444=CARTESIAN_POINT('',(-0.49749371855331,-10.0535898384862,-0.05));
#13445=CARTESIAN_POINT('Ctrl Pts',(-0.497493718553309,-10.0535898384862,
-0.05));
#13446=CARTESIAN_POINT('Ctrl Pts',(-0.581126336730717,-10.1977196828105,
-0.05));
#13447=CARTESIAN_POINT('Ctrl Pts',(-0.698212002188447,-10.4,-0.05));
#13448=CARTESIAN_POINT('',(-0.49749371855331,-5.6,-0.05));
#13449=CARTESIAN_POINT('',(-0.49749371855331,-8.,-0.05));
#13450=CARTESIAN_POINT('',(-0.025,-5.6,-0.05));
#13451=CARTESIAN_POINT('Origin',(0.05,-10.4,-0.05));
#13452=CARTESIAN_POINT('',(0.05,-10.4,-0.998749217771909));
#13453=CARTESIAN_POINT('',(0.05,-5.6,-0.998749217771909));
#13454=CARTESIAN_POINT('',(0.05,-7.75,-0.998749217771909));
#13455=CARTESIAN_POINT('',(0.05,-10.4,-0.698212002188447));
#13456=CARTESIAN_POINT('',(0.05,-10.4,0.475));
#13457=CARTESIAN_POINT('',(0.05,-10.0535898384862,-0.49749371855331));
#13458=CARTESIAN_POINT('Ctrl Pts',(0.05,-10.0535898384862,-0.497493718553309));
#13459=CARTESIAN_POINT('Ctrl Pts',(0.05,-10.1977196828105,-0.581126336730717));
#13460=CARTESIAN_POINT('Ctrl Pts',(0.05,-10.4,-0.698212002188447));
#13461=CARTESIAN_POINT('',(0.05,-5.6,-0.49749371855331));
#13462=CARTESIAN_POINT('',(0.05,-8.,-0.49749371855331));
#13463=CARTESIAN_POINT('',(0.05,-5.6,-0.025));
#13464=CARTESIAN_POINT('Origin',(0.,-5.6,0.500000000000001));
#13465=CARTESIAN_POINT('Origin',(0.,-5.6,0.));
#13466=CARTESIAN_POINT('',(-1.22464679914735E-16,-5.6,-1.));
#13467=CARTESIAN_POINT('Origin',(0.,-5.6,0.));
#13468=CARTESIAN_POINT('Origin',(0.,-5.6,0.));
#13469=CARTESIAN_POINT('Origin',(0.,-5.6,0.));
#13470=CARTESIAN_POINT('Origin',(0.,-5.6,0.));
#13471=CARTESIAN_POINT('Origin',(0.,-5.6,0.));
#13472=CARTESIAN_POINT('Origin',(0.,-5.6,0.));
#13473=CARTESIAN_POINT('Origin',(0.,-5.6,0.));
#13474=CARTESIAN_POINT('Origin',(0.,-5.6,0.));
#13475=CARTESIAN_POINT('Origin',(0.,-8.,0.));
#13476=CARTESIAN_POINT('Origin',(0.,-10.0535898384862,0.));
#13477=CARTESIAN_POINT('Origin',(0.,-8.,0.));
#13478=CARTESIAN_POINT('Origin',(0.,-10.0535898384862,0.));
#13479=CARTESIAN_POINT('Origin',(0.,-8.,0.));
#13480=CARTESIAN_POINT('Origin',(0.,-10.0535898384862,0.));
#13481=CARTESIAN_POINT('Origin',(0.,-8.,0.));
#13482=CARTESIAN_POINT('Origin',(0.,-10.0535898384862,0.));
#13483=CARTESIAN_POINT('Origin',(0.,-10.4,1.));
#13484=CARTESIAN_POINT('Origin',(0.,-10.4,0.));
#13485=CARTESIAN_POINT('Origin',(0.,-10.4,0.));
#13486=CARTESIAN_POINT('Origin',(0.,-10.4,1.));
#13487=CARTESIAN_POINT('Origin',(0.,-10.4,0.));
#13488=CARTESIAN_POINT('Origin',(0.,-10.4,0.));
#13489=CARTESIAN_POINT('Origin',(0.,-10.4,1.));
#13490=CARTESIAN_POINT('Origin',(0.,-10.4,0.));
#13491=CARTESIAN_POINT('Origin',(0.,-10.4,0.));
#13492=CARTESIAN_POINT('Origin',(0.,-10.4,1.));
#13493=CARTESIAN_POINT('Origin',(0.,-10.4,0.));
#13494=CARTESIAN_POINT('Origin',(0.,-10.4,0.));
#13495=CARTESIAN_POINT('Origin',(0.,-10.2267949192431,0.));
#13496=CARTESIAN_POINT('Origin',(0.,-10.2267949192431,0.));
#13497=CARTESIAN_POINT('Origin',(0.,-10.2267949192431,0.));
#13498=CARTESIAN_POINT('Origin',(0.,-10.2267949192431,0.));
#13499=CARTESIAN_POINT('Origin',(0.,0.325,0.));
#13500=CARTESIAN_POINT('',(-5.51091059616309E-17,0.500000000000001,-0.45));
#13501=CARTESIAN_POINT('Origin',(0.,0.5,0.));
#13502=CARTESIAN_POINT('',(-9.79717439317884E-17,0.149999999999999,-0.800000000000001));
#13503=CARTESIAN_POINT('',(-7.65404249467097E-17,0.325,-0.625000000000001));
#13504=CARTESIAN_POINT('Origin',(0.,0.149999999999999,0.));
#13505=CARTESIAN_POINT('Origin',(0.,0.5,6.48701990053454E-16));
#13506=CARTESIAN_POINT('Origin',(0.,-7.75,0.));
#13507=CARTESIAN_POINT('',(-1.22464679914735E-16,-5.1,-1.));
#13508=CARTESIAN_POINT('Origin',(0.,-5.1,0.));
#13509=CARTESIAN_POINT('',(-1.22464679914735E-16,-7.75,-1.));
#13510=CARTESIAN_POINT('Origin',(0.,-5.1,0.8));
#13511=CARTESIAN_POINT('',(-9.79717439317883E-17,-5.1,-0.8));
#13512=CARTESIAN_POINT('Origin',(0.,-5.1,0.));
#13513=CARTESIAN_POINT('Origin',(0.,-2.475,0.));
#13514=CARTESIAN_POINT('',(-9.79717439317883E-17,-2.475,-0.8));
#13515=CARTESIAN_POINT('Origin',(0.,7.5,-12.67));
#13516=CARTESIAN_POINT('',(-0.25,7.5,-12.72));
#13517=CARTESIAN_POINT('Origin',(0.,7.5,-12.72));
#13518=CARTESIAN_POINT('',(-0.35,7.5,-12.62));
#13519=CARTESIAN_POINT('',(-0.3,7.5,-12.67));
#13520=CARTESIAN_POINT('',(0.35,7.5,-12.62));
#13521=CARTESIAN_POINT('Origin',(0.,7.5,-12.62));
#13522=CARTESIAN_POINT('Origin',(0.,7.5,-12.62));
#13523=CARTESIAN_POINT('Origin',(0.,7.5,-7.72));
#13524=CARTESIAN_POINT('',(0.35,7.5,-7.72));
#13525=CARTESIAN_POINT('',(0.35,7.5,-7.72));
#13526=CARTESIAN_POINT('Origin',(0.,7.5,-7.72));
#13527=CARTESIAN_POINT('Origin',(0.,7.5,-12.72));
#13528=CARTESIAN_POINT('Origin',(0.,7.5,-7.67));
#13529=CARTESIAN_POINT('',(0.45,7.5,-7.62));
#13530=CARTESIAN_POINT('',(0.4,7.5,-7.67));
#13531=CARTESIAN_POINT('',(-0.45,7.5,-7.62));
#13532=CARTESIAN_POINT('Origin',(0.,7.5,-7.62));
#13533=CARTESIAN_POINT('Origin',(0.,7.5,-7.62));
#13534=CARTESIAN_POINT('Origin',(0.,7.5,-2.));
#13535=CARTESIAN_POINT('',(-0.45,7.5,-2.));
#13536=CARTESIAN_POINT('',(-0.45,7.5,-2.));
#13537=CARTESIAN_POINT('',(5.51091059616309E-17,7.05,-2.));
#13538=CARTESIAN_POINT('Origin',(0.,7.5,-2.));
#13539=CARTESIAN_POINT('Origin',(0.,7.5,-2.));
#13540=CARTESIAN_POINT('Origin',(0.,5.5,-2.));
#13541=CARTESIAN_POINT('',(5.51091059616309E-17,5.5,-0.45));
#13542=CARTESIAN_POINT('Origin',(5.51091059616309E-17,5.5,-2.));
#13543=CARTESIAN_POINT('',(-0.45,5.5,5.51091059616309E-17));
#13544=CARTESIAN_POINT('Origin',(0.,5.5,0.));
#13545=CARTESIAN_POINT('Origin',(0.,5.5,0.));
#13546=CARTESIAN_POINT('Origin',(0.,0.5,0.));
#13547=CARTESIAN_POINT('',(-0.45,0.5,5.51091059616309E-17));
#13548=CARTESIAN_POINT('',(-0.45,0.5,5.51091059616309E-17));
#13549=CARTESIAN_POINT('Origin',(0.,0.5,0.));
#13550=CARTESIAN_POINT('Origin',(0.,0.5,0.));
#13551=CARTESIAN_POINT('',(0.,0.,0.));
#13552=CARTESIAN_POINT('Origin',(-1.5,-10.4,0.05));
#13553=CARTESIAN_POINT('',(-0.998749217771909,-5.6,0.05));
#13554=CARTESIAN_POINT('',(-0.998749217771909,-10.4,0.05));
#13555=CARTESIAN_POINT('',(-0.998749217771909,-7.75,0.05));
#13556=CARTESIAN_POINT('',(-0.49749371855331,-5.6,0.05));
#13557=CARTESIAN_POINT('',(-0.75,-5.6,0.05));
#13558=CARTESIAN_POINT('',(-0.49749371855331,-10.0535898384862,0.05));
#13559=CARTESIAN_POINT('',(-0.49749371855331,-8.,0.05));
#13560=CARTESIAN_POINT('',(-0.698212002188447,-10.4,0.05));
#13561=CARTESIAN_POINT('Ctrl Pts',(-0.698212002188447,-10.4,0.05));
#13562=CARTESIAN_POINT('Ctrl Pts',(-0.581126336730717,-10.1977196828105,
0.05));
#13563=CARTESIAN_POINT('Ctrl Pts',(-0.497493718553309,-10.0535898384862,
0.05));
#13564=CARTESIAN_POINT('',(-0.75,-10.4,0.05));
#13565=CARTESIAN_POINT('Origin',(-0.05,-10.4,-1.5));
#13566=CARTESIAN_POINT('',(-0.05,-5.6,-0.998749217771909));
#13567=CARTESIAN_POINT('',(-0.05,-10.4,-0.998749217771909));
#13568=CARTESIAN_POINT('',(-0.05,-7.75,-0.998749217771909));
#13569=CARTESIAN_POINT('',(-0.05,-5.6,-0.49749371855331));
#13570=CARTESIAN_POINT('',(-0.05,-5.6,-0.75));
#13571=CARTESIAN_POINT('',(-0.05,-10.0535898384862,-0.49749371855331));
#13572=CARTESIAN_POINT('',(-0.05,-8.,-0.49749371855331));
#13573=CARTESIAN_POINT('',(-0.05,-10.4,-0.698212002188447));
#13574=CARTESIAN_POINT('Ctrl Pts',(-0.05,-10.4,-0.698212002188447));
#13575=CARTESIAN_POINT('Ctrl Pts',(-0.05,-10.1977196828105,-0.581126336730717));
#13576=CARTESIAN_POINT('Ctrl Pts',(-0.05,-10.0535898384862,-0.497493718553309));
#13577=CARTESIAN_POINT('',(-0.05,-10.4,-0.25));
#13578=CARTESIAN_POINT('Origin',(0.05,-10.4,1.5));
#13579=CARTESIAN_POINT('',(0.05,-5.6,0.998749217771909));
#13580=CARTESIAN_POINT('',(0.05,-10.4,0.998749217771909));
#13581=CARTESIAN_POINT('',(0.05,-7.75,0.998749217771909));
#13582=CARTESIAN_POINT('',(0.05,-5.6,0.49749371855331));
#13583=CARTESIAN_POINT('',(0.05,-5.6,0.75));
#13584=CARTESIAN_POINT('',(0.05,-10.0535898384862,0.49749371855331));
#13585=CARTESIAN_POINT('',(0.05,-8.,0.49749371855331));
#13586=CARTESIAN_POINT('',(0.05,-10.4,0.698212002188447));
#13587=CARTESIAN_POINT('Ctrl Pts',(0.05,-10.4,0.698212002188447));
#13588=CARTESIAN_POINT('Ctrl Pts',(0.05,-10.1977196828105,0.581126336730717));
#13589=CARTESIAN_POINT('Ctrl Pts',(0.05,-10.0535898384862,0.497493718553309));
#13590=CARTESIAN_POINT('',(0.05,-10.4,1.25));
#13591=CARTESIAN_POINT('Origin',(1.5,-10.4,-0.05));
#13592=CARTESIAN_POINT('',(0.998749217771909,-5.6,-0.05));
#13593=CARTESIAN_POINT('',(0.998749217771909,-10.4,-0.05));
#13594=CARTESIAN_POINT('',(0.998749217771909,-7.75,-0.05));
#13595=CARTESIAN_POINT('',(0.49749371855331,-5.6,-0.05));
#13596=CARTESIAN_POINT('',(0.75,-5.6,-0.05));
#13597=CARTESIAN_POINT('',(0.49749371855331,-10.0535898384862,-0.05));
#13598=CARTESIAN_POINT('',(0.49749371855331,-8.,-0.05));
#13599=CARTESIAN_POINT('',(0.698212002188447,-10.4,-0.05));
#13600=CARTESIAN_POINT('Ctrl Pts',(0.698212002188447,-10.4,-0.05));
#13601=CARTESIAN_POINT('Ctrl Pts',(0.581126336730717,-10.1977196828105,
-0.05));
#13602=CARTESIAN_POINT('Ctrl Pts',(0.497493718553309,-10.0535898384862,
-0.05));
#13603=CARTESIAN_POINT('',(0.75,-10.4,-0.05));
#13604=CARTESIAN_POINT('Origin',(0.05,-10.4,0.05));
#13605=CARTESIAN_POINT('',(0.998749217771909,-10.4,0.05));
#13606=CARTESIAN_POINT('',(0.998749217771909,-5.6,0.05));
#13607=CARTESIAN_POINT('',(0.998749217771909,-7.75,0.05));
#13608=CARTESIAN_POINT('',(0.698212002188447,-10.4,0.05));
#13609=CARTESIAN_POINT('',(0.025,-10.4,0.05));
#13610=CARTESIAN_POINT('',(0.49749371855331,-10.0535898384862,0.05));
#13611=CARTESIAN_POINT('Ctrl Pts',(0.497493718553309,-10.0535898384862,
0.05));
#13612=CARTESIAN_POINT('Ctrl Pts',(0.581126336730717,-10.1977196828105,
0.05));
#13613=CARTESIAN_POINT('Ctrl Pts',(0.698212002188447,-10.4,0.05));
#13614=CARTESIAN_POINT('',(0.49749371855331,-5.6,0.05));
#13615=CARTESIAN_POINT('',(0.49749371855331,-8.,0.05));
#13616=CARTESIAN_POINT('',(0.025,-5.6,0.05));
#13617=CARTESIAN_POINT('Origin',(-0.05,-10.4,0.05));
#13618=CARTESIAN_POINT('',(-0.05,-10.4,0.998749217771909));
#13619=CARTESIAN_POINT('',(-0.05,-5.6,0.998749217771909));
#13620=CARTESIAN_POINT('',(-0.05,-7.75,0.998749217771909));
#13621=CARTESIAN_POINT('',(-0.05,-10.4,0.698212002188447));
#13622=CARTESIAN_POINT('',(-0.05,-10.4,0.525));
#13623=CARTESIAN_POINT('',(-0.05,-10.0535898384862,0.49749371855331));
#13624=CARTESIAN_POINT('Ctrl Pts',(-0.05,-10.0535898384862,0.497493718553309));
#13625=CARTESIAN_POINT('Ctrl Pts',(-0.05,-10.1977196828105,0.581126336730717));
#13626=CARTESIAN_POINT('Ctrl Pts',(-0.05,-10.4,0.698212002188447));
#13627=CARTESIAN_POINT('',(-0.05,-5.6,0.49749371855331));
#13628=CARTESIAN_POINT('',(-0.05,-8.,0.49749371855331));
#13629=CARTESIAN_POINT('',(-0.05,-5.6,0.025));
#13630=CARTESIAN_POINT('Origin',(-0.05,-10.4,-0.05));
#13631=CARTESIAN_POINT('',(-0.998749217771909,-10.4,-0.05));
#13632=CARTESIAN_POINT('',(-0.998749217771909,-5.6,-0.05));
#13633=CARTESIAN_POINT('',(-0.998749217771909,-7.75,-0.05));
#13634=CARTESIAN_POINT('',(-0.698212002188447,-10.4,-0.05));
#13635=CARTESIAN_POINT('',(-0.025,-10.4,-0.05));
#13636=CARTESIAN_POINT('',(-0.49749371855331,-10.0535898384862,-0.05));
#13637=CARTESIAN_POINT('Ctrl Pts',(-0.497493718553309,-10.0535898384862,
-0.05));
#13638=CARTESIAN_POINT('Ctrl Pts',(-0.581126336730717,-10.1977196828105,
-0.05));
#13639=CARTESIAN_POINT('Ctrl Pts',(-0.698212002188447,-10.4,-0.05));
#13640=CARTESIAN_POINT('',(-0.49749371855331,-5.6,-0.05));
#13641=CARTESIAN_POINT('',(-0.49749371855331,-8.,-0.05));
#13642=CARTESIAN_POINT('',(-0.025,-5.6,-0.05));
#13643=CARTESIAN_POINT('Origin',(0.05,-10.4,-0.05));
#13644=CARTESIAN_POINT('',(0.05,-10.4,-0.998749217771909));
#13645=CARTESIAN_POINT('',(0.05,-5.6,-0.998749217771909));
#13646=CARTESIAN_POINT('',(0.05,-7.75,-0.998749217771909));
#13647=CARTESIAN_POINT('',(0.05,-10.4,-0.698212002188447));
#13648=CARTESIAN_POINT('',(0.05,-10.4,0.475));
#13649=CARTESIAN_POINT('',(0.05,-10.0535898384862,-0.49749371855331));
#13650=CARTESIAN_POINT('Ctrl Pts',(0.05,-10.0535898384862,-0.497493718553309));
#13651=CARTESIAN_POINT('Ctrl Pts',(0.05,-10.1977196828105,-0.581126336730717));
#13652=CARTESIAN_POINT('Ctrl Pts',(0.05,-10.4,-0.698212002188447));
#13653=CARTESIAN_POINT('',(0.05,-5.6,-0.49749371855331));
#13654=CARTESIAN_POINT('',(0.05,-8.,-0.49749371855331));
#13655=CARTESIAN_POINT('',(0.05,-5.6,-0.025));
#13656=CARTESIAN_POINT('Origin',(0.,-5.6,0.500000000000001));
#13657=CARTESIAN_POINT('Origin',(0.,-5.6,0.));
#13658=CARTESIAN_POINT('',(-1.22464679914735E-16,-5.6,-1.));
#13659=CARTESIAN_POINT('Origin',(0.,-5.6,0.));
#13660=CARTESIAN_POINT('Origin',(0.,-5.6,0.));
#13661=CARTESIAN_POINT('Origin',(0.,-5.6,0.));
#13662=CARTESIAN_POINT('Origin',(0.,-5.6,0.));
#13663=CARTESIAN_POINT('Origin',(0.,-5.6,0.));
#13664=CARTESIAN_POINT('Origin',(0.,-5.6,0.));
#13665=CARTESIAN_POINT('Origin',(0.,-5.6,0.));
#13666=CARTESIAN_POINT('Origin',(0.,-5.6,0.));
#13667=CARTESIAN_POINT('Origin',(0.,-8.,0.));
#13668=CARTESIAN_POINT('Origin',(0.,-10.0535898384862,0.));
#13669=CARTESIAN_POINT('Origin',(0.,-8.,0.));
#13670=CARTESIAN_POINT('Origin',(0.,-10.0535898384862,0.));
#13671=CARTESIAN_POINT('Origin',(0.,-8.,0.));
#13672=CARTESIAN_POINT('Origin',(0.,-10.0535898384862,0.));
#13673=CARTESIAN_POINT('Origin',(0.,-8.,0.));
#13674=CARTESIAN_POINT('Origin',(0.,-10.0535898384862,0.));
#13675=CARTESIAN_POINT('Origin',(0.,-10.4,1.));
#13676=CARTESIAN_POINT('Origin',(0.,-10.4,0.));
#13677=CARTESIAN_POINT('Origin',(0.,-10.4,0.));
#13678=CARTESIAN_POINT('Origin',(0.,-10.4,1.));
#13679=CARTESIAN_POINT('Origin',(0.,-10.4,0.));
#13680=CARTESIAN_POINT('Origin',(0.,-10.4,0.));
#13681=CARTESIAN_POINT('Origin',(0.,-10.4,1.));
#13682=CARTESIAN_POINT('Origin',(0.,-10.4,0.));
#13683=CARTESIAN_POINT('Origin',(0.,-10.4,0.));
#13684=CARTESIAN_POINT('Origin',(0.,-10.4,1.));
#13685=CARTESIAN_POINT('Origin',(0.,-10.4,0.));
#13686=CARTESIAN_POINT('Origin',(0.,-10.4,0.));
#13687=CARTESIAN_POINT('Origin',(0.,-10.2267949192431,0.));
#13688=CARTESIAN_POINT('Origin',(0.,-10.2267949192431,0.));
#13689=CARTESIAN_POINT('Origin',(0.,-10.2267949192431,0.));
#13690=CARTESIAN_POINT('Origin',(0.,-10.2267949192431,0.));
#13691=CARTESIAN_POINT('Origin',(0.,0.325,0.));
#13692=CARTESIAN_POINT('',(-5.51091059616309E-17,0.500000000000001,-0.45));
#13693=CARTESIAN_POINT('Origin',(0.,0.5,0.));
#13694=CARTESIAN_POINT('',(-9.79717439317884E-17,0.149999999999999,-0.800000000000001));
#13695=CARTESIAN_POINT('',(-7.65404249467097E-17,0.325,-0.625000000000001));
#13696=CARTESIAN_POINT('Origin',(0.,0.149999999999999,0.));
#13697=CARTESIAN_POINT('Origin',(0.,0.5,6.48701990053454E-16));
#13698=CARTESIAN_POINT('Origin',(0.,-7.75,0.));
#13699=CARTESIAN_POINT('',(-1.22464679914735E-16,-5.1,-1.));
#13700=CARTESIAN_POINT('Origin',(0.,-5.1,0.));
#13701=CARTESIAN_POINT('',(-1.22464679914735E-16,-7.75,-1.));
#13702=CARTESIAN_POINT('Origin',(0.,-5.1,0.8));
#13703=CARTESIAN_POINT('',(-9.79717439317883E-17,-5.1,-0.8));
#13704=CARTESIAN_POINT('Origin',(0.,-5.1,0.));
#13705=CARTESIAN_POINT('Origin',(0.,-2.475,0.));
#13706=CARTESIAN_POINT('',(-9.79717439317883E-17,-2.475,-0.8));
#13707=CARTESIAN_POINT('Origin',(0.,4.7,-9.83));
#13708=CARTESIAN_POINT('',(-0.25,4.7,-9.88));
#13709=CARTESIAN_POINT('Origin',(0.,4.7,-9.88));
#13710=CARTESIAN_POINT('',(-0.35,4.7,-9.78));
#13711=CARTESIAN_POINT('',(-0.3,4.7,-9.83));
#13712=CARTESIAN_POINT('',(0.35,4.7,-9.78));
#13713=CARTESIAN_POINT('Origin',(0.,4.7,-9.78));
#13714=CARTESIAN_POINT('Origin',(0.,4.7,-9.78));
#13715=CARTESIAN_POINT('Origin',(0.,4.7,-4.88));
#13716=CARTESIAN_POINT('',(0.35,4.7,-4.88));
#13717=CARTESIAN_POINT('',(0.35,4.7,-4.88));
#13718=CARTESIAN_POINT('Origin',(0.,4.7,-4.88));
#13719=CARTESIAN_POINT('Origin',(0.,4.7,-9.88));
#13720=CARTESIAN_POINT('Origin',(0.,4.7,-4.83));
#13721=CARTESIAN_POINT('',(0.45,4.7,-4.78));
#13722=CARTESIAN_POINT('',(0.4,4.7,-4.83));
#13723=CARTESIAN_POINT('',(-0.45,4.7,-4.78));
#13724=CARTESIAN_POINT('Origin',(0.,4.7,-4.78));
#13725=CARTESIAN_POINT('Origin',(0.,4.7,-4.78));
#13726=CARTESIAN_POINT('Origin',(0.,4.7,-2.));
#13727=CARTESIAN_POINT('',(-0.45,4.7,-2.));
#13728=CARTESIAN_POINT('',(-0.45,4.7,-2.));
#13729=CARTESIAN_POINT('',(5.51091059616309E-17,4.25,-2.));
#13730=CARTESIAN_POINT('Origin',(0.,4.7,-2.));
#13731=CARTESIAN_POINT('Origin',(0.,4.7,-2.));
#13732=CARTESIAN_POINT('Origin',(0.,2.7,-2.));
#13733=CARTESIAN_POINT('',(5.51091059616309E-17,2.7,-0.45));
#13734=CARTESIAN_POINT('Origin',(5.51091059616309E-17,2.7,-2.));
#13735=CARTESIAN_POINT('',(-0.45,2.7,5.51091059616309E-17));
#13736=CARTESIAN_POINT('Origin',(0.,2.7,0.));
#13737=CARTESIAN_POINT('Origin',(0.,2.7,0.));
#13738=CARTESIAN_POINT('Origin',(0.,0.5,0.));
#13739=CARTESIAN_POINT('',(-0.45,0.5,5.51091059616309E-17));
#13740=CARTESIAN_POINT('',(-0.45,0.5,5.51091059616309E-17));
#13741=CARTESIAN_POINT('Origin',(0.,0.5,0.));
#13742=CARTESIAN_POINT('Origin',(0.,0.5,0.));
#13743=CARTESIAN_POINT('',(0.,0.,0.));
#13744=CARTESIAN_POINT('',(16.65,0.,6.3));
#13745=CARTESIAN_POINT('',(-16.65,0.,6.3));
#13746=CARTESIAN_POINT('',(-3.70074341541714E-16,0.4,6.3));
#13747=CARTESIAN_POINT('',(6.86,5.5,6.30000000000001));
#13748=CARTESIAN_POINT('',(-6.86,5.5,6.29999999999999));
#13749=CARTESIAN_POINT('',(-1.385,5.5,7.72));
#13750=CARTESIAN_POINT('',(1.385,5.5,7.72));
#13751=CARTESIAN_POINT('',(-2.77,5.5,4.87999999999999));
#13752=CARTESIAN_POINT('',(9.71615648357745E-16,5.5,4.88));
#13753=CARTESIAN_POINT('',(2.77,5.5,4.88));
#13754=UNCERTAINTY_MEASURE_WITH_UNIT(LENGTH_MEASURE(0.01),#13770,
'DISTANCE_ACCURACY_VALUE',
'Maximum model space distance between geometric entities at asserted c
onnectivities');
#13755=UNCERTAINTY_MEASURE_WITH_UNIT(LENGTH_MEASURE(0.01),#13770,
'DISTANCE_ACCURACY_VALUE',
'Maximum model space distance between geometric entities at asserted c
onnectivities');
#13756=UNCERTAINTY_MEASURE_WITH_UNIT(LENGTH_MEASURE(0.01),#13770,
'DISTANCE_ACCURACY_VALUE',
'Maximum model space distance between geometric entities at asserted c
onnectivities');
#13757=UNCERTAINTY_MEASURE_WITH_UNIT(LENGTH_MEASURE(0.01),#13770,
'DISTANCE_ACCURACY_VALUE',
'Maximum model space distance between geometric entities at asserted c
onnectivities');
#13758=UNCERTAINTY_MEASURE_WITH_UNIT(LENGTH_MEASURE(0.01),#13770,
'DISTANCE_ACCURACY_VALUE',
'Maximum model space distance between geometric entities at asserted c
onnectivities');
#13759=UNCERTAINTY_MEASURE_WITH_UNIT(LENGTH_MEASURE(0.01),#13770,
'DISTANCE_ACCURACY_VALUE',
'Maximum model space distance between geometric entities at asserted c
onnectivities');
#13760=UNCERTAINTY_MEASURE_WITH_UNIT(LENGTH_MEASURE(0.01),#13770,
'DISTANCE_ACCURACY_VALUE',
'Maximum model space distance between geometric entities at asserted c
onnectivities');
#13761=UNCERTAINTY_MEASURE_WITH_UNIT(LENGTH_MEASURE(0.01),#13770,
'DISTANCE_ACCURACY_VALUE',
'Maximum model space distance between geometric entities at asserted c
onnectivities');
#13762=(
GEOMETRIC_REPRESENTATION_CONTEXT(3)
GLOBAL_UNCERTAINTY_ASSIGNED_CONTEXT((#13754))
GLOBAL_UNIT_ASSIGNED_CONTEXT((#13770,#13772,#13773))
REPRESENTATION_CONTEXT('','3D')
);
#13763=(
GEOMETRIC_REPRESENTATION_CONTEXT(3)
GLOBAL_UNCERTAINTY_ASSIGNED_CONTEXT((#13755))
GLOBAL_UNIT_ASSIGNED_CONTEXT((#13770,#13772,#13773))
REPRESENTATION_CONTEXT('','3D')
);
#13764=(
GEOMETRIC_REPRESENTATION_CONTEXT(3)
GLOBAL_UNCERTAINTY_ASSIGNED_CONTEXT((#13756))
GLOBAL_UNIT_ASSIGNED_CONTEXT((#13770,#13772,#13773))
REPRESENTATION_CONTEXT('','3D')
);
#13765=(
GEOMETRIC_REPRESENTATION_CONTEXT(3)
GLOBAL_UNCERTAINTY_ASSIGNED_CONTEXT((#13757))
GLOBAL_UNIT_ASSIGNED_CONTEXT((#13770,#13772,#13773))
REPRESENTATION_CONTEXT('','3D')
);
#13766=(
GEOMETRIC_REPRESENTATION_CONTEXT(3)
GLOBAL_UNCERTAINTY_ASSIGNED_CONTEXT((#13758))
GLOBAL_UNIT_ASSIGNED_CONTEXT((#13770,#13772,#13773))
REPRESENTATION_CONTEXT('','3D')
);
#13767=(
GEOMETRIC_REPRESENTATION_CONTEXT(3)
GLOBAL_UNCERTAINTY_ASSIGNED_CONTEXT((#13759))
GLOBAL_UNIT_ASSIGNED_CONTEXT((#13770,#13772,#13773))
REPRESENTATION_CONTEXT('','3D')
);
#13768=(
GEOMETRIC_REPRESENTATION_CONTEXT(3)
GLOBAL_UNCERTAINTY_ASSIGNED_CONTEXT((#13760))
GLOBAL_UNIT_ASSIGNED_CONTEXT((#13770,#13772,#13773))
REPRESENTATION_CONTEXT('','3D')
);
#13769=(
GEOMETRIC_REPRESENTATION_CONTEXT(3)
GLOBAL_UNCERTAINTY_ASSIGNED_CONTEXT((#13761))
GLOBAL_UNIT_ASSIGNED_CONTEXT((#13770,#13772,#13773))
REPRESENTATION_CONTEXT('','3D')
);
#13770=(
LENGTH_UNIT()
NAMED_UNIT(*)
SI_UNIT(.MILLI.,.METRE.)
);
#13771=(
LENGTH_UNIT()
NAMED_UNIT(*)
SI_UNIT(.CENTI.,.METRE.)
);
#13772=(
NAMED_UNIT(*)
PLANE_ANGLE_UNIT()
SI_UNIT($,.RADIAN.)
);
#13773=(
NAMED_UNIT(*)
SI_UNIT($,.STERADIAN.)
SOLID_ANGLE_UNIT()
);
#13774=SHAPE_DEFINITION_REPRESENTATION(#13781,#13799);
#13775=SHAPE_DEFINITION_REPRESENTATION(#13782,#13800);
#13776=SHAPE_DEFINITION_REPRESENTATION(#13783,#13801);
#13777=SHAPE_DEFINITION_REPRESENTATION(#13784,#13802);
#13778=SHAPE_DEFINITION_REPRESENTATION(#13785,#13803);
#13779=SHAPE_DEFINITION_REPRESENTATION(#13786,#13804);
#13780=SHAPE_DEFINITION_REPRESENTATION(#13787,#13805);
#13781=PRODUCT_DEFINITION_SHAPE('',$,#13807);
#13782=PRODUCT_DEFINITION_SHAPE('',$,#13808);
#13783=PRODUCT_DEFINITION_SHAPE('',$,#13809);
#13784=PRODUCT_DEFINITION_SHAPE('',$,#13810);
#13785=PRODUCT_DEFINITION_SHAPE('',$,#13811);
#13786=PRODUCT_DEFINITION_SHAPE('',$,#13812);
#13787=PRODUCT_DEFINITION_SHAPE('',$,#13813);
#13788=PRODUCT_DEFINITION_SHAPE($,$,#44);
#13789=PRODUCT_DEFINITION_SHAPE($,$,#45);
#13790=PRODUCT_DEFINITION_SHAPE($,$,#46);
#13791=PRODUCT_DEFINITION_SHAPE($,$,#47);
#13792=PRODUCT_DEFINITION_SHAPE($,$,#48);
#13793=PRODUCT_DEFINITION_SHAPE($,$,#49);
#13794=PRODUCT_DEFINITION_SHAPE($,$,#50);
#13795=PRODUCT_DEFINITION_SHAPE($,$,#51);
#13796=PRODUCT_DEFINITION_SHAPE($,$,#52);
#13797=PRODUCT_DEFINITION_SHAPE($,$,#53);
#13798=PRODUCT_DEFINITION_SHAPE($,$,#54);
#13799=SHAPE_REPRESENTATION('',(#7641,#8518,#8519,#8520,#8521,#8522,#8523,
#8524,#8525,#8526,#8527,#8528),#13762);
#13800=SHAPE_REPRESENTATION('',(#7642),#13763);
#13801=SHAPE_REPRESENTATION('',(#7998),#13764);
#13802=SHAPE_REPRESENTATION('',(#8034),#13765);
#13803=SHAPE_REPRESENTATION('',(#8296),#13766);
#13804=SHAPE_REPRESENTATION('',(#8374),#13767);
#13805=SHAPE_REPRESENTATION('',(#8446),#13768);
#13806=PRODUCT_DEFINITION_CONTEXT('part definition',#13829,'design');
#13807=PRODUCT_DEFINITION('DSUB7W2SF','DSUB7W2SF',#13814,#13806);
#13808=PRODUCT_DEFINITION('DSUB7W2SF.0001','DSUB7W2SF.0001',#13815,#13806);
#13809=PRODUCT_DEFINITION('DSUB7W2SF.4-40','DSUB7W2SF.4-40',#13816,#13806);
#13810=PRODUCT_DEFINITION('DSUB7W2SF.0002','DSUB7W2SF.0002',#13817,#13806);
#13811=PRODUCT_DEFINITION('DSUB7W2SF.CN-B','DSUB7W2SF.CN-B',#13818,#13806);
#13812=PRODUCT_DEFINITION('DSUB7W2SF.CN-H','DSUB7W2SF.CN-H',#13819,#13806);
#13813=PRODUCT_DEFINITION('DSUB7W2SF.CN-L','DSUB7W2SF.CN-L',#13820,#13806);
#13814=PRODUCT_DEFINITION_FORMATION('',$,#13831);
#13815=PRODUCT_DEFINITION_FORMATION('',$,#13832);
#13816=PRODUCT_DEFINITION_FORMATION('',$,#13833);
#13817=PRODUCT_DEFINITION_FORMATION('',$,#13834);
#13818=PRODUCT_DEFINITION_FORMATION('',$,#13835);
#13819=PRODUCT_DEFINITION_FORMATION('',$,#13836);
#13820=PRODUCT_DEFINITION_FORMATION('',$,#13837);
#13821=PRODUCT_RELATED_PRODUCT_CATEGORY('DSUB7W2SF','DSUB7W2SF',(#13831));
#13822=PRODUCT_RELATED_PRODUCT_CATEGORY('DSUB7W2SF.0001',
'DSUB7W2SF.0001',(#13832));
#13823=PRODUCT_RELATED_PRODUCT_CATEGORY('DSUB7W2SF.4-40',
'DSUB7W2SF.4-40',(#13833));
#13824=PRODUCT_RELATED_PRODUCT_CATEGORY('DSUB7W2SF.0002',
'DSUB7W2SF.0002',(#13834));
#13825=PRODUCT_RELATED_PRODUCT_CATEGORY('DSUB7W2SF.CN-B',
'DSUB7W2SF.CN-B',(#13835));
#13826=PRODUCT_RELATED_PRODUCT_CATEGORY('DSUB7W2SF.CN-H',
'DSUB7W2SF.CN-H',(#13836));
#13827=PRODUCT_RELATED_PRODUCT_CATEGORY('DSUB7W2SF.CN-L',
'DSUB7W2SF.CN-L',(#13837));
#13828=APPLICATION_PROTOCOL_DEFINITION('international standard',
'automotive_design',2009,#13829);
#13829=APPLICATION_CONTEXT(
'Core Data for Automotive Mechanical Design Process');
#13830=PRODUCT_CONTEXT('part definition',#13829,'mechanical');
#13831=PRODUCT('DSUB7W2SF','DSUB7W2SF',$,(#13830));
#13832=PRODUCT('DSUB7W2SF.0001','DSUB7W2SF.0001',$,(#13830));
#13833=PRODUCT('DSUB7W2SF.4-40','DSUB7W2SF.4-40',$,(#13830));
#13834=PRODUCT('DSUB7W2SF.0002','DSUB7W2SF.0002',$,(#13830));
#13835=PRODUCT('DSUB7W2SF.CN-B','DSUB7W2SF.CN-B',$,(#13830));
#13836=PRODUCT('DSUB7W2SF.CN-H','DSUB7W2SF.CN-H',$,(#13830));
#13837=PRODUCT('DSUB7W2SF.CN-L','DSUB7W2SF.CN-L',$,(#13830));
ENDSEC;
END-ISO-10303-21;
